amfi_code,date,nav,daily_return,scheme,rolling_sharpe
119551,2022-01-03,54.3856,,SBI Bluechip Fund - Regular Plan - Growth,
119551,2022-01-04,54.3474,-0.0007023918095966,SBI Bluechip Fund - Regular Plan - Growth,
119551,2022-01-05,54.6869,0.006246848975296,SBI Bluechip Fund - Regular Plan - Growth,
119551,2022-01-06,55.455,0.0140454112410832,SBI Bluechip Fund - Regular Plan - Growth,
119551,2022-01-07,55.3692,-0.0015472004327833,SBI Bluechip Fund - Regular Plan - Growth,
119551,2022-01-10,55.2835,-0.0015477919131936,SBI Bluechip Fund - Regular Plan - Growth,
119551,2022-01-11,56.0878,0.0145486447131604,SBI Bluechip Fund - Regular Plan - Growth,
119551,2022-01-12,56.4978,0.007309967586534,SBI Bluechip Fund - Regular Plan - Growth,
119551,2022-01-13,56.2934,-0.0036178399866897,SBI Bluechip Fund - Regular Plan - Growth,
119551,2022-01-14,56.5926,0.0053150102853976,SBI Bluechip Fund - Regular Plan - Growth,
119551,2022-01-17,56.3908,-0.0035658372296024,SBI Bluechip Fund - Regular Plan - Growth,
119551,2022-01-18,56.1887,-0.0035839179440618,SBI Bluechip Fund - Regular Plan - Growth,
119551,2022-01-19,56.3378,0.0026535584557036,SBI Bluechip Fund - Regular Plan - Growth,
119551,2022-01-20,55.4237,-0.0162253407126299,SBI Bluechip Fund - Regular Plan - Growth,
119551,2022-01-21,54.6151,-0.0145894265449617,SBI Bluechip Fund - Regular Plan - Growth,
119551,2022-01-24,54.373,-0.0044328400021239,SBI Bluechip Fund - Regular Plan - Growth,
119551,2022-01-25,53.9173,-0.0083809979217626,SBI Bluechip Fund - Regular Plan - Growth,
119551,2022-01-26,54.0948,0.0032920787947468,SBI Bluechip Fund - Regular Plan - Growth,
119551,2022-01-27,53.6911,-0.0074628245228747,SBI Bluechip Fund - Regular Plan - Growth,
119551,2022-01-28,53.0538,-0.0118697512250632,SBI Bluechip Fund - Regular Plan - Growth,
119551,2022-01-31,53.7718,0.0135334321009992,SBI Bluechip Fund - Regular Plan - Growth,
119551,2022-02-01,53.6925,-0.0014747507057601,SBI Bluechip Fund - Regular Plan - Growth,
119551,2022-02-02,53.7522,0.0011118871350748,SBI Bluechip Fund - Regular Plan - Growth,
119551,2022-02-03,53.1084,-0.0119771841896703,SBI Bluechip Fund - Regular Plan - Growth,
119551,2022-02-04,52.8813,-0.0042761597035497,SBI Bluechip Fund - Regular Plan - Growth,
119551,2022-02-07,52.9604,0.0014958028641502,SBI Bluechip Fund - Regular Plan - Growth,
119551,2022-02-08,52.4526,-0.0095882961609051,SBI Bluechip Fund - Regular Plan - Growth,
119551,2022-02-09,52.6538,0.0038358441716903,SBI Bluechip Fund - Regular Plan - Growth,
119551,2022-02-10,52.4027,-0.0047688865760874,SBI Bluechip Fund - Regular Plan - Growth,
119551,2022-02-11,52.295,-0.0020552376118024,SBI Bluechip Fund - Regular Plan - Growth,
119551,2022-02-14,52.0451,-0.0047786595276795,SBI Bluechip Fund - Regular Plan - Growth,
119551,2022-02-15,52.9295,0.0169929541878102,SBI Bluechip Fund - Regular Plan - Growth,
119551,2022-02-16,52.9506,0.0003986434785894,SBI Bluechip Fund - Regular Plan - Growth,
119551,2022-02-17,52.486,-0.0087742159673356,SBI Bluechip Fund - Regular Plan - Growth,
119551,2022-02-18,52.8954,0.007800175284838,SBI Bluechip Fund - Regular Plan - Growth,
119551,2022-02-21,52.3559,-0.0101993746148059,SBI Bluechip Fund - Regular Plan - Growth,
119551,2022-02-22,52.4795,0.0023607654533681,SBI Bluechip Fund - Regular Plan - Growth,
119551,2022-02-23,51.607,-0.0166255394963747,SBI Bluechip Fund - Regular Plan - Growth,
119551,2022-02-24,51.0323,-0.0111360861898579,SBI Bluechip Fund - Regular Plan - Growth,
119551,2022-02-25,51.1474,0.0022554343033724,SBI Bluechip Fund - Regular Plan - Growth,
119551,2022-02-28,51.5081,0.0070521668745626,SBI Bluechip Fund - Regular Plan - Growth,
119551,2022-03-01,51.6126,0.002028807119657,SBI Bluechip Fund - Regular Plan - Growth,
119551,2022-03-02,51.5866,-0.0005037529595487,SBI Bluechip Fund - Regular Plan - Growth,
119551,2022-03-03,51.4764,-0.0021362136678905,SBI Bluechip Fund - Regular Plan - Growth,
119551,2022-03-04,50.8357,-0.0124464803288496,SBI Bluechip Fund - Regular Plan - Growth,
119551,2022-03-07,50.5401,-0.0058148112448535,SBI Bluechip Fund - Regular Plan - Growth,
119551,2022-03-08,50.3612,-0.0035397634749437,SBI Bluechip Fund - Regular Plan - Growth,
119551,2022-03-09,50.8591,0.00988657935077,SBI Bluechip Fund - Regular Plan - Growth,
119551,2022-03-10,51.0398,0.0035529531588252,SBI Bluechip Fund - Regular Plan - Growth,
119551,2022-03-11,50.2783,-0.014919729309284,SBI Bluechip Fund - Regular Plan - Growth,
119551,2022-03-14,50.4482,0.0033791914205532,SBI Bluechip Fund - Regular Plan - Growth,
119551,2022-03-15,50.3031,-0.002876217585563,SBI Bluechip Fund - Regular Plan - Growth,
119551,2022-03-16,50.0295,-0.0054390286085748,SBI Bluechip Fund - Regular Plan - Growth,
119551,2022-03-17,50.3261,0.0059285021837116,SBI Bluechip Fund - Regular Plan - Growth,
119551,2022-03-18,50.8119,0.0096530428545029,SBI Bluechip Fund - Regular Plan - Growth,
119551,2022-03-21,51.2574,0.0087676312045013,SBI Bluechip Fund - Regular Plan - Growth,
119551,2022-03-22,50.9057,-0.0068614482981967,SBI Bluechip Fund - Regular Plan - Growth,
119551,2022-03-23,50.7933,-0.002208004211709,SBI Bluechip Fund - Regular Plan - Growth,
119551,2022-03-24,50.9682,0.003443367530757,SBI Bluechip Fund - Regular Plan - Growth,
119551,2022-03-25,51.4351,0.0091606138729638,SBI Bluechip Fund - Regular Plan - Growth,
119551,2022-03-28,51.2446,-0.0037036965029717,SBI Bluechip Fund - Regular Plan - Growth,
119551,2022-03-29,51.1872,-0.0011201180221915,SBI Bluechip Fund - Regular Plan - Growth,
119551,2022-03-30,50.7163,-0.0091995655163791,SBI Bluechip Fund - Regular Plan - Growth,
119551,2022-03-31,50.21,-0.0099829837744471,SBI Bluechip Fund - Regular Plan - Growth,
119551,2022-04-01,50.5972,0.0077116112328221,SBI Bluechip Fund - Regular Plan - Growth,
119551,2022-04-04,51.2324,0.0125540543745503,SBI Bluechip Fund - Regular Plan - Growth,
119551,2022-04-05,51.2263,-0.000119065279003,SBI Bluechip Fund - Regular Plan - Growth,
119551,2022-04-06,51.7084,0.0094111813658217,SBI Bluechip Fund - Regular Plan - Growth,
119551,2022-04-07,51.9003,0.0037111958598603,SBI Bluechip Fund - Regular Plan - Growth,
119551,2022-04-08,51.6325,-0.0051598931027373,SBI Bluechip Fund - Regular Plan - Growth,
119551,2022-04-11,51.8241,0.0037108410400426,SBI Bluechip Fund - Regular Plan - Growth,
119551,2022-04-12,52.5589,0.014178731516804,SBI Bluechip Fund - Regular Plan - Growth,
119551,2022-04-13,52.5694,0.0001997758704996,SBI Bluechip Fund - Regular Plan - Growth,
119551,2022-04-14,53.3273,0.0144171324002175,SBI Bluechip Fund - Regular Plan - Growth,
119551,2022-04-15,52.1363,-0.0223337765084675,SBI Bluechip Fund - Regular Plan - Growth,
119551,2022-04-18,52.5427,0.0077949528447551,SBI Bluechip Fund - Regular Plan - Growth,
119551,2022-04-19,52.6102,0.0012846694212516,SBI Bluechip Fund - Regular Plan - Growth,
119551,2022-04-20,52.4987,-0.0021193608843912,SBI Bluechip Fund - Regular Plan - Growth,
119551,2022-04-21,52.5683,0.001325747113738,SBI Bluechip Fund - Regular Plan - Growth,
119551,2022-04-22,51.6815,-0.0168694821784231,SBI Bluechip Fund - Regular Plan - Growth,
119551,2022-04-25,51.6081,-0.0014202374157096,SBI Bluechip Fund - Regular Plan - Growth,
119551,2022-04-26,51.7976,0.0036719042165862,SBI Bluechip Fund - Regular Plan - Growth,
119551,2022-04-27,52.5042,0.0136415586822553,SBI Bluechip Fund - Regular Plan - Growth,
119551,2022-04-28,52.2918,-0.0040453906544618,SBI Bluechip Fund - Regular Plan - Growth,
119551,2022-04-29,51.947,-0.0065937680477626,SBI Bluechip Fund - Regular Plan - Growth,
119551,2022-05-02,51.7444,-0.0039001289776118,SBI Bluechip Fund - Regular Plan - Growth,
119551,2022-05-03,52.1907,0.0086250879322207,SBI Bluechip Fund - Regular Plan - Growth,
119551,2022-05-04,52.3692,0.0034201495668768,SBI Bluechip Fund - Regular Plan - Growth,
119551,2022-05-05,52.152,-0.0041474759973418,SBI Bluechip Fund - Regular Plan - Growth,
119551,2022-05-06,52.4157,0.0050563736769442,SBI Bluechip Fund - Regular Plan - Growth,
119551,2022-05-09,52.4876,0.0013717264102168,SBI Bluechip Fund - Regular Plan - Growth,-0.697479720978863
119551,2022-05-10,52.9653,0.0091011972351564,SBI Bluechip Fund - Regular Plan - Growth,-0.4835783118589516
119551,2022-05-11,52.6655,-0.0056603096744471,SBI Bluechip Fund - Regular Plan - Growth,-0.7381030707929971
119551,2022-05-12,52.5406,-0.002371571522154,SBI Bluechip Fund - Regular Plan - Growth,-1.1072449095430275
119551,2022-05-13,52.3863,-0.0029367765118784,SBI Bluechip Fund - Regular Plan - Growth,-1.1369506048501392
119551,2022-05-16,51.7412,-0.0123142882776603,SBI Bluechip Fund - Regular Plan - Growth,-1.3549885337995737
119551,2022-05-17,51.9032,0.0031309671982868,SBI Bluechip Fund - Regular Plan - Growth,-1.6298169577906374
119551,2022-05-18,52.0497,0.0028225620000308,SBI Bluechip Fund - Regular Plan - Growth,-1.7358237943969983
119551,2022-05-19,52.0789,0.0005610022728275,SBI Bluechip Fund - Regular Plan - Growth,-1.6449098876128518
119551,2022-05-20,51.9981,-0.0015514920630043,SBI Bluechip Fund - Regular Plan - Growth,-1.8016314409423584
119551,2022-05-23,51.3796,-0.0118946653820043,SBI Bluechip Fund - Regular Plan - Growth,-1.9657787500180453
119551,2022-05-24,51.2157,-0.0031899820162089,SBI Bluechip Fund - Regular Plan - Growth,-1.9575008326266057
119551,2022-05-25,51.0875,-0.0025031386859888,SBI Bluechip Fund - Regular Plan - Growth,-2.0720458604427754
119551,2022-05-26,50.7535,-0.0065378027893319,SBI Bluechip Fund - Regular Plan - Growth,-1.8935522663254147
119551,2022-05-27,50.7075,-0.0009063414345809,SBI Bluechip Fund - Regular Plan - Growth,-1.6167581581768882
119551,2022-05-30,50.9148,0.0040881526401419,SBI Bluechip Fund - Regular Plan - Growth,-1.422782499398598
119551,2022-05-31,51.7955,0.0172975244918962,SBI Bluechip Fund - Regular Plan - Growth,-0.8233056689146852
119551,2022-06-01,51.9021,0.0020580938498517,SBI Bluechip Fund - Regular Plan - Growth,-0.8511184711577227
119551,2022-06-02,52.047,0.0027917945516655,SBI Bluechip Fund - Regular Plan - Growth,-0.6268240420099932
119551,2022-06-03,52.0396,-0.0001421791841987,SBI Bluechip Fund - Regular Plan - Growth,-0.3713150189049867
119551,2022-06-06,51.1928,-0.0162722234605954,SBI Bluechip Fund - Regular Plan - Growth,-1.034429494035407
119551,2022-06-07,51.2073,0.0002832429560406,SBI Bluechip Fund - Regular Plan - Growth,-0.9952261500707716
119551,2022-06-08,51.2609,0.0010467257598039,SBI Bluechip Fund - Regular Plan - Growth,-0.9966987501952801
119551,2022-06-09,52.4137,0.0224888755367151,SBI Bluechip Fund - Regular Plan - Growth,-0.22004993961526853
119551,2022-06-10,52.3519,-0.0011790810417886,SBI Bluechip Fund - Regular Plan - Growth,-0.15340830009674958
119551,2022-06-13,52.5184,0.0031804003293098,SBI Bluechip Fund - Regular Plan - Growth,-0.11691535943159126
119551,2022-06-14,52.5294,0.0002094504021448,SBI Bluechip Fund - Regular Plan - Growth,0.09546141256892995
119551,2022-06-15,52.0176,-0.0097431152840123,SBI Bluechip Fund - Regular Plan - Growth,-0.19879721848233656
119551,2022-06-16,52.5716,0.0106502414567375,SBI Bluechip Fund - Regular Plan - Growth,0.13358369725581878
119551,2022-06-17,52.9487,0.0071730744356268,SBI Bluechip Fund - Regular Plan - Growth,0.3303732591980917
119551,2022-06-20,53.3469,0.0075204868108187,SBI Bluechip Fund - Regular Plan - Growth,0.5919520376110716
119551,2022-06-21,52.9481,-0.0074755983946583,SBI Bluechip Fund - Regular Plan - Growth,0.07137849002360715
119551,2022-06-22,53.6349,0.0129711925451527,SBI Bluechip Fund - Regular Plan - Growth,0.3398681199259294
119551,2022-06-23,53.0032,-0.0117777790207496,SBI Bluechip Fund - Regular Plan - Growth,0.27406913340214756
119551,2022-06-24,53.3057,0.005707202583995,SBI Bluechip Fund - Regular Plan - Growth,0.22996452439465506
119551,2022-06-27,54.3735,0.0200316288877173,SBI Bluechip Fund - Regular Plan - Growth,0.8565075547158519
119551,2022-06-28,53.9284,-0.00818597294638,SBI Bluechip Fund - Regular Plan - Growth,0.632661953863057
119551,2022-06-29,53.6874,-0.0044688883779234,SBI Bluechip Fund - Regular Plan - Growth,0.9042653733309577
119551,2022-06-30,53.7624,0.0013969758267302,SBI Bluechip Fund - Regular Plan - Growth,1.1834322725098116
119551,2022-07-01,53.5518,-0.0039172358376857,SBI Bluechip Fund - Regular Plan - Growth,1.0494206306899352
119551,2022-07-04,52.8517,-0.0130733233990266,SBI Bluechip Fund - Regular Plan - Growth,0.6110743232520801
119551,2022-07-05,52.9109,0.0011201153416067,SBI Bluechip Fund - Regular Plan - Growth,0.5919277612953329
119551,2022-07-06,52.4446,-0.0088129289050081,SBI Bluechip Fund - Regular Plan - Growth,0.41308014004210286
119551,2022-07-07,52.6913,0.0047040114711522,SBI Bluechip Fund - Regular Plan - Growth,0.5564819061093597
119551,2022-07-08,52.2927,-0.0075648162030542,SBI Bluechip Fund - Regular Plan - Growth,0.6645285188462973
119551,2022-07-11,53.0398,0.0142868889921536,SBI Bluechip Fund - Regular Plan - Growth,1.0775607637985565
119551,2022-07-12,52.7019,-0.0063706876722762,SBI Bluechip Fund - Regular Plan - Growth,1.0157526007761664
119551,2022-07-13,52.5795,-0.002322496911876,SBI Bluechip Fund - Regular Plan - Growth,0.7655301810110899
119551,2022-07-14,52.9854,0.0077197386814251,SBI Bluechip Fund - Regular Plan - Growth,0.8502155723657454
119551,2022-07-15,52.4404,-0.0102858523291322,SBI Bluechip Fund - Regular Plan - Growth,0.9565712257910614
119551,2022-07-18,52.5728,0.0025247709781008,SBI Bluechip Fund - Regular Plan - Growth,0.9388085015815204
119551,2022-07-19,53.2098,0.0121165317426501,SBI Bluechip Fund - Regular Plan - Growth,1.244043513142808
119551,2022-07-20,52.4879,-0.0135670496788184,SBI Bluechip Fund - Regular Plan - Growth,1.0598987362144048
119551,2022-07-21,52.6005,0.0021452563352695,SBI Bluechip Fund - Regular Plan - Growth,0.983611048509781
119551,2022-07-22,52.7484,0.0028117603444834,SBI Bluechip Fund - Regular Plan - Growth,0.8469185338449815
119551,2022-07-25,53.1408,0.0074390881998316,SBI Bluechip Fund - Regular Plan - Growth,0.8205109920175556
119551,2022-07-26,52.5914,-0.0103385722458073,SBI Bluechip Fund - Regular Plan - Growth,0.7441689100520019
119551,2022-07-27,52.0093,-0.0110683495780677,SBI Bluechip Fund - Regular Plan - Growth,0.5545635794510543
119551,2022-07-28,52.2762,0.0051317745095589,SBI Bluechip Fund - Regular Plan - Growth,0.5887368856763556
119551,2022-07-29,52.4404,0.0031410087190728,SBI Bluechip Fund - Regular Plan - Growth,0.46739883314601366
119551,2022-08-01,52.5835,0.0027288121372073,SBI Bluechip Fund - Regular Plan - Growth,0.6009479103478201
119551,2022-08-02,52.7716,0.0035771677427329,SBI Bluechip Fund - Regular Plan - Growth,0.6977615158192614
119551,2022-08-03,52.4831,-0.0054669557110264,SBI Bluechip Fund - Regular Plan - Growth,0.7784785140097719
119551,2022-08-04,52.6179,0.0025684458425663,SBI Bluechip Fund - Regular Plan - Growth,1.048005034599809
119551,2022-08-05,52.7813,0.003105407095304,SBI Bluechip Fund - Regular Plan - Growth,0.9548777731542666
119551,2022-08-08,52.4768,-0.0057690886734507,SBI Bluechip Fund - Regular Plan - Growth,0.574534528378015
119551,2022-08-09,53.375,0.0171161351301909,SBI Bluechip Fund - Regular Plan - Growth,0.9196105116334822
119551,2022-08-10,53.6262,0.0047063231850117,SBI Bluechip Fund - Regular Plan - Growth,0.8259620715652904
119551,2022-08-11,53.0931,-0.0099410362845027,SBI Bluechip Fund - Regular Plan - Growth,0.5372571669000892
119551,2022-08-12,53.429,0.0063266224801339,SBI Bluechip Fund - Regular Plan - Growth,0.7747178519426153
119551,2022-08-15,52.999,-0.0080480637855846,SBI Bluechip Fund - Regular Plan - Growth,0.5289824790583549
119551,2022-08-16,53.3957,0.007485046887677,SBI Bluechip Fund - Regular Plan - Growth,0.39542161223446703
119551,2022-08-17,53.9719,0.0107911311210453,SBI Bluechip Fund - Regular Plan - Growth,0.6107189465491166
119551,2022-08-18,53.6103,-0.0066997826646828,SBI Bluechip Fund - Regular Plan - Growth,0.17682420464169113
119551,2022-08-19,54.0957,0.00905423025053,SBI Bluechip Fund - Regular Plan - Growth,0.8627458650580624
119551,2022-08-22,54.321,0.0041648411980987,SBI Bluechip Fund - Regular Plan - Growth,0.7868460964589598
119551,2022-08-23,54.7445,0.0077962482281255,SBI Bluechip Fund - Regular Plan - Growth,0.9241073841807312
119551,2022-08-24,55.6967,0.0173935281169796,SBI Bluechip Fund - Regular Plan - Growth,1.3158482774560638
119551,2022-08-25,55.6049,-0.0016482125511924,SBI Bluechip Fund - Regular Plan - Growth,1.2524759021875567
119551,2022-08-26,55.265,-0.0061127706371201,SBI Bluechip Fund - Regular Plan - Growth,1.5121568584164722
119551,2022-08-29,54.8615,-0.0073011851985886,SBI Bluechip Fund - Regular Plan - Growth,1.3782121634288056
119551,2022-08-30,54.4963,-0.0066567629394019,SBI Bluechip Fund - Regular Plan - Growth,1.1520424691058033
119551,2022-08-31,54.4873,-0.0001651488266175,SBI Bluechip Fund - Regular Plan - Growth,0.8689215627114848
119551,2022-09-01,54.6797,0.0035310980723948,SBI Bluechip Fund - Regular Plan - Growth,1.034455263642838
119551,2022-09-02,54.8416,0.0029608794488631,SBI Bluechip Fund - Regular Plan - Growth,1.2470414133746304
119551,2022-09-05,55.2716,0.0078407632162444,SBI Bluechip Fund - Regular Plan - Growth,1.4994286615276697
119551,2022-09-06,55.3065,0.0006314273514789,SBI Bluechip Fund - Regular Plan - Growth,1.3325656499304392
119551,2022-09-07,56.0489,0.013423376999087,SBI Bluechip Fund - Regular Plan - Growth,1.5312469717932442
119551,2022-09-08,55.9471,-0.0018162711489432,SBI Bluechip Fund - Regular Plan - Growth,1.5839552285599865
119551,2022-09-09,57.3351,0.0248091500721217,SBI Bluechip Fund - Regular Plan - Growth,1.9233082735667306
119551,2022-09-12,57.6821,0.0060521390910628,SBI Bluechip Fund - Regular Plan - Growth,2.016262069679086
119551,2022-09-13,57.2772,-0.0070195086517307,SBI Bluechip Fund - Regular Plan - Growth,1.6836165296750243
119551,2022-09-14,56.7681,-0.0088883534809662,SBI Bluechip Fund - Regular Plan - Growth,1.6104406305699253
119551,2022-09-15,57.0396,0.0047826155886845,SBI Bluechip Fund - Regular Plan - Growth,1.7570022673498762
119551,2022-09-16,56.9566,-0.0014551294188598,SBI Bluechip Fund - Regular Plan - Growth,1.7887395488741298
119551,2022-09-19,57.346,0.0068367844990746,SBI Bluechip Fund - Regular Plan - Growth,2.2075136248185285
119551,2022-09-20,57.6156,0.0047012869249818,SBI Bluechip Fund - Regular Plan - Growth,2.2386879482026236
119551,2022-09-21,57.6083,-0.0001267017960413,SBI Bluechip Fund - Regular Plan - Growth,2.177532261576228
119551,2022-09-22,57.2092,-0.0069278211646585,SBI Bluechip Fund - Regular Plan - Growth,2.011700770523795
119551,2022-09-23,56.4791,-0.012761933395328,SBI Bluechip Fund - Regular Plan - Growth,1.7550545820360353
119551,2022-09-26,56.2861,-0.0034171932626405,SBI Bluechip Fund - Regular Plan - Growth,1.9496636380421224
119551,2022-09-27,56.7421,0.0081014673249701,SBI Bluechip Fund - Regular Plan - Growth,2.177564754661959
119551,2022-09-28,56.8787,0.0024073835829128,SBI Bluechip Fund - Regular Plan - Growth,2.280790782005362
119551,2022-09-29,56.2863,-0.0104151466190332,SBI Bluechip Fund - Regular Plan - Growth,2.188338527716109
119551,2022-09-30,56.4014,0.002044902578425,SBI Bluechip Fund - Regular Plan - Growth,2.249437122130063
119551,2022-10-03,56.6226,0.0039218884637615,SBI Bluechip Fund - Regular Plan - Growth,2.246187809907452
119551,2022-10-04,56.2119,-0.0072532875565586,SBI Bluechip Fund - Regular Plan - Growth,1.7692066992462454
119551,2022-10-05,56.3172,0.001873268827419,SBI Bluechip Fund - Regular Plan - Growth,1.7654142044109942
119551,2022-10-06,56.3752,0.0010298807469122,SBI Bluechip Fund - Regular Plan - Growth,1.7292286855822454
119551,2022-10-07,55.8386,-0.0095183697796193,SBI Bluechip Fund - Regular Plan - Growth,1.5214687270110092
119551,2022-10-10,56.044,0.0036784589871521,SBI Bluechip Fund - Regular Plan - Growth,1.9775112489206363
119551,2022-10-11,56.3509,0.0054760545285847,SBI Bluechip Fund - Regular Plan - Growth,2.0839770275039307
119551,2022-10-12,56.9211,0.0101187381213077,SBI Bluechip Fund - Regular Plan - Growth,2.2606474268434216
119551,2022-10-13,57.4822,0.0098575045106295,SBI Bluechip Fund - Regular Plan - Growth,2.059054193623965
119551,2022-10-14,56.8173,-0.0115670590200096,SBI Bluechip Fund - Regular Plan - Growth,1.8114058435215163
119551,2022-10-17,56.3784,-0.0077247598882734,SBI Bluechip Fund - Regular Plan - Growth,1.5699571033757846
119551,2022-10-18,56.6643,0.0050710910561491,SBI Bluechip Fund - Regular Plan - Growth,1.6707091587720595
119551,2022-10-19,56.951,0.0050596230783757,SBI Bluechip Fund - Regular Plan - Growth,2.000120498069456
119551,2022-10-20,57.2398,0.0050710259696933,SBI Bluechip Fund - Regular Plan - Growth,1.8929556263793808
119551,2022-10-21,59.2487,0.0350962092809548,SBI Bluechip Fund - Regular Plan - Growth,2.288871090396698
119551,2022-10-24,59.5784,0.0055646790562493,SBI Bluechip Fund - Regular Plan - Growth,2.253552738599337
119551,2022-10-25,60.2091,0.0105860513206128,SBI Bluechip Fund - Regular Plan - Growth,2.6091210773067597
119551,2022-10-26,60.7492,0.008970404805918,SBI Bluechip Fund - Regular Plan - Growth,2.543808996130197
119551,2022-10-27,61.1307,0.0062799180894561,SBI Bluechip Fund - Regular Plan - Growth,2.93471367147935
119551,2022-10-28,60.9924,-0.0022623657180433,SBI Bluechip Fund - Regular Plan - Growth,2.775187792142245
119551,2022-10-31,61.4337,0.0072353276801699,SBI Bluechip Fund - Regular Plan - Growth,2.577374653637127
119551,2022-11-01,61.0479,-0.0062799408142436,SBI Bluechip Fund - Regular Plan - Growth,2.6231354800964173
119551,2022-11-02,60.952,-0.0015708976066335,SBI Bluechip Fund - Regular Plan - Growth,2.6881557750843275
119551,2022-11-03,60.723,-0.003757054731592,SBI Bluechip Fund - Regular Plan - Growth,2.5764643945053947
119551,2022-11-04,60.7982,0.0012384104869653,SBI Bluechip Fund - Regular Plan - Growth,2.6885308378902746
119551,2022-11-07,62.0841,0.0211502972127464,SBI Bluechip Fund - Regular Plan - Growth,3.3529026655182164
119551,2022-11-08,61.1016,-0.0158253079290833,SBI Bluechip Fund - Regular Plan - Growth,2.9402316165666043
119551,2022-11-09,61.5042,0.0065890254919673,SBI Bluechip Fund - Regular Plan - Growth,3.267779114863418
119551,2022-11-10,60.6669,-0.0136137044299413,SBI Bluechip Fund - Regular Plan - Growth,2.8539119807523576
119551,2022-11-11,60.4461,-0.0036395464413048,SBI Bluechip Fund - Regular Plan - Growth,2.9431626120252954
119551,2022-11-14,61.0609,0.0101710449474821,SBI Bluechip Fund - Regular Plan - Growth,2.879475458974124
119551,2022-11-15,61.1271,0.0010841635154412,SBI Bluechip Fund - Regular Plan - Growth,3.04212945851671
119551,2022-11-16,60.5801,-0.0089485678201648,SBI Bluechip Fund - Regular Plan - Growth,2.889245524552089
119551,2022-11-17,60.2302,-0.0057758240742421,SBI Bluechip Fund - Regular Plan - Growth,2.6179051222566625
119551,2022-11-18,60.6235,0.006529946770889,SBI Bluechip Fund - Regular Plan - Growth,2.9766977421800886
119551,2022-11-21,60.2653,-0.0059085998004073,SBI Bluechip Fund - Regular Plan - Growth,2.796461770822072
119551,2022-11-22,60.4117,0.0024292586280993,SBI Bluechip Fund - Regular Plan - Growth,2.624312112992206
119551,2022-11-23,60.4671,0.0009170409043282,SBI Bluechip Fund - Regular Plan - Growth,2.9654770306766602
119551,2022-11-24,60.1517,-0.005216059642351,SBI Bluechip Fund - Regular Plan - Growth,2.805160436790943
119551,2022-11-25,61.3315,0.0196137432524765,SBI Bluechip Fund - Regular Plan - Growth,3.074274086038725
119551,2022-11-28,61.7071,0.0061240961006987,SBI Bluechip Fund - Regular Plan - Growth,3.051001490904357
119551,2022-11-29,60.6461,-0.0171941316315302,SBI Bluechip Fund - Regular Plan - Growth,2.871067940016741
119551,2022-11-30,60.7772,0.0021617218584542,SBI Bluechip Fund - Regular Plan - Growth,3.1670128990965445
119551,2022-12-01,60.4547,-0.0053062661656015,SBI Bluechip Fund - Regular Plan - Growth,2.9517508221809723
119551,2022-12-02,60.9424,0.0080671974222019,SBI Bluechip Fund - Regular Plan - Growth,3.041037395265675
119551,2022-12-05,60.5491,-0.0064536349077161,SBI Bluechip Fund - Regular Plan - Growth,2.8466493255145955
119551,2022-12-06,60.5191,-0.0004954656634037,SBI Bluechip Fund - Regular Plan - Growth,2.766471425974327
119551,2022-12-07,60.8206,0.0049818982767424,SBI Bluechip Fund - Regular Plan - Growth,2.9801109663006327
119551,2022-12-08,61.3184,0.0081847268852985,SBI Bluechip Fund - Regular Plan - Growth,3.08197769791706
119551,2022-12-09,60.704,-0.0100198309153531,SBI Bluechip Fund - Regular Plan - Growth,2.7976871010339406
119551,2022-12-12,60.5564,-0.0024314707432789,SBI Bluechip Fund - Regular Plan - Growth,2.8702321301427376
119551,2022-12-13,60.3344,-0.0036660039236149,SBI Bluechip Fund - Regular Plan - Growth,2.5018541633812776
119551,2022-12-14,60.0187,-0.0052325041767217,SBI Bluechip Fund - Regular Plan - Growth,2.2995157400142348
119551,2022-12-15,60.992,0.0162166124891074,SBI Bluechip Fund - Regular Plan - Growth,2.7995668160655915
119551,2022-12-16,61.2418,0.0040956190975864,SBI Bluechip Fund - Regular Plan - Growth,2.758826570066001
119551,2022-12-19,60.5958,-0.0105483509629044,SBI Bluechip Fund - Regular Plan - Growth,2.6993797200465646
119551,2022-12-20,61.1198,0.0086474640156579,SBI Bluechip Fund - Regular Plan - Growth,2.7193118719539786
119551,2022-12-21,62.3067,0.0194192389373002,SBI Bluechip Fund - Regular Plan - Growth,2.842766180999774
119551,2022-12-22,62.909,0.0096666971609795,SBI Bluechip Fund - Regular Plan - Growth,3.1600678779015654
119551,2022-12-23,62.1037,-0.0128010300592918,SBI Bluechip Fund - Regular Plan - Growth,2.7101096701473364
119551,2022-12-26,61.871,-0.0037469587158253,SBI Bluechip Fund - Regular Plan - Growth,2.5555178014570137
119551,2022-12-27,62.5984,0.0117567196263193,SBI Bluechip Fund - Regular Plan - Growth,2.6197986936108166
119551,2022-12-28,62.2411,-0.0057078136182393,SBI Bluechip Fund - Regular Plan - Growth,2.2108970993986254
119551,2022-12-29,62.5174,0.004439188896083,SBI Bluechip Fund - Regular Plan - Growth,2.327887895627195
119551,2022-12-30,62.9784,0.0073739470931293,SBI Bluechip Fund - Regular Plan - Growth,2.591109922566709
119551,2023-01-02,62.4979,-0.0076295999898378,SBI Bluechip Fund - Regular Plan - Growth,2.583761734050879
119551,2023-01-03,62.4974,-8.000268809094102e-06,SBI Bluechip Fund - Regular Plan - Growth,2.723660091344991
119551,2023-01-04,60.7675,-0.027679551469341,SBI Bluechip Fund - Regular Plan - Growth,2.076109067402662
119551,2023-01-05,60.2521,-0.0084815073847039,SBI Bluechip Fund - Regular Plan - Growth,1.8460736177339065
119551,2023-01-06,60.149,-0.0017111436779796,SBI Bluechip Fund - Regular Plan - Growth,1.7604202833205223
119551,2023-01-09,59.5214,-0.0104340886797785,SBI Bluechip Fund - Regular Plan - Growth,1.420255767037436
119551,2023-01-10,60.4157,0.0150248482058554,SBI Bluechip Fund - Regular Plan - Growth,1.6618911718079261
119551,2023-01-11,59.6893,-0.0120233647876296,SBI Bluechip Fund - Regular Plan - Growth,1.20499765073601
119551,2023-01-12,59.4887,-0.0033607363463803,SBI Bluechip Fund - Regular Plan - Growth,1.1766221852760457
119551,2023-01-13,59.5881,0.0016709055669394,SBI Bluechip Fund - Regular Plan - Growth,0.7894733289593163
119551,2023-01-16,60.3815,0.013314739016683,SBI Bluechip Fund - Regular Plan - Growth,0.9166203308235136
119551,2023-01-17,59.6525,-0.0120732343515811,SBI Bluechip Fund - Regular Plan - Growth,0.8185781347776445
119551,2023-01-18,60.2986,0.0108310632412722,SBI Bluechip Fund - Regular Plan - Growth,1.1780696381435067
119551,2023-01-19,60.3352,0.0006069792665168,SBI Bluechip Fund - Regular Plan - Growth,1.1029075264067527
119551,2023-01-20,59.8461,-0.0081063790291571,SBI Bluechip Fund - Regular Plan - Growth,0.9770523309534975
119551,2023-01-23,60.1215,0.0046018036263013,SBI Bluechip Fund - Regular Plan - Growth,0.9376520378625007
119551,2023-01-24,60.2582,0.0022737290320435,SBI Bluechip Fund - Regular Plan - Growth,0.8941593697853689
119551,2023-01-25,59.971,-0.0047661563073574,SBI Bluechip Fund - Regular Plan - Growth,0.8081705029774853
119551,2023-01-26,60.0389,0.0011322139033866,SBI Bluechip Fund - Regular Plan - Growth,0.9581792035627431
119551,2023-01-27,59.8661,-0.0028781340097835,SBI Bluechip Fund - Regular Plan - Growth,1.1504870722550826
119551,2023-01-30,59.9569,0.0015167181426549,SBI Bluechip Fund - Regular Plan - Growth,1.2428491576389613
119551,2023-01-31,60.3392,0.0063762469373833,SBI Bluechip Fund - Regular Plan - Growth,1.2126412767241785
119551,2023-02-01,61.2207,0.0146090766864659,SBI Bluechip Fund - Regular Plan - Growth,1.4220162166709978
119551,2023-02-02,60.5873,-0.0103461737614891,SBI Bluechip Fund - Regular Plan - Growth,1.4234116764351201
119551,2023-02-03,61.7697,0.0195156410666921,SBI Bluechip Fund - Regular Plan - Growth,1.7080278556261181
119551,2023-02-06,60.7467,-0.0165615180258282,SBI Bluechip Fund - Regular Plan - Growth,1.3181730999712373
119551,2023-02-07,60.6967,-0.0008230899785501,SBI Bluechip Fund - Regular Plan - Growth,1.4366208405189842
119551,2023-02-08,61.0439,0.0057202450874593,SBI Bluechip Fund - Regular Plan - Growth,1.5028016063987155
119551,2023-02-09,61.227,0.0029994807015933,SBI Bluechip Fund - Regular Plan - Growth,1.5372410773922567
119551,2023-02-10,60.9231,-0.0049634964966436,SBI Bluechip Fund - Regular Plan - Growth,1.624582674702951
119551,2023-02-13,60.8427,-0.0013196964698118,SBI Bluechip Fund - Regular Plan - Growth,1.536081002864082
119551,2023-02-14,60.61,-0.0038246165932807,SBI Bluechip Fund - Regular Plan - Growth,1.370946933550334
119551,2023-02-15,60.3269,-0.0046708463949842,SBI Bluechip Fund - Regular Plan - Growth,1.112222367177637
119551,2023-02-16,60.812,0.0080411889223546,SBI Bluechip Fund - Regular Plan - Growth,1.0817539450558409
119551,2023-02-17,61.0353,0.0036719726369796,SBI Bluechip Fund - Regular Plan - Growth,1.3647391300073441
119551,2023-02-20,60.6947,-0.0055803772570954,SBI Bluechip Fund - Regular Plan - Growth,1.4059354175641035
119551,2023-02-21,61.2097,0.0084850901314283,SBI Bluechip Fund - Regular Plan - Growth,1.4639815395934972
119551,2023-02-22,61.4075,0.0032315139593888,SBI Bluechip Fund - Regular Plan - Growth,1.4321240467119778
119551,2023-02-23,61.8812,0.0077140414444489,SBI Bluechip Fund - Regular Plan - Growth,1.4771484969768
119551,2023-02-24,62.2579,0.0060874708312055,SBI Bluechip Fund - Regular Plan - Growth,1.0277047734137224
119551,2023-02-27,61.8363,-0.0067718313659792,SBI Bluechip Fund - Regular Plan - Growth,0.7882611978679879
119551,2023-02-28,61.5633,-0.0044148825204612,SBI Bluechip Fund - Regular Plan - Growth,0.5021761728626242
119551,2023-03-01,62.0024,0.0071324961462431,SBI Bluechip Fund - Regular Plan - Growth,0.46749934453284375
119551,2023-03-02,62.3692,0.0059159000296762,SBI Bluechip Fund - Regular Plan - Growth,0.46057119650289957
119551,2023-03-03,62.3899,0.0003318945889958,SBI Bluechip Fund - Regular Plan - Growth,0.5111321036715133
119551,2023-03-06,62.4867,0.0015515331808513,SBI Bluechip Fund - Regular Plan - Growth,0.4020877922700144
119551,2023-03-07,63.2274,0.0118537224721422,SBI Bluechip Fund - Regular Plan - Growth,0.7506556464862784
119551,2023-03-08,62.9308,-0.0046910042165264,SBI Bluechip Fund - Regular Plan - Growth,0.6892315744265151
119551,2023-03-09,63.2678,0.0053550884463569,SBI Bluechip Fund - Regular Plan - Growth,0.8649704220151913
119551,2023-03-10,63.1877,-0.0012660468674429,SBI Bluechip Fund - Regular Plan - Growth,0.8164498624499497
119551,2023-03-13,63.099,-0.0014037542116582,SBI Bluechip Fund - Regular Plan - Growth,0.39233348186108696
119551,2023-03-14,63.7463,0.0102584827017861,SBI Bluechip Fund - Regular Plan - Growth,0.9223108684871657
119551,2023-03-15,64.2452,0.0078263365873783,SBI Bluechip Fund - Regular Plan - Growth,0.9460817444265224
119551,2023-03-16,64.7412,0.0077204211365209,SBI Bluechip Fund - Regular Plan - Growth,1.390841551634709
119551,2023-03-17,65.5247,0.0121020308551584,SBI Bluechip Fund - Regular Plan - Growth,1.6976081282578908
119551,2023-03-20,65.5706,0.0007004992010646,SBI Bluechip Fund - Regular Plan - Growth,1.5161155850491923
119551,2023-03-21,66.0002,0.0065517167755062,SBI Bluechip Fund - Regular Plan - Growth,1.6232657404114936
119551,2023-03-22,65.8538,-0.002218175096439,SBI Bluechip Fund - Regular Plan - Growth,1.7711933060693112
119551,2023-03-23,66.0764,0.0033802149610198,SBI Bluechip Fund - Regular Plan - Growth,1.9639322359871223
119551,2023-03-24,66.0347,-0.0006310876500537,SBI Bluechip Fund - Regular Plan - Growth,1.821220974760942
119551,2023-03-27,66.1253,0.0013720059302153,SBI Bluechip Fund - Regular Plan - Growth,1.9777005579085003
119551,2023-03-28,66.5076,0.0057814482505182,SBI Bluechip Fund - Regular Plan - Growth,2.0435172549603147
119551,2023-03-29,66.0635,-0.0066774323535955,SBI Bluechip Fund - Regular Plan - Growth,1.8789328771142473
119551,2023-03-30,67.3286,0.0191497574303509,SBI Bluechip Fund - Regular Plan - Growth,2.327984666942372
119551,2023-03-31,66.7683,-0.0083218721316052,SBI Bluechip Fund - Regular Plan - Growth,1.8016831044963906
119551,2023-04-03,66.0912,-0.0101410399845435,SBI Bluechip Fund - Regular Plan - Growth,1.4595048704532456
119551,2023-04-04,66.8042,0.0107881230784128,SBI Bluechip Fund - Regular Plan - Growth,2.0623295793437886
119551,2023-04-05,67.3069,0.0075249759745645,SBI Bluechip Fund - Regular Plan - Growth,2.1663212904736566
119551,2023-04-06,67.7134,0.0060394996649673,SBI Bluechip Fund - Regular Plan - Growth,2.4031646117010745
119551,2023-04-07,68.1248,0.006075606896124,SBI Bluechip Fund - Regular Plan - Growth,2.366339883714982
119551,2023-04-10,68.1526,0.0004080745925127,SBI Bluechip Fund - Regular Plan - Growth,2.5193967907661774
119551,2023-04-11,67.6503,-0.0073702250537764,SBI Bluechip Fund - Regular Plan - Growth,2.3637796399630058
119551,2023-04-12,67.7305,0.001185508416075,SBI Bluechip Fund - Regular Plan - Growth,2.287997073127674
119551,2023-04-13,67.3619,-0.0054421567831332,SBI Bluechip Fund - Regular Plan - Growth,2.0078299386239578
119551,2023-04-14,67.9788,0.0091579958403786,SBI Bluechip Fund - Regular Plan - Growth,2.4151272891104747
119551,2023-04-17,67.9257,-0.0007811258804215,SBI Bluechip Fund - Regular Plan - Growth,2.4511746993322205
119551,2023-04-18,67.4678,-0.0067411892700407,SBI Bluechip Fund - Regular Plan - Growth,2.379979497503111
119551,2023-04-19,67.3115,-0.0023166606885062,SBI Bluechip Fund - Regular Plan - Growth,2.445889524713803
119551,2023-04-20,67.592,0.0041671928273772,SBI Bluechip Fund - Regular Plan - Growth,2.2337749684888477
119551,2023-04-21,67.2915,-0.0044457924014675,SBI Bluechip Fund - Regular Plan - Growth,2.0499771881570106
119551,2023-04-24,66.8398,-0.0067125862850434,SBI Bluechip Fund - Regular Plan - Growth,2.1435743744647078
119551,2023-04-25,67.0181,0.0026675723146989,SBI Bluechip Fund - Regular Plan - Growth,2.0259096573315873
119551,2023-04-26,67.1977,0.002679873049221,SBI Bluechip Fund - Regular Plan - Growth,1.7178825046182962
119551,2023-04-27,66.9325,-0.0039465636472675,SBI Bluechip Fund - Regular Plan - Growth,1.426903965008257
119551,2023-04-28,66.6894,-0.003632017330893,SBI Bluechip Fund - Regular Plan - Growth,1.652515346547202
119551,2023-05-01,66.8605,0.0025656251218333,SBI Bluechip Fund - Regular Plan - Growth,1.796343325837742
119551,2023-05-02,66.0461,-0.0121805849492601,SBI Bluechip Fund - Regular Plan - Growth,1.2560172569889811
119551,2023-05-03,65.265,-0.0118265877924661,SBI Bluechip Fund - Regular Plan - Growth,1.1085131694883477
119551,2023-05-04,64.8863,-0.0058024975101508,SBI Bluechip Fund - Regular Plan - Growth,0.8809687689304917
119551,2023-05-05,64.7977,-0.001365465437234,SBI Bluechip Fund - Regular Plan - Growth,0.691562965650123
119551,2023-05-08,65.0091,0.0032624614762559,SBI Bluechip Fund - Regular Plan - Growth,0.9366840069301989
119551,2023-05-09,65.8945,0.0136196317130985,SBI Bluechip Fund - Regular Plan - Growth,1.2206584329397578
119551,2023-05-10,66.4291,0.0081129684571552,SBI Bluechip Fund - Regular Plan - Growth,2.148622656013833
119551,2023-05-11,66.3697,-0.0008941864333553,SBI Bluechip Fund - Regular Plan - Growth,2.3469319007487948
119551,2023-05-12,66.3928,0.0003480503904642,SBI Bluechip Fund - Regular Plan - Growth,2.3974284308853973
119551,2023-05-15,65.8423,-0.0082915617356098,SBI Bluechip Fund - Regular Plan - Growth,2.4593632784549677
119551,2023-05-16,65.8655,0.0003523570713659,SBI Bluechip Fund - Regular Plan - Growth,2.153627021492883
119551,2023-05-17,65.732,-0.0020268577631687,SBI Bluechip Fund - Regular Plan - Growth,2.4383672567025294
119551,2023-05-18,65.9533,0.0033667011501248,SBI Bluechip Fund - Regular Plan - Growth,2.6088577208918613
119551,2023-05-19,65.5077,-0.0067562957425936,SBI Bluechip Fund - Regular Plan - Growth,2.384197489668853
119551,2023-05-22,65.8424,0.005109323026148,SBI Bluechip Fund - Regular Plan - Growth,2.215266857748613
119551,2023-05-23,66.7729,0.0141322309028832,SBI Bluechip Fund - Regular Plan - Growth,2.8704101903039723
119551,2023-05-24,66.7433,-0.0004432936116298,SBI Bluechip Fund - Regular Plan - Growth,2.6156345727053254
119551,2023-05-25,67.0147,0.0040663257585404,SBI Bluechip Fund - Regular Plan - Growth,2.700330614097631
119551,2023-05-26,67.4587,0.0066254120364634,SBI Bluechip Fund - Regular Plan - Growth,3.0923731721789824
119551,2023-05-29,67.2551,-0.0030181429526509,SBI Bluechip Fund - Regular Plan - Growth,2.8965096374556745
119551,2023-05-30,67.4229,0.0024949780760121,SBI Bluechip Fund - Regular Plan - Growth,2.901948459050312
119551,2023-05-31,67.4652,0.0006273832777883,SBI Bluechip Fund - Regular Plan - Growth,3.0514490995009735
119551,2023-06-01,67.5582,0.0013784884651644,SBI Bluechip Fund - Regular Plan - Growth,3.057727351233907
119551,2023-06-02,67.1338,-0.0062819909352233,SBI Bluechip Fund - Regular Plan - Growth,2.957306478637288
119551,2023-06-05,67.1829,0.0007313752535982,SBI Bluechip Fund - Regular Plan - Growth,2.9373325815995486
119551,2023-06-06,67.5135,0.0049208950491865,SBI Bluechip Fund - Regular Plan - Growth,2.9047641948257303
119551,2023-06-07,68.4183,0.0134017640916261,SBI Bluechip Fund - Regular Plan - Growth,2.884471648072802
119551,2023-06-08,69.0352,0.0090165935137236,SBI Bluechip Fund - Regular Plan - Growth,3.408676787733632
119551,2023-06-09,70.395,0.0196971979511899,SBI Bluechip Fund - Regular Plan - Growth,3.410666192133384
119551,2023-06-12,69.9563,-0.0062319767028907,SBI Bluechip Fund - Regular Plan - Growth,3.7984084250614605
119551,2023-06-13,70.5329,0.0082422884000439,SBI Bluechip Fund - Regular Plan - Growth,4.019723128663555
119551,2023-06-14,70.6835,0.0021351737983266,SBI Bluechip Fund - Regular Plan - Growth,3.933108503766813
119551,2023-06-15,72.099,0.0200258900592076,SBI Bluechip Fund - Regular Plan - Growth,4.210138433519364
119551,2023-06-16,71.6238,-0.0065909374609911,SBI Bluechip Fund - Regular Plan - Growth,4.156817873479597
119551,2023-06-19,71.132,-0.0068664326662366,SBI Bluechip Fund - Regular Plan - Growth,3.9862820785046944
119551,2023-06-20,70.7935,-0.0047587583647304,SBI Bluechip Fund - Regular Plan - Growth,3.9576971860034953
119551,2023-06-21,69.5157,-0.0180496797022325,SBI Bluechip Fund - Regular Plan - Growth,3.486000612474583
119551,2023-06-22,69.2298,-0.004112739999741,SBI Bluechip Fund - Regular Plan - Growth,3.195802817934336
119551,2023-06-23,68.8034,-0.0061591973398739,SBI Bluechip Fund - Regular Plan - Growth,2.9417624612702524
119551,2023-06-26,68.9302,0.0018429321806772,SBI Bluechip Fund - Regular Plan - Growth,3.1363197731013566
119551,2023-06-27,69.174,0.0035369112522523,SBI Bluechip Fund - Regular Plan - Growth,3.031256806787791
119551,2023-06-28,70.3644,0.0172087778645155,SBI Bluechip Fund - Regular Plan - Growth,3.286223803093538
119551,2023-06-29,70.9932,0.0089363371250235,SBI Bluechip Fund - Regular Plan - Growth,3.309627764788085
119551,2023-06-30,70.6694,-0.0045610002084707,SBI Bluechip Fund - Regular Plan - Growth,3.0529827903633318
119551,2023-07-03,70.1479,-0.0073794315502889,SBI Bluechip Fund - Regular Plan - Growth,3.035476982876353
119551,2023-07-04,70.4892,0.004865434318062,SBI Bluechip Fund - Regular Plan - Growth,3.262035782561707
119551,2023-07-05,69.7092,-0.0110655249314788,SBI Bluechip Fund - Regular Plan - Growth,2.797054376312999
119551,2023-07-06,70.8808,0.0168069637867025,SBI Bluechip Fund - Regular Plan - Growth,2.9881604361235845
119551,2023-07-07,71.6589,0.010977584903105,SBI Bluechip Fund - Regular Plan - Growth,3.205030591140983
119551,2023-07-10,71.3998,-0.0036157406825949,SBI Bluechip Fund - Regular Plan - Growth,3.0802263045164335
119551,2023-07-11,70.3655,-0.0144860349748878,SBI Bluechip Fund - Regular Plan - Growth,2.4524326145274933
119551,2023-07-12,71.2474,0.0125331305824587,SBI Bluechip Fund - Regular Plan - Growth,2.814486478614617
119551,2023-07-13,71.2122,-0.0004940531163243,SBI Bluechip Fund - Regular Plan - Growth,2.6878164854855684
119551,2023-07-14,72.031,0.0114980298319671,SBI Bluechip Fund - Regular Plan - Growth,2.9463322516608055
119551,2023-07-17,71.0619,-0.013453929558107,SBI Bluechip Fund - Regular Plan - Growth,2.632632949045191
119551,2023-07-18,70.7237,-0.0047592310366033,SBI Bluechip Fund - Regular Plan - Growth,2.316948212211017
119551,2023-07-19,70.7635,0.0005627533627341,SBI Bluechip Fund - Regular Plan - Growth,2.1676310331506885
119551,2023-07-20,70.8294,0.0009312710648854,SBI Bluechip Fund - Regular Plan - Growth,2.027565656743881
119551,2023-07-21,70.5852,-0.0034477208616762,SBI Bluechip Fund - Regular Plan - Growth,1.7033893847508623
119551,2023-07-24,71.0106,0.0060267591506433,SBI Bluechip Fund - Regular Plan - Growth,1.8166121210678028
119551,2023-07-25,70.3814,-0.0088606489735334,SBI Bluechip Fund - Regular Plan - Growth,1.4697744953526686
119551,2023-07-26,70.3294,-0.0007388315662943,SBI Bluechip Fund - Regular Plan - Growth,1.502998689654217
119551,2023-07-27,70.4404,0.0015782873165417,SBI Bluechip Fund - Regular Plan - Growth,1.4643415590119429
119551,2023-07-28,70.7972,0.0050652750410276,SBI Bluechip Fund - Regular Plan - Growth,1.5868493192545794
119551,2023-07-31,71.2797,0.0068152412807287,SBI Bluechip Fund - Regular Plan - Growth,1.7006997556142838
119551,2023-08-01,70.6126,-0.0093589058315342,SBI Bluechip Fund - Regular Plan - Growth,1.3614958472090493
119551,2023-08-02,69.6996,-0.0129297037639174,SBI Bluechip Fund - Regular Plan - Growth,1.2126942305555077
119551,2023-08-03,70.5258,0.0118537265637106,SBI Bluechip Fund - Regular Plan - Growth,1.0759678660343281
119551,2023-08-04,70.7693,0.0034526371909286,SBI Bluechip Fund - Regular Plan - Growth,1.3412081213860376
119551,2023-08-07,70.34,-0.0060661897178578,SBI Bluechip Fund - Regular Plan - Growth,1.4397038081682803
119551,2023-08-08,71.3456,0.0142962752345749,SBI Bluechip Fund - Regular Plan - Growth,1.5062659043987061
119551,2023-08-09,71.4553,0.0015375860599671,SBI Bluechip Fund - Regular Plan - Growth,1.3803957381695053
119551,2023-08-10,72.2396,0.0109760927460944,SBI Bluechip Fund - Regular Plan - Growth,1.4791938655907009
119551,2023-08-11,72.3199,0.0011115786909119,SBI Bluechip Fund - Regular Plan - Growth,1.3739839701432635
119551,2023-08-14,73.6843,0.0188661765295581,SBI Bluechip Fund - Regular Plan - Growth,1.7304261457039303
119551,2023-08-15,74.8724,0.016124194706335,SBI Bluechip Fund - Regular Plan - Growth,2.2033862176388594
119551,2023-08-16,74.7468,-0.0016775206885315,SBI Bluechip Fund - Regular Plan - Growth,2.141710898276803
119551,2023-08-17,75.4289,0.0091254742677948,SBI Bluechip Fund - Regular Plan - Growth,2.4447817939476146
119551,2023-08-18,75.8986,0.0062270562078992,SBI Bluechip Fund - Regular Plan - Growth,2.3903577608541706
119551,2023-08-21,76.8599,0.0126655827643724,SBI Bluechip Fund - Regular Plan - Growth,2.6476533545241128
119551,2023-08-22,76.2479,-0.0079625396338012,SBI Bluechip Fund - Regular Plan - Growth,2.6177536887768085
119551,2023-08-23,76.7502,0.0065877224159616,SBI Bluechip Fund - Regular Plan - Growth,2.800635766228311
119551,2023-08-24,77.51,0.0098996484699713,SBI Bluechip Fund - Regular Plan - Growth,2.9056674409653303
119551,2023-08-25,76.3564,-0.0148832408721456,SBI Bluechip Fund - Regular Plan - Growth,2.6420976807765624
119551,2023-08-28,75.6027,-0.0098708163297378,SBI Bluechip Fund - Regular Plan - Growth,2.566056275568399
119551,2023-08-29,74.2935,-0.0173168418588225,SBI Bluechip Fund - Regular Plan - Growth,2.1079538846245227
119551,2023-08-30,74.1555,-0.0018574976276524,SBI Bluechip Fund - Regular Plan - Growth,2.017312897244019
119551,2023-08-31,74.6647,0.0068666518329725,SBI Bluechip Fund - Regular Plan - Growth,2.2300165385512125
119551,2023-09-01,75.6996,0.013860632936314,SBI Bluechip Fund - Regular Plan - Growth,2.551886772337415
119551,2023-09-04,75.7882,0.0011704156957235,SBI Bluechip Fund - Regular Plan - Growth,2.5247964307873327
119551,2023-09-05,76.9243,0.0149904602563459,SBI Bluechip Fund - Regular Plan - Growth,3.0585235633884245
119551,2023-09-06,76.0329,-0.0115880157505495,SBI Bluechip Fund - Regular Plan - Growth,3.06455621967666
119551,2023-09-07,74.9379,-0.0144016603338817,SBI Bluechip Fund - Regular Plan - Growth,2.8562436525018406
119551,2023-09-08,74.9398,2.5354326715909536e-05,SBI Bluechip Fund - Regular Plan - Growth,2.8843687044448565
119551,2023-09-11,75.2329,0.0039111393411777,SBI Bluechip Fund - Regular Plan - Growth,2.8964183618355035
119551,2023-09-12,75.25,0.0002272941758192,SBI Bluechip Fund - Regular Plan - Growth,2.6633939568627825
119551,2023-09-13,73.9285,-0.0175614617940199,SBI Bluechip Fund - Regular Plan - Growth,2.117288379453615
119551,2023-09-14,73.9086,-0.0002691790040375,SBI Bluechip Fund - Regular Plan - Growth,2.1295488411143646
119551,2023-09-15,73.1009,-0.010928362869815,SBI Bluechip Fund - Regular Plan - Growth,1.8959205511863881
119551,2023-09-18,73.5718,0.0064417811545411,SBI Bluechip Fund - Regular Plan - Growth,2.1836380448929367
119551,2023-09-19,73.8482,0.0037568742371398,SBI Bluechip Fund - Regular Plan - Growth,2.247583854839957
119551,2023-09-20,73.2764,-0.0077429104568562,SBI Bluechip Fund - Regular Plan - Growth,2.129223015594399
119551,2023-09-21,72.9827,-0.0040081117522149,SBI Bluechip Fund - Regular Plan - Growth,1.9868552531825685
119551,2023-09-22,72.3414,-0.0087870139087756,SBI Bluechip Fund - Regular Plan - Growth,1.9439712960853546
119551,2023-09-25,72.3387,-3.732302664849474e-05,SBI Bluechip Fund - Regular Plan - Growth,1.8487362138531767
119551,2023-09-26,72.9883,0.0089799789047908,SBI Bluechip Fund - Regular Plan - Growth,1.7638674530705618
119551,2023-09-27,72.3939,-0.0081437709879528,SBI Bluechip Fund - Regular Plan - Growth,1.6091275198545216
119551,2023-09-28,72.7539,0.004972794669164,SBI Bluechip Fund - Regular Plan - Growth,1.6255739172083559
119551,2023-09-29,72.4519,-0.0041509802223661,SBI Bluechip Fund - Regular Plan - Growth,1.4227571735850024
119551,2023-10-02,71.9841,-0.0064566974779128,SBI Bluechip Fund - Regular Plan - Growth,1.3544658930144873
119551,2023-10-03,71.9533,-0.0004278722662365,SBI Bluechip Fund - Regular Plan - Growth,1.2995058076423442
119551,2023-10-04,71.3362,-0.0085763960791234,SBI Bluechip Fund - Regular Plan - Growth,1.1198562972921622
119551,2023-10-05,71.0253,-0.0043582360708869,SBI Bluechip Fund - Regular Plan - Growth,1.0107687010511166
119551,2023-10-06,70.3152,-0.0099978458380323,SBI Bluechip Fund - Regular Plan - Growth,0.9373930544788224
119551,2023-10-09,71.5811,0.0180032197874713,SBI Bluechip Fund - Regular Plan - Growth,1.2361932671517055
119551,2023-10-10,71.6403,0.0008270339516993,SBI Bluechip Fund - Regular Plan - Growth,1.1625258247937191
119551,2023-10-11,71.2363,-0.0056392840342656,SBI Bluechip Fund - Regular Plan - Growth,0.8200046752649305
119551,2023-10-12,71.4077,0.0024060766771998,SBI Bluechip Fund - Regular Plan - Growth,0.7010020156176036
119551,2023-10-13,71.3738,-0.0004747387186536,SBI Bluechip Fund - Regular Plan - Growth,0.33499876163402087
119551,2023-10-16,71.2716,-0.0014318979793704,SBI Bluechip Fund - Regular Plan - Growth,0.4272010014788819
119551,2023-10-17,71.6957,0.0059504767677447,SBI Bluechip Fund - Regular Plan - Growth,0.38437668579490203
119551,2023-10-18,72.2135,0.007222190452147,SBI Bluechip Fund - Regular Plan - Growth,0.4799701552087542
119551,2023-10-19,71.9135,-0.0041543478712429,SBI Bluechip Fund - Regular Plan - Growth,0.02071967330829131
119551,2023-10-20,71.5862,-0.0045513012160441,SBI Bluechip Fund - Regular Plan - Growth,0.06058710468627023
119551,2023-10-23,71.4496,-0.001908189008496,SBI Bluechip Fund - Regular Plan - Growth,0.15790414113412973
119551,2023-10-24,70.0498,-0.019591432282336,SBI Bluechip Fund - Regular Plan - Growth,-0.12946538662822366
119551,2023-10-25,69.1557,-0.0127637766274851,SBI Bluechip Fund - Regular Plan - Growth,-0.028723813024983145
119551,2023-10-26,70.0305,0.0126497165092682,SBI Bluechip Fund - Regular Plan - Growth,0.29245724728916395
119551,2023-10-27,71.0905,0.0151362620572466,SBI Bluechip Fund - Regular Plan - Growth,0.6920070397105932
119551,2023-10-30,70.9712,-0.0016781426491585,SBI Bluechip Fund - Regular Plan - Growth,0.6252946543904907
119551,2023-10-31,71.3698,0.0056163626935996,SBI Bluechip Fund - Regular Plan - Growth,0.6638878094176874
119551,2023-11-01,71.6029,0.0032660873366607,SBI Bluechip Fund - Regular Plan - Growth,0.4077415787716076
119551,2023-11-02,73.6117,0.0280547296268725,SBI Bluechip Fund - Regular Plan - Growth,0.741987267932192
119551,2023-11-03,74.3805,0.0104439919197627,SBI Bluechip Fund - Regular Plan - Growth,1.0137368562591633
119551,2023-11-06,74.335,-0.0006117194694846,SBI Bluechip Fund - Regular Plan - Growth,1.1421426569468534
119551,2023-11-07,73.7492,-0.0078805407950492,SBI Bluechip Fund - Regular Plan - Growth,0.9046444723078009
119551,2023-11-08,72.7492,-0.0135594691196649,SBI Bluechip Fund - Regular Plan - Growth,0.8555884914486613
119551,2023-11-09,72.9175,0.0023134275016083,SBI Bluechip Fund - Regular Plan - Growth,0.600480773925004
119551,2023-11-10,72.4701,-0.0061357013062708,SBI Bluechip Fund - Regular Plan - Growth,0.28408203155702255
119551,2023-11-13,71.6037,-0.01195527534804,SBI Bluechip Fund - Regular Plan - Growth,0.1274910376461144
119551,2023-11-14,71.2333,-0.0051729170419965,SBI Bluechip Fund - Regular Plan - Growth,0.3032623531960132
119551,2023-11-15,70.5935,-0.0089817543199598,SBI Bluechip Fund - Regular Plan - Growth,-0.09983166571279985
119551,2023-11-16,71.6887,0.0155141762343558,SBI Bluechip Fund - Regular Plan - Growth,0.1981460737020671
119551,2023-11-17,72.2856,0.0083262773630992,SBI Bluechip Fund - Regular Plan - Growth,0.13994311659802738
119551,2023-11-20,72.3178,0.0004454552497317,SBI Bluechip Fund - Regular Plan - Growth,0.40305837725463634
119551,2023-11-21,73.3057,0.0136605372397942,SBI Bluechip Fund - Regular Plan - Growth,0.7424124486278306
119551,2023-11-22,73.3935,0.0011977240514722,SBI Bluechip Fund - Regular Plan - Growth,0.7542172071285568
119551,2023-11-23,72.8758,-0.0070537581665951,SBI Bluechip Fund - Regular Plan - Growth,0.6033545153110029
119551,2023-11-24,73.8994,0.0140458149344502,SBI Bluechip Fund - Regular Plan - Growth,0.9185249538627771
119551,2023-11-27,74.2898,0.0052828575062855,SBI Bluechip Fund - Regular Plan - Growth,0.9052753854623768
119551,2023-11-28,73.6513,-0.0085947195981143,SBI Bluechip Fund - Regular Plan - Growth,0.9104380823855109
119551,2023-11-29,73.5657,-0.0011622333889558,SBI Bluechip Fund - Regular Plan - Growth,0.9025824659828411
119551,2023-11-30,73.0374,-0.0071813358671228,SBI Bluechip Fund - Regular Plan - Growth,0.738917126934455
119551,2023-12-01,72.1894,-0.0116104899681532,SBI Bluechip Fund - Regular Plan - Growth,0.43023125401015383
119551,2023-12-04,72.819,0.0087215020487771,SBI Bluechip Fund - Regular Plan - Growth,0.46411359587978274
119551,2023-12-05,74.0938,0.0175064200277399,SBI Bluechip Fund - Regular Plan - Growth,0.9410521547480087
119551,2023-12-06,73.2233,-0.0117486213421367,SBI Bluechip Fund - Regular Plan - Growth,0.9639678631378077
119551,2023-12-07,73.6258,0.0054968841885028,SBI Bluechip Fund - Regular Plan - Growth,0.8548204006612087
119551,2023-12-08,73.2423,-0.0052087719250588,SBI Bluechip Fund - Regular Plan - Growth,0.6971515788212674
119551,2023-12-11,72.9659,-0.003773775536814,SBI Bluechip Fund - Regular Plan - Growth,0.7396409977752413
119551,2023-12-12,72.6232,-0.0046967144926604,SBI Bluechip Fund - Regular Plan - Growth,0.4000153819413314
119551,2023-12-13,72.1091,-0.0070790050562354,SBI Bluechip Fund - Regular Plan - Growth,0.24178733633428376
119551,2023-12-14,72.1772,0.0009444023015126,SBI Bluechip Fund - Regular Plan - Growth,0.05942379105429761
119551,2023-12-15,71.6871,-0.0067902329267414,SBI Bluechip Fund - Regular Plan - Growth,-0.08534807400480629
119551,2023-12-18,71.8954,0.0029056831703331,SBI Bluechip Fund - Regular Plan - Growth,-0.38574136812477466
119551,2023-12-19,71.9007,7.371820728452327e-05,SBI Bluechip Fund - Regular Plan - Growth,-0.6979572564969977
119551,2023-12-20,71.7863,-0.0015910832578821,SBI Bluechip Fund - Regular Plan - Growth,-0.6963219190071434
119551,2023-12-21,71.2508,-0.0074596406278077,SBI Bluechip Fund - Regular Plan - Growth,-1.0148954900768918
119551,2023-12-22,70.9259,-0.0045599488005748,SBI Bluechip Fund - Regular Plan - Growth,-1.2233624025444811
119551,2023-12-25,71.4368,0.0072032924502898,SBI Bluechip Fund - Regular Plan - Growth,-1.3381893392796236
119551,2023-12-26,71.7901,0.0049456302633934,SBI Bluechip Fund - Regular Plan - Growth,-1.0909007364129815
119551,2023-12-27,71.2106,-0.008072143652119,SBI Bluechip Fund - Regular Plan - Growth,-1.373792237413747
119551,2023-12-28,71.3097,0.00139164674922,SBI Bluechip Fund - Regular Plan - Growth,-1.549556614501148
119551,2023-12-29,71.8209,0.0071687302008001,SBI Bluechip Fund - Regular Plan - Growth,-1.131311768622068
119551,2024-01-01,70.8078,-0.0141059218138451,SBI Bluechip Fund - Regular Plan - Growth,-1.20642309384768
119551,2024-01-02,71.1846,0.0053214476371248,SBI Bluechip Fund - Regular Plan - Growth,-0.7782249635125364
119551,2024-01-03,70.8063,-0.0053143516996655,SBI Bluechip Fund - Regular Plan - Growth,-0.8455056652732377
119551,2024-01-04,71.2003,0.0055644766073075,SBI Bluechip Fund - Regular Plan - Growth,-0.8723786041646248
119551,2024-01-05,70.7591,-0.0061966031042003,SBI Bluechip Fund - Regular Plan - Growth,-1.2865260239932257
119551,2024-01-08,69.6776,-0.0152842531914624,SBI Bluechip Fund - Regular Plan - Growth,-1.5933533904622084
119551,2024-01-09,68.7201,-0.0137418625210971,SBI Bluechip Fund - Regular Plan - Growth,-2.176977811070071
119551,2024-01-10,68.7847,0.0009400451978387,SBI Bluechip Fund - Regular Plan - Growth,-1.9419349767863323
119551,2024-01-11,68.978,0.0028102179699844,SBI Bluechip Fund - Regular Plan - Growth,-1.6159245306825951
119551,2024-01-12,68.4654,-0.0074313549247585,SBI Bluechip Fund - Regular Plan - Growth,-1.7620687018511672
119551,2024-01-15,68.8876,0.0061666184671382,SBI Bluechip Fund - Regular Plan - Growth,-1.7129285426525733
119551,2024-01-16,67.9206,-0.0140373594086601,SBI Bluechip Fund - Regular Plan - Growth,-1.9770690918060394
119551,2024-01-17,67.916,-6.772613905059455e-05,SBI Bluechip Fund - Regular Plan - Growth,-1.6606039884133137
119551,2024-01-18,67.2292,-0.0101124919017608,SBI Bluechip Fund - Regular Plan - Growth,-1.8497333845590802
119551,2024-01-19,66.8783,-0.0052194582116106,SBI Bluechip Fund - Regular Plan - Growth,-1.7445785038675765
119551,2024-01-22,66.9408,0.0009345333239629,SBI Bluechip Fund - Regular Plan - Growth,-1.8640293666139636
119551,2024-01-23,66.4691,-0.0070465246904727,SBI Bluechip Fund - Regular Plan - Growth,-2.0831242223269304
119551,2024-01-24,66.2782,-0.0028720112052066,SBI Bluechip Fund - Regular Plan - Growth,-1.9897121555843233
119551,2024-01-25,66.9035,0.0094344746839836,SBI Bluechip Fund - Regular Plan - Growth,-1.7012176966657184
119551,2024-01-26,66.5983,-0.0045617942260121,SBI Bluechip Fund - Regular Plan - Growth,-1.6211520862093949
119551,2024-01-29,67.1256,0.0079176195188166,SBI Bluechip Fund - Regular Plan - Growth,-1.4503857406749696
119551,2024-01-30,66.4945,-0.0094017781591524,SBI Bluechip Fund - Regular Plan - Growth,-1.8271401573873036
119551,2024-01-31,66.8403,0.0052004301107611,SBI Bluechip Fund - Regular Plan - Growth,-1.557319746227601
119551,2024-02-01,67.7305,0.0133183124552105,SBI Bluechip Fund - Regular Plan - Growth,-1.3703755953137553
119551,2024-02-02,66.3043,-0.021056983190734,SBI Bluechip Fund - Regular Plan - Growth,-1.6629130656320157
119551,2024-02-05,65.8739,-0.0064912833707616,SBI Bluechip Fund - Regular Plan - Growth,-1.6635456369609147
119551,2024-02-06,66.2442,0.0056213462387986,SBI Bluechip Fund - Regular Plan - Growth,-1.5407091053492554
119551,2024-02-07,66.1598,-0.0012740738057067,SBI Bluechip Fund - Regular Plan - Growth,-1.4040595990853884
119551,2024-02-08,66.4109,0.0037953560923702,SBI Bluechip Fund - Regular Plan - Growth,-1.243721626129692
119551,2024-02-09,66.0922,-0.0047989110221363,SBI Bluechip Fund - Regular Plan - Growth,-1.1475224966745687
119551,2024-02-12,66.1768,0.0012800300186708,SBI Bluechip Fund - Regular Plan - Growth,-1.5136223738219574
119551,2024-02-13,66.1201,-0.0008567957350613,SBI Bluechip Fund - Regular Plan - Growth,-1.5478922000446758
119551,2024-02-14,66.8391,0.0108741517329828,SBI Bluechip Fund - Regular Plan - Growth,-1.2050118562607723
119551,2024-02-15,67.0238,0.0027633525885295,SBI Bluechip Fund - Regular Plan - Growth,-1.1976635136240743
119551,2024-02-16,67.2583,0.0034987571579052,SBI Bluechip Fund - Regular Plan - Growth,-1.11680678198995
119551,2024-02-19,67.049,-0.0031118835890886,SBI Bluechip Fund - Regular Plan - Growth,-1.1499105266693008
119551,2024-02-20,66.7958,-0.0037763426747603,SBI Bluechip Fund - Regular Plan - Growth,-1.3475094980827995
119551,2024-02-21,66.5758,-0.003293620257561,SBI Bluechip Fund - Regular Plan - Growth,-1.5646355255547932
119551,2024-02-22,66.8423,0.0040029560290675,SBI Bluechip Fund - Regular Plan - Growth,-1.3994041738534932
119551,2024-02-23,66.6289,-0.0031925891239528,SBI Bluechip Fund - Regular Plan - Growth,-1.372957414673984
119551,2024-02-26,66.8339,0.0030767429748952,SBI Bluechip Fund - Regular Plan - Growth,-1.2715524730803518
119551,2024-02-27,68.1035,0.0189963476618901,SBI Bluechip Fund - Regular Plan - Growth,-0.4962080877169975
119551,2024-02-28,68.6642,0.0082330570381845,SBI Bluechip Fund - Regular Plan - Growth,-0.07554996300511327
119551,2024-02-29,68.5024,-0.0023563953268224,SBI Bluechip Fund - Regular Plan - Growth,-0.38297513274754597
119551,2024-03-01,69.2677,0.0111718713504929,SBI Bluechip Fund - Regular Plan - Growth,-0.4677106828132798
119551,2024-03-04,69.0544,-0.0030793573339378,SBI Bluechip Fund - Regular Plan - Growth,-0.4963393466229548
119551,2024-03-05,67.8593,-0.0173066451956718,SBI Bluechip Fund - Regular Plan - Growth,-0.9501709692130252
119551,2024-03-06,67.2934,-0.0083393138449704,SBI Bluechip Fund - Regular Plan - Growth,-1.1806752823003157
119551,2024-03-07,66.2264,-0.0158559383238179,SBI Bluechip Fund - Regular Plan - Growth,-2.16436328648597
119551,2024-03-08,66.0554,-0.002582051870553,SBI Bluechip Fund - Regular Plan - Growth,-2.4659943362882215
119551,2024-03-11,66.1003,0.0006797324669898,SBI Bluechip Fund - Regular Plan - Growth,-2.4377614635771594
119551,2024-03-12,67.1194,0.0154174791944967,SBI Bluechip Fund - Regular Plan - Growth,-1.9053384438374816
119551,2024-03-13,67.348,0.00340587073186,SBI Bluechip Fund - Regular Plan - Growth,-1.5677025628905907
119551,2024-03-14,67.2526,-0.0014165231335748,SBI Bluechip Fund - Regular Plan - Growth,-1.6479827763618125
119551,2024-03-15,67.7813,0.0078614061017714,SBI Bluechip Fund - Regular Plan - Growth,-1.3462857470770526
119551,2024-03-18,66.5067,-0.0188045965480155,SBI Bluechip Fund - Regular Plan - Growth,-1.4674186195202588
119551,2024-03-19,66.6794,0.0025967308556882,SBI Bluechip Fund - Regular Plan - Growth,-1.3068080099183859
119551,2024-03-20,67.1689,0.0073410978503105,SBI Bluechip Fund - Regular Plan - Growth,-0.9678698908199893
119551,2024-03-21,66.3329,-0.0124462362789922,SBI Bluechip Fund - Regular Plan - Growth,-1.564840924698725
119551,2024-03-22,67.04,0.0106598686323078,SBI Bluechip Fund - Regular Plan - Growth,-1.5100276378065525
119551,2024-03-25,67.2751,0.0035068615751787,SBI Bluechip Fund - Regular Plan - Growth,-1.4440174872013056
119551,2024-03-26,67.0637,-0.0031423216019002,SBI Bluechip Fund - Regular Plan - Growth,-1.8251228286392618
119551,2024-03-27,67.4738,0.0061150816313444,SBI Bluechip Fund - Regular Plan - Growth,-1.714331451737241
119551,2024-03-28,68.8742,0.0207547225737991,SBI Bluechip Fund - Regular Plan - Growth,-1.0888972287817273
119551,2024-03-29,69.0203,0.0021212587587224,SBI Bluechip Fund - Regular Plan - Growth,-1.3547390603628382
119551,2024-04-01,69.2073,0.0027093478295514,SBI Bluechip Fund - Regular Plan - Growth,-1.4110021710481253
119551,2024-04-02,68.9631,-0.0035285295048356,SBI Bluechip Fund - Regular Plan - Growth,-1.310922943080636
119551,2024-04-03,68.4834,-0.0069558938040777,SBI Bluechip Fund - Regular Plan - Growth,-1.427912044908478
119551,2024-04-04,69.0224,0.0078705204472908,SBI Bluechip Fund - Regular Plan - Growth,-1.1109236312855153
119551,2024-04-05,68.5386,-0.0070093187139247,SBI Bluechip Fund - Regular Plan - Growth,-1.0215369586054779
119551,2024-04-08,68.6172,0.0011467990300355,SBI Bluechip Fund - Regular Plan - Growth,-1.1882388746373194
119551,2024-04-09,68.364,-0.0036900369003688,SBI Bluechip Fund - Regular Plan - Growth,-1.6799855252589007
119551,2024-04-10,68.6889,0.0047525013164824,SBI Bluechip Fund - Regular Plan - Growth,-1.3325086458600142
119551,2024-04-11,68.9268,0.0034634416914522,SBI Bluechip Fund - Regular Plan - Growth,-1.3794298355906722
119551,2024-04-12,69.5963,0.0097132029921598,SBI Bluechip Fund - Regular Plan - Growth,-1.0451582278129852
119551,2024-04-15,69.3197,-0.0039743492110931,SBI Bluechip Fund - Regular Plan - Growth,-1.0493957559352036
119551,2024-04-16,69.1906,-0.0018623854402138,SBI Bluechip Fund - Regular Plan - Growth,-0.9891482133060597
119551,2024-04-17,68.6314,-0.0080820227025059,SBI Bluechip Fund - Regular Plan - Growth,-1.0097418632802482
119551,2024-04-18,68.3982,-0.0033978616201912,SBI Bluechip Fund - Regular Plan - Growth,-1.1035143712358502
119551,2024-04-19,68.6616,0.0038509785345228,SBI Bluechip Fund - Regular Plan - Growth,-0.873986480883841
119551,2024-04-22,69.1572,0.0072180083190602,SBI Bluechip Fund - Regular Plan - Growth,-0.7770537978591099
119551,2024-04-23,68.6324,-0.0075885084994765,SBI Bluechip Fund - Regular Plan - Growth,-0.939012327421418
119551,2024-04-24,69.1965,0.0082191501390014,SBI Bluechip Fund - Regular Plan - Growth,-0.7229455236828937
119551,2024-04-25,70.0649,0.0125497676905623,SBI Bluechip Fund - Regular Plan - Growth,-0.2912521544552913
119551,2024-04-26,70.3571,0.0041704191399689,SBI Bluechip Fund - Regular Plan - Growth,-0.10581447209733912
119551,2024-04-29,71.5683,0.0172150358670268,SBI Bluechip Fund - Regular Plan - Growth,0.10481552704395125
119551,2024-04-30,71.1182,-0.0062890972679243,SBI Bluechip Fund - Regular Plan - Growth,-0.12909541661688004
119551,2024-05-01,70.3781,-0.0104066188401843,SBI Bluechip Fund - Regular Plan - Growth,-0.17708346892320717
119551,2024-05-02,69.3185,-0.0150558199212539,SBI Bluechip Fund - Regular Plan - Growth,-0.5096255810480346
119551,2024-05-03,70.2754,0.0138043956519544,SBI Bluechip Fund - Regular Plan - Growth,-0.37033970586408316
119551,2024-05-06,70.7186,0.0063066165400693,SBI Bluechip Fund - Regular Plan - Growth,0.042111235156361185
119551,2024-05-07,70.7204,2.545299256495604e-05,SBI Bluechip Fund - Regular Plan - Growth,-0.06615813197012961
119551,2024-05-08,70.9318,0.0029892364862189,SBI Bluechip Fund - Regular Plan - Growth,0.10389198329887801
119551,2024-05-09,70.2674,-0.0093667438299888,SBI Bluechip Fund - Regular Plan - Growth,-0.2012095231623839
119551,2024-05-10,71.8366,0.0223318352465013,SBI Bluechip Fund - Regular Plan - Growth,0.3684351468290644
119551,2024-05-13,71.9556,0.0016565371969163,SBI Bluechip Fund - Regular Plan - Growth,0.7150230743771943
119551,2024-05-14,72.0622,0.0014814691281845,SBI Bluechip Fund - Regular Plan - Growth,1.0360074790191993
119551,2024-05-15,72.5624,0.0069412257744003,SBI Bluechip Fund - Regular Plan - Growth,1.15484875082035
119551,2024-05-16,72.9085,0.0047696878824294,SBI Bluechip Fund - Regular Plan - Growth,1.193568209602175
119551,2024-05-17,73.0902,0.0024921648367473,SBI Bluechip Fund - Regular Plan - Growth,1.4016255336884982
119551,2024-05-20,72.6199,-0.0064345151607191,SBI Bluechip Fund - Regular Plan - Growth,1.1428052582826693
119551,2024-05-21,72.9601,0.0046846663242443,SBI Bluechip Fund - Regular Plan - Growth,1.5477258703022763
119551,2024-05-22,74.2195,0.017261489499055,SBI Bluechip Fund - Regular Plan - Growth,1.8681521653464959
119551,2024-05-23,75.1442,0.0124589898881022,SBI Bluechip Fund - Regular Plan - Growth,2.325479046584313
119551,2024-05-24,76.2468,0.0146731218111311,SBI Bluechip Fund - Regular Plan - Growth,2.7021423887561227
119551,2024-05-27,75.9429,-0.0039857410409355,SBI Bluechip Fund - Regular Plan - Growth,2.597825959273516
119551,2024-05-28,75.3219,-0.0081771962882638,SBI Bluechip Fund - Regular Plan - Growth,2.571373294589964
119551,2024-05-29,75.2772,-0.0005934529001526,SBI Bluechip Fund - Regular Plan - Growth,2.6196788366998094
119551,2024-05-30,75.3531,0.0010082734214345,SBI Bluechip Fund - Regular Plan - Growth,2.4624738695761654
119551,2024-05-31,76.123,0.0102172306116139,SBI Bluechip Fund - Regular Plan - Growth,2.7515083182016054
119551,2024-06-03,75.0339,-0.0143071082327286,SBI Bluechip Fund - Regular Plan - Growth,2.272368546381521
119551,2024-06-04,76.0922,0.0141042915268965,SBI Bluechip Fund - Regular Plan - Growth,2.7283830076363604
119551,2024-06-05,76.0254,-0.0008778823585071,SBI Bluechip Fund - Regular Plan - Growth,2.6100957202105426
119551,2024-06-06,75.7788,-0.0032436527792027,SBI Bluechip Fund - Regular Plan - Growth,2.3032967394929167
119551,2024-06-07,75.1442,-0.0083743738354263,SBI Bluechip Fund - Regular Plan - Growth,2.633223962151819
119551,2024-06-10,74.0937,-0.0139797881938992,SBI Bluechip Fund - Regular Plan - Growth,2.447729494574469
119551,2024-06-11,74.672,0.0078049820700005,SBI Bluechip Fund - Regular Plan - Growth,2.4875930907936725
119551,2024-06-12,74.7589,0.0011637561602741,SBI Bluechip Fund - Regular Plan - Growth,2.5381146684807105
119551,2024-06-13,73.9514,-0.0108013895335536,SBI Bluechip Fund - Regular Plan - Growth,2.2204132691207166
119551,2024-06-14,73.1493,-0.0108463125782609,SBI Bluechip Fund - Regular Plan - Growth,2.0831766184851377
119551,2024-06-17,72.9706,-0.0024429488730581,SBI Bluechip Fund - Regular Plan - Growth,2.00749557859819
119551,2024-06-18,74.0908,0.0153513880932867,SBI Bluechip Fund - Regular Plan - Growth,2.297065230333076
119551,2024-06-19,73.9595,-0.0017721498485641,SBI Bluechip Fund - Regular Plan - Growth,2.061819166328953
119551,2024-06-20,73.0232,-0.0126596312846896,SBI Bluechip Fund - Regular Plan - Growth,1.7361770300283752
119551,2024-06-21,72.9027,-0.001650160496938,SBI Bluechip Fund - Regular Plan - Growth,1.6361797792355313
119551,2024-06-24,72.7651,-0.0018874472413229,SBI Bluechip Fund - Regular Plan - Growth,1.660900893329626
119551,2024-06-25,71.0916,-0.0229986628205005,SBI Bluechip Fund - Regular Plan - Growth,1.2420958311281833
119551,2024-06-26,71.0942,3.657253458921872e-05,SBI Bluechip Fund - Regular Plan - Growth,1.3058077692397474
119551,2024-06-27,70.9862,-0.0015191112636474,SBI Bluechip Fund - Regular Plan - Growth,1.2026588797466182
119551,2024-06-28,71.4602,0.0066773541899693,SBI Bluechip Fund - Regular Plan - Growth,1.3861456000584869
119551,2024-07-01,72.6725,0.0169646880361376,SBI Bluechip Fund - Regular Plan - Growth,1.6205655475936067
119551,2024-07-02,73.436,0.0105060373593863,SBI Bluechip Fund - Regular Plan - Growth,1.4855373805588854
119551,2024-07-03,73.2998,-0.0018546761806198,SBI Bluechip Fund - Regular Plan - Growth,1.3006527925882319
119551,2024-07-04,72.6255,-0.0091992065462661,SBI Bluechip Fund - Regular Plan - Growth,1.1655961609412806
119551,2024-07-05,74.3309,0.0234821102780702,SBI Bluechip Fund - Regular Plan - Growth,1.360915619163257
119551,2024-07-08,74.4081,0.001038599021403,SBI Bluechip Fund - Regular Plan - Growth,1.437219087772562
119551,2024-07-09,74.4556,0.0006383713601072,SBI Bluechip Fund - Regular Plan - Growth,1.8006967548063113
119551,2024-07-10,74.4782,0.0003035366043655,SBI Bluechip Fund - Regular Plan - Growth,1.972438576338155
119551,2024-07-11,74.6469,0.0022650923357439,SBI Bluechip Fund - Regular Plan - Growth,2.3552990429131486
119551,2024-07-12,74.5904,-0.0007568968034841,SBI Bluechip Fund - Regular Plan - Growth,2.39183518488164
119551,2024-07-15,74.2523,-0.0045327548853471,SBI Bluechip Fund - Regular Plan - Growth,2.28726414486126
119551,2024-07-16,73.9332,-0.0042975099761219,SBI Bluechip Fund - Regular Plan - Growth,1.9338054723602973
119551,2024-07-17,73.95,0.0002272321501031,SBI Bluechip Fund - Regular Plan - Growth,1.8731973933228283
119551,2024-07-18,73.6344,-0.0042677484787019,SBI Bluechip Fund - Regular Plan - Growth,1.8155965477523952
119551,2024-07-19,73.2107,-0.0057541040600588,SBI Bluechip Fund - Regular Plan - Growth,1.5540713416806047
119551,2024-07-22,73.3172,0.0014547053914248,SBI Bluechip Fund - Regular Plan - Growth,1.9966147141984905
119551,2024-07-23,73.1903,-0.001730835329227,SBI Bluechip Fund - Regular Plan - Growth,1.9103621110116638
119551,2024-07-24,74.2058,0.0138747894188164,SBI Bluechip Fund - Regular Plan - Growth,2.0217769521663866
119551,2024-07-25,72.5285,-0.0226033544547731,SBI Bluechip Fund - Regular Plan - Growth,1.7770666935628727
119551,2024-07-26,73.2678,0.0101932343837249,SBI Bluechip Fund - Regular Plan - Growth,1.769183074995427
119551,2024-07-29,74.1156,0.0115712495803068,SBI Bluechip Fund - Regular Plan - Growth,1.9100816090326183
119551,2024-07-30,72.8103,-0.0176116768939332,SBI Bluechip Fund - Regular Plan - Growth,1.6017195411543061
119551,2024-07-31,72.628,-0.0025037666374125,SBI Bluechip Fund - Regular Plan - Growth,1.443073024545052
119551,2024-08-01,72.4278,-0.0027565126397531,SBI Bluechip Fund - Regular Plan - Growth,1.0314211324841
119551,2024-08-02,71.5712,-0.011826950425113,SBI Bluechip Fund - Regular Plan - Growth,0.7582402594684838
119551,2024-08-05,71.1186,-0.0063237726906912,SBI Bluechip Fund - Regular Plan - Growth,0.5862973853508081
119551,2024-08-06,70.4618,-0.0092352774098478,SBI Bluechip Fund - Regular Plan - Growth,0.4765682759604847
119551,2024-08-07,71.5961,0.0160980843520888,SBI Bluechip Fund - Regular Plan - Growth,0.8975143478903505
119551,2024-08-08,72.2266,0.0088063455970366,SBI Bluechip Fund - Regular Plan - Growth,0.9140083670408876
119551,2024-08-09,73.0788,0.0117989771081568,SBI Bluechip Fund - Regular Plan - Growth,1.256687774720756
119551,2024-08-12,73.5833,0.0069035068994016,SBI Bluechip Fund - Regular Plan - Growth,1.3595995078754617
119551,2024-08-13,72.8919,-0.0093961537468418,SBI Bluechip Fund - Regular Plan - Growth,1.2484080897764414
119551,2024-08-14,72.5929,-0.0041019646901783,SBI Bluechip Fund - Regular Plan - Growth,1.0861024943296294
119551,2024-08-15,72.9445,0.0048434488772317,SBI Bluechip Fund - Regular Plan - Growth,1.1106746772729972
119551,2024-08-16,72.1998,-0.0102091316000522,SBI Bluechip Fund - Regular Plan - Growth,0.7454020879117143
119551,2024-08-19,72.6927,0.0068268887171434,SBI Bluechip Fund - Regular Plan - Growth,0.9411580786705542
119551,2024-08-20,72.5762,-0.0016026368534942,SBI Bluechip Fund - Regular Plan - Growth,0.9459546622894971
119551,2024-08-21,72.374,-0.0027860372959731,SBI Bluechip Fund - Regular Plan - Growth,1.046389482766892
119551,2024-08-22,72.8668,0.0068090750822118,SBI Bluechip Fund - Regular Plan - Growth,1.2314000728512056
119551,2024-08-23,73.1906,0.004443724714136,SBI Bluechip Fund - Regular Plan - Growth,1.241919145988604
119551,2024-08-26,72.9956,-0.0026642765601048,SBI Bluechip Fund - Regular Plan - Growth,1.0635695567945629
119551,2024-08-27,73.7839,0.0107992810525567,SBI Bluechip Fund - Regular Plan - Growth,1.3971061985763247
119551,2024-08-28,73.1214,-0.0089789235863109,SBI Bluechip Fund - Regular Plan - Growth,1.0807287702183928
119551,2024-08-29,73.5577,0.0059667894761314,SBI Bluechip Fund - Regular Plan - Growth,0.9674849776013583
119551,2024-08-30,73.9816,0.0057628229267636,SBI Bluechip Fund - Regular Plan - Growth,0.9958347722393125
119551,2024-09-02,73.818,-0.0022113606626512,SBI Bluechip Fund - Regular Plan - Growth,0.650847199258785
119551,2024-09-03,74.0688,0.003397545314151,SBI Bluechip Fund - Regular Plan - Growth,0.8331762609225417
119551,2024-09-04,73.2938,-0.0104632449830426,SBI Bluechip Fund - Regular Plan - Growth,0.8320543316762808
119551,2024-09-05,73.9317,0.008703328248774,SBI Bluechip Fund - Regular Plan - Growth,1.2903200367635623
119551,2024-09-06,73.8493,-0.0011145422058468,SBI Bluechip Fund - Regular Plan - Growth,1.019775728583982
119551,2024-09-09,73.5476,-0.0040853467805381,SBI Bluechip Fund - Regular Plan - Growth,0.8220207583453487
119551,2024-09-10,74.2694,0.0098140523959993,SBI Bluechip Fund - Regular Plan - Growth,1.0033847526624193
119551,2024-09-11,73.8476,-0.0056793241900433,SBI Bluechip Fund - Regular Plan - Growth,0.8369059230993855
119551,2024-09-12,72.9736,-0.0118351848942958,SBI Bluechip Fund - Regular Plan - Growth,0.7873161544188565
119551,2024-09-13,72.0158,-0.0131252946270981,SBI Bluechip Fund - Regular Plan - Growth,0.11984827505433457
119551,2024-09-16,72.4391,0.0058778767992579,SBI Bluechip Fund - Regular Plan - Growth,0.20081108729486163
119551,2024-09-17,71.6627,-0.0107179686108744,SBI Bluechip Fund - Regular Plan - Growth,-0.03363091489579082
119551,2024-09-18,72.8179,0.0161199619885936,SBI Bluechip Fund - Regular Plan - Growth,0.13969613401189893
119551,2024-09-19,71.53,-0.0176865853038881,SBI Bluechip Fund - Regular Plan - Growth,-0.2781502596451715
119551,2024-09-20,72.6457,0.0155976513351041,SBI Bluechip Fund - Regular Plan - Growth,-0.035241683550909446
119551,2024-09-23,72.8185,0.0023786679734656,SBI Bluechip Fund - Regular Plan - Growth,0.12567516372647408
119551,2024-09-24,72.794,-0.000336452961816,SBI Bluechip Fund - Regular Plan - Growth,0.033996262222501704
119551,2024-09-25,72.4824,-0.0042805725746627,SBI Bluechip Fund - Regular Plan - Growth,-0.36636633937935154
119551,2024-09-26,72.7755,0.0040437402735007,SBI Bluechip Fund - Regular Plan - Growth,-0.5277528959198032
119551,2024-09-27,72.7889,0.0001841279001861,SBI Bluechip Fund - Regular Plan - Growth,-0.8116920185446208
119551,2024-09-30,73.5385,0.0102982735004926,SBI Bluechip Fund - Regular Plan - Growth,-0.5358949836528211
119551,2024-10-01,73.6506,0.0015243715876718,SBI Bluechip Fund - Regular Plan - Growth,-0.3535718483424227
119551,2024-10-02,73.7864,0.0018438410549268,SBI Bluechip Fund - Regular Plan - Growth,-0.30716600222513923
119551,2024-10-03,73.5881,-0.0026874871249986,SBI Bluechip Fund - Regular Plan - Growth,-0.3772772090431245
119551,2024-10-04,73.5891,1.3589153681214938e-05,SBI Bluechip Fund - Regular Plan - Growth,-0.5752489946341116
119551,2024-10-07,73.8272,0.0032355335233071,SBI Bluechip Fund - Regular Plan - Growth,-0.24258799855881333
119551,2024-10-08,72.7596,-0.0144607949373672,SBI Bluechip Fund - Regular Plan - Growth,-0.7963666090055951
119551,2024-10-09,71.9367,-0.011309847772665,SBI Bluechip Fund - Regular Plan - Growth,-0.9907717734447656
119551,2024-10-10,72.4472,0.0070965167987966,SBI Bluechip Fund - Regular Plan - Growth,-0.7892595585517562
119551,2024-10-11,72.5939,0.0020249229783899,SBI Bluechip Fund - Regular Plan - Growth,-0.5922098793878545
119551,2024-10-14,72.5136,-0.0011061535473367,SBI Bluechip Fund - Regular Plan - Growth,-0.3489081948021095
119551,2024-10-15,72.5628,0.0006784934136492,SBI Bluechip Fund - Regular Plan - Growth,-0.4899254639158096
119551,2024-10-16,72.8231,0.0035872375376915,SBI Bluechip Fund - Regular Plan - Growth,-0.4421019732747091
119551,2024-10-17,72.5147,-0.0042349199635828,SBI Bluechip Fund - Regular Plan - Growth,-0.31579527928090306
119551,2024-10-18,72.0558,-0.0063283720404276,SBI Bluechip Fund - Regular Plan - Growth,-0.22807701667737168
119551,2024-10-21,72.2176,0.0022454819736925,SBI Bluechip Fund - Regular Plan - Growth,-0.13528650633601583
119551,2024-10-22,71.6341,-0.0080797478730946,SBI Bluechip Fund - Regular Plan - Growth,-0.6067956820173211
119551,2024-10-23,71.9296,0.004125130349931,SBI Bluechip Fund - Regular Plan - Growth,-0.4879478455397233
119551,2024-10-24,70.8942,-0.0143946303051872,SBI Bluechip Fund - Regular Plan - Growth,-0.5209567574302243
119551,2024-10-25,71.5775,0.0096383060955622,SBI Bluechip Fund - Regular Plan - Growth,-0.29367160320746954
119551,2024-10-28,71.9135,0.0046942125667981,SBI Bluechip Fund - Regular Plan - Growth,-0.16298243302172588
119551,2024-10-29,72.1133,0.0027783378642396,SBI Bluechip Fund - Regular Plan - Growth,0.36084987204750485
119551,2024-10-30,72.7785,0.0092243733125512,SBI Bluechip Fund - Regular Plan - Growth,0.5464882726971387
119551,2024-10-31,73.8935,0.015320458651937,SBI Bluechip Fund - Regular Plan - Growth,0.8763789720343661
119551,2024-11-01,74.596,0.0095069255076563,SBI Bluechip Fund - Regular Plan - Growth,0.9303778436107428
119551,2024-11-04,73.4326,-0.015596010509947,SBI Bluechip Fund - Regular Plan - Growth,0.27794882377097635
119551,2024-11-05,72.646,-0.01071186366818,SBI Bluechip Fund - Regular Plan - Growth,-0.14814226737738706
119551,2024-11-06,72.2841,-0.0049816920408557,SBI Bluechip Fund - Regular Plan - Growth,-0.21060252570134796
119551,2024-11-07,72.338,0.000745668826201,SBI Bluechip Fund - Regular Plan - Growth,-0.011317753980521782
119551,2024-11-08,72.7065,0.0050941413917997,SBI Bluechip Fund - Regular Plan - Growth,-0.397942695774815
119551,2024-11-11,72.2799,-0.005867425883518,SBI Bluechip Fund - Regular Plan - Growth,-0.5416842318825218
119551,2024-11-12,72.4364,0.0021651939197482,SBI Bluechip Fund - Regular Plan - Growth,-0.509489030797333
119551,2024-11-13,71.9926,-0.0061267539524328,SBI Bluechip Fund - Regular Plan - Growth,-0.6424506673730718
119551,2024-11-14,71.6423,-0.0048657778716144,SBI Bluechip Fund - Regular Plan - Growth,-0.7905760938876136
119551,2024-11-15,70.7956,-0.0118184368731881,SBI Bluechip Fund - Regular Plan - Growth,-1.0112194888745487
119551,2024-11-18,70.2577,-0.0075979298148471,SBI Bluechip Fund - Regular Plan - Growth,-1.0717558510768288
119551,2024-11-19,69.461,-0.011339682340868,SBI Bluechip Fund - Regular Plan - Growth,-1.2075016369066278
119551,2024-11-20,68.9013,-0.008057759030247,SBI Bluechip Fund - Regular Plan - Growth,-1.3713950920514868
119551,2024-11-21,69.5804,0.0098561275331523,SBI Bluechip Fund - Regular Plan - Growth,-1.0759183492390536
119551,2024-11-22,69.0359,-0.0078254795890796,SBI Bluechip Fund - Regular Plan - Growth,-1.1156860141556213
119551,2024-11-25,70.6938,0.0240150414494486,SBI Bluechip Fund - Regular Plan - Growth,-0.6332554665579678
119551,2024-11-26,71.0386,0.0048773725560091,SBI Bluechip Fund - Regular Plan - Growth,-0.5045471952728902
119551,2024-11-27,71.1912,0.0021481279191875,SBI Bluechip Fund - Regular Plan - Growth,-0.7409047997467995
119551,2024-11-28,70.6908,-0.0070289586353369,SBI Bluechip Fund - Regular Plan - Growth,-0.450314542602922
119551,2024-11-29,71.1655,0.0067151595398551,SBI Bluechip Fund - Regular Plan - Growth,-0.5229757475483304
119551,2024-12-02,70.8416,-0.0045513626687088,SBI Bluechip Fund - Regular Plan - Growth,-0.8584349563333058
119551,2024-12-03,70.9545,0.0015936963592013,SBI Bluechip Fund - Regular Plan - Growth,-0.47545228448238536
119551,2024-12-04,72.6122,0.0233628592971553,SBI Bluechip Fund - Regular Plan - Growth,0.06431644657390913
119551,2024-12-05,72.5881,-0.0003319001490108,SBI Bluechip Fund - Regular Plan - Growth,0.11316285094376821
119551,2024-12-06,73.3654,0.0107083667984144,SBI Bluechip Fund - Regular Plan - Growth,0.56822461516652
119551,2024-12-09,72.9495,-0.0056688847876518,SBI Bluechip Fund - Regular Plan - Growth,0.5817946998126439
119551,2024-12-10,72.9646,0.0002069925085161,SBI Bluechip Fund - Regular Plan - Growth,0.7777668344118487
119551,2024-12-11,74.1513,0.0162640513344827,SBI Bluechip Fund - Regular Plan - Growth,0.7808364726704992
119551,2024-12-12,73.7805,-0.0050005866384001,SBI Bluechip Fund - Regular Plan - Growth,0.5018341700688709
119551,2024-12-13,75.0079,0.0166358319610195,SBI Bluechip Fund - Regular Plan - Growth,0.5944754611891715
119551,2024-12-16,75.5165,0.0067806191081203,SBI Bluechip Fund - Regular Plan - Growth,0.5920645972563613
119551,2024-12-17,75.1816,-0.0044347923963635,SBI Bluechip Fund - Regular Plan - Growth,0.6959314140547309
119551,2024-12-18,75.6411,0.0061118677974396,SBI Bluechip Fund - Regular Plan - Growth,0.9024595629159641
119551,2024-12-19,76.3321,0.0091352452568775,SBI Bluechip Fund - Regular Plan - Growth,0.9854368962753216
119551,2024-12-20,76.7914,0.0060171277876541,SBI Bluechip Fund - Regular Plan - Growth,1.3217898173849563
119551,2024-12-23,75.7744,-0.0132436705151878,SBI Bluechip Fund - Regular Plan - Growth,0.9034975081331913
119551,2024-12-24,75.3289,-0.0058792943263159,SBI Bluechip Fund - Regular Plan - Growth,0.815392710778146
119551,2024-12-25,75.2034,-0.0016660272485062,SBI Bluechip Fund - Regular Plan - Growth,0.8382120847104096
119551,2024-12-26,75.1929,-0.0001396213469072,SBI Bluechip Fund - Regular Plan - Growth,0.7009077933632313
119551,2024-12-27,75.6446,0.0060072161068398,SBI Bluechip Fund - Regular Plan - Growth,0.731551428760163
119551,2024-12-30,75.8023,0.0020847489444058,SBI Bluechip Fund - Regular Plan - Growth,0.8273883285294727
119551,2024-12-31,74.9535,-0.0111975494147275,SBI Bluechip Fund - Regular Plan - Growth,0.3845183461007569
119551,2025-01-01,75.2441,0.0038770704503459,SBI Bluechip Fund - Regular Plan - Growth,0.6459593538441373
119551,2025-01-02,75.6894,0.0059180719817235,SBI Bluechip Fund - Regular Plan - Growth,0.6450022279637077
119551,2025-01-03,76.1032,0.0054670799345746,SBI Bluechip Fund - Regular Plan - Growth,0.6391812521334777
119551,2025-01-06,76.8717,0.0100981299078093,SBI Bluechip Fund - Regular Plan - Growth,0.8819988496491545
119551,2025-01-07,77.4791,0.0079014773967531,SBI Bluechip Fund - Regular Plan - Growth,0.9690710686242443
119551,2025-01-08,77.8337,0.0045767181084961,SBI Bluechip Fund - Regular Plan - Growth,1.2796155275031116
119551,2025-01-09,77.8257,-0.0001027832417063,SBI Bluechip Fund - Regular Plan - Growth,1.1074480981784414
119551,2025-01-10,76.7335,-0.0140339245262167,SBI Bluechip Fund - Regular Plan - Growth,0.8331570800147133
119551,2025-01-13,77.0646,0.0043149341552255,SBI Bluechip Fund - Regular Plan - Growth,1.001072739477689
119551,2025-01-14,77.2457,0.0023499765132108,SBI Bluechip Fund - Regular Plan - Growth,0.8573558474698443
119551,2025-01-15,77.4709,0.002915372635629,SBI Bluechip Fund - Regular Plan - Growth,1.0322411667441023
119551,2025-01-16,76.643,-0.0106865932885766,SBI Bluechip Fund - Regular Plan - Growth,1.0574411506141799
119551,2025-01-17,75.9549,-0.0089779888574299,SBI Bluechip Fund - Regular Plan - Growth,1.1491853027627803
119551,2025-01-20,76.7032,0.0098518989558278,SBI Bluechip Fund - Regular Plan - Growth,1.2246244424021129
119551,2025-01-21,76.716,0.0001668770012202,SBI Bluechip Fund - Regular Plan - Growth,1.4587300113888948
119551,2025-01-22,77.2183,0.0065475259398299,SBI Bluechip Fund - Regular Plan - Growth,1.2831113944049857
119551,2025-01-23,77.2775,0.0007666576446256,SBI Bluechip Fund - Regular Plan - Growth,1.711482146529048
119551,2025-01-24,77.3376,0.0007777166704407,SBI Bluechip Fund - Regular Plan - Growth,1.4215625391220004
119551,2025-01-27,78.0205,0.0088301162694472,SBI Bluechip Fund - Regular Plan - Growth,1.5532642057383852
119551,2025-01-28,77.7063,-0.0040271467114412,SBI Bluechip Fund - Regular Plan - Growth,1.4709415531995786
119551,2025-01-29,77.8123,0.0013641107606461,SBI Bluechip Fund - Regular Plan - Growth,1.5958925485802729
119551,2025-01-30,77.5357,-0.0035547079317792,SBI Bluechip Fund - Regular Plan - Growth,1.4309374718341048
119551,2025-01-31,77.279,-0.0033107329913834,SBI Bluechip Fund - Regular Plan - Growth,1.3537571391753997
119551,2025-02-03,77.1084,-0.0022075855018827,SBI Bluechip Fund - Regular Plan - Growth,1.0922668189463667
119551,2025-02-04,77.2995,0.0024783292092689,SBI Bluechip Fund - Regular Plan - Growth,1.1127015173478494
119551,2025-02-05,77.0135,-0.0036998945659415,SBI Bluechip Fund - Regular Plan - Growth,0.99110294560126
119551,2025-02-06,77.9113,0.0116576963779078,SBI Bluechip Fund - Regular Plan - Growth,1.2896304074848581
119551,2025-02-07,77.3389,-0.0073468161871256,SBI Bluechip Fund - Regular Plan - Growth,1.1258102991436583
119551,2025-02-10,77.2514,-0.0011313840770943,SBI Bluechip Fund - Regular Plan - Growth,1.0329685943597873
119551,2025-02-11,76.9921,-0.0033565734731022,SBI Bluechip Fund - Regular Plan - Growth,1.2927252342917113
119551,2025-02-12,78.0212,0.0133663064132554,SBI Bluechip Fund - Regular Plan - Growth,1.82722253538285
119551,2025-02-13,78.1968,0.0022506703306282,SBI Bluechip Fund - Regular Plan - Growth,1.7273876851249568
119551,2025-02-14,78.9524,0.0096627995007467,SBI Bluechip Fund - Regular Plan - Growth,1.881657925252062
119551,2025-02-17,77.965,-0.0125062696004173,SBI Bluechip Fund - Regular Plan - Growth,1.6111863400382296
119551,2025-02-18,78.1891,0.0028743667030075,SBI Bluechip Fund - Regular Plan - Growth,1.6574615302887983
119551,2025-02-19,78.8457,0.0083975899454016,SBI Bluechip Fund - Regular Plan - Growth,1.752963103633542
119551,2025-02-20,78.9436,0.0012416656837344,SBI Bluechip Fund - Regular Plan - Growth,1.8733348640649918
119551,2025-02-21,79.73,0.0099615421642793,SBI Bluechip Fund - Regular Plan - Growth,2.215564113421006
119551,2025-02-24,79.4081,-0.0040373761444876,SBI Bluechip Fund - Regular Plan - Growth,2.0778429475755016
119551,2025-02-25,80.4427,0.0130288975557908,SBI Bluechip Fund - Regular Plan - Growth,2.5143128716904624
119551,2025-02-26,82.1327,0.0210087428691478,SBI Bluechip Fund - Regular Plan - Growth,2.7874463389264625
119551,2025-02-27,81.9125,-0.0026810271670114,SBI Bluechip Fund - Regular Plan - Growth,3.0833675785720795
119551,2025-02-28,81.6334,-0.0034072943689913,SBI Bluechip Fund - Regular Plan - Growth,2.8200802566412313
119551,2025-03-03,82.7292,0.0134234271756414,SBI Bluechip Fund - Regular Plan - Growth,2.9721328761397867
119551,2025-03-04,83.933,0.0145510895790119,SBI Bluechip Fund - Regular Plan - Growth,3.1757224049691626
119551,2025-03-05,83.5899,-0.0040877843041474,SBI Bluechip Fund - Regular Plan - Growth,2.90871359479814
119551,2025-03-06,83.3237,-0.0031845952680885,SBI Bluechip Fund - Regular Plan - Growth,2.5626511416437374
119551,2025-03-07,83.1598,-0.001967027388366,SBI Bluechip Fund - Regular Plan - Growth,2.334646829305133
119551,2025-03-10,82.222,-0.0112770833984691,SBI Bluechip Fund - Regular Plan - Growth,2.4493153131108802
119551,2025-03-11,81.6006,-0.0075575879934809,SBI Bluechip Fund - Regular Plan - Growth,2.5291813672855743
119551,2025-03-12,80.9229,-0.0083050859920147,SBI Bluechip Fund - Regular Plan - Growth,2.448311580841371
119551,2025-03-13,80.4183,-0.0062355649636876,SBI Bluechip Fund - Regular Plan - Growth,2.2907981428064277
119551,2025-03-14,80.4352,0.0002101511720589,SBI Bluechip Fund - Regular Plan - Growth,2.1907328332056775
119551,2025-03-17,80.6431,0.002584689290261,SBI Bluechip Fund - Regular Plan - Growth,2.377584511882909
119551,2025-03-18,81.7956,0.0142913652872966,SBI Bluechip Fund - Regular Plan - Growth,2.5987234174190186
119551,2025-03-19,81.1204,-0.0082547227479227,SBI Bluechip Fund - Regular Plan - Growth,2.5471414239126844
119551,2025-03-20,81.8699,0.0092393528631515,SBI Bluechip Fund - Regular Plan - Growth,2.8354332083325104
119551,2025-03-21,81.7577,-0.0013704670458862,SBI Bluechip Fund - Regular Plan - Growth,3.09334168832294
119551,2025-03-24,81.7642,7.950321498784163e-05,SBI Bluechip Fund - Regular Plan - Growth,3.276566141830791
119551,2025-03-25,82.2947,0.0064881696390353,SBI Bluechip Fund - Regular Plan - Growth,3.6992663106460566
119551,2025-03-26,81.5259,-0.0093420353923158,SBI Bluechip Fund - Regular Plan - Growth,3.6634945404949764
119551,2025-03-27,81.8436,0.003896921101147,SBI Bluechip Fund - Regular Plan - Growth,3.553665544106854
119551,2025-03-28,82.0061,0.0019854942842203,SBI Bluechip Fund - Regular Plan - Growth,3.7943424156733205
119551,2025-03-31,82.4055,0.0048703693993494,SBI Bluechip Fund - Regular Plan - Growth,3.526979404095641
119551,2025-04-01,82.6586,0.0030713969334572,SBI Bluechip Fund - Regular Plan - Growth,3.4887955755313014
119551,2025-04-02,84.5115,0.022416300300271,SBI Bluechip Fund - Regular Plan - Growth,3.8011259940020494
119551,2025-04-03,84.0809,-0.0050951645634026,SBI Bluechip Fund - Regular Plan - Growth,3.8534626874165534
119551,2025-04-04,83.7313,-0.0041579003079176,SBI Bluechip Fund - Regular Plan - Growth,3.6119052444701305
119551,2025-04-07,83.3153,-0.0049682735130114,SBI Bluechip Fund - Regular Plan - Growth,3.6011144055471864
119551,2025-04-08,82.951,-0.0043725462190017,SBI Bluechip Fund - Regular Plan - Growth,3.4598021452685277
119551,2025-04-09,82.5286,-0.0050921628431241,SBI Bluechip Fund - Regular Plan - Growth,2.951399085669724
119551,2025-04-10,83.4416,0.0110628315517287,SBI Bluechip Fund - Regular Plan - Growth,3.1829254424791382
119551,2025-04-11,84.5371,0.0131289428774137,SBI Bluechip Fund - Regular Plan - Growth,3.222564014565496
119551,2025-04-14,84.156,-0.004508079884453,SBI Bluechip Fund - Regular Plan - Growth,3.2529692305209115
119551,2025-04-15,83.5836,-0.0068016540710109,SBI Bluechip Fund - Regular Plan - Growth,3.07772520675396
119551,2025-04-16,83.9751,0.0046839332117782,SBI Bluechip Fund - Regular Plan - Growth,2.8746093543765157
119551,2025-04-17,83.6103,-0.0043441448715154,SBI Bluechip Fund - Regular Plan - Growth,2.8915768879974095
119551,2025-04-18,84.1217,0.0061164712960006,SBI Bluechip Fund - Regular Plan - Growth,2.706869422303192
119551,2025-04-21,84.3159,0.0023085600980483,SBI Bluechip Fund - Regular Plan - Growth,2.6110433443227232
119551,2025-04-22,83.2392,-0.0127698334477839,SBI Bluechip Fund - Regular Plan - Growth,2.3808861604863663
119551,2025-04-23,84.4265,0.0142637122894022,SBI Bluechip Fund - Regular Plan - Growth,2.5320611631131618
119551,2025-04-24,85.8186,0.0164888986278004,SBI Bluechip Fund - Regular Plan - Growth,2.6565776701798707
119551,2025-04-25,85.4001,-0.0048765652201272,SBI Bluechip Fund - Regular Plan - Growth,2.412220571468912
119551,2025-04-28,85.1525,-0.0028992940289296,SBI Bluechip Fund - Regular Plan - Growth,2.6870506602033526
119551,2025-04-29,85.4115,0.0030416018320071,SBI Bluechip Fund - Regular Plan - Growth,2.900910423511136
119551,2025-04-30,85.708,0.0034714294913447,SBI Bluechip Fund - Regular Plan - Growth,3.018551930327198
119551,2025-05-01,86.2517,0.0063436318663367,SBI Bluechip Fund - Regular Plan - Growth,3.1591199599474726
119551,2025-05-02,87.8398,0.018412390712299,SBI Bluechip Fund - Regular Plan - Growth,3.3588684819622507
119551,2025-05-05,87.7481,-0.0010439459106237,SBI Bluechip Fund - Regular Plan - Growth,3.287843808232235
119551,2025-05-06,87.1774,-0.0065038445276875,SBI Bluechip Fund - Regular Plan - Growth,3.420959964578075
119551,2025-05-07,86.1678,-0.0115809831447142,SBI Bluechip Fund - Regular Plan - Growth,3.0321607130936945
119551,2025-05-08,85.6583,-0.0059128816100678,SBI Bluechip Fund - Regular Plan - Growth,2.7649127833726896
119551,2025-05-09,85.6775,0.0002241464049601,SBI Bluechip Fund - Regular Plan - Growth,2.6540204964236986
119551,2025-05-12,87.0892,0.0164769046715882,SBI Bluechip Fund - Regular Plan - Growth,2.757530140849655
119551,2025-05-13,86.7373,-0.0040406847232492,SBI Bluechip Fund - Regular Plan - Growth,2.5028439728718372
119551,2025-05-14,86.9535,0.0024925839287135,SBI Bluechip Fund - Regular Plan - Growth,2.4597895873261986
119551,2025-05-15,86.9857,0.000370312868372,SBI Bluechip Fund - Regular Plan - Growth,2.470237226033196
119551,2025-05-16,87.9475,0.0110569898270636,SBI Bluechip Fund - Regular Plan - Growth,3.0501782000358304
119551,2025-05-19,89.9759,0.0230637596293241,SBI Bluechip Fund - Regular Plan - Growth,3.332829268868145
119551,2025-05-20,89.6018,-0.004157780027763,SBI Bluechip Fund - Regular Plan - Growth,3.186949636098662
119551,2025-05-21,89.262,-0.0037923345289937,SBI Bluechip Fund - Regular Plan - Growth,3.039185727529122
119551,2025-05-22,90.1342,0.0097712352400798,SBI Bluechip Fund - Regular Plan - Growth,3.4930751134691094
119551,2025-05-23,90.7247,0.0065513423317673,SBI Bluechip Fund - Regular Plan - Growth,3.8514394950958604
119551,2025-05-26,92.2619,0.0169435666362081,SBI Bluechip Fund - Regular Plan - Growth,3.9507117801384966
119551,2025-05-27,92.7861,0.0056816519061497,SBI Bluechip Fund - Regular Plan - Growth,4.063728350966815
119551,2025-05-28,92.5403,-0.0026491036911778,SBI Bluechip Fund - Regular Plan - Growth,3.8697501709135183
119551,2025-05-29,93.0716,0.0057412824466747,SBI Bluechip Fund - Regular Plan - Growth,3.9704906006199447
119551,2025-05-30,94.0346,0.010346872730242,SBI Bluechip Fund - Regular Plan - Growth,4.149775363610059
119551,2025-06-02,94.7664,0.0077822418556574,SBI Bluechip Fund - Regular Plan - Growth,4.132066042687917
119551,2025-06-03,95.2404,0.0050017727802258,SBI Bluechip Fund - Regular Plan - Growth,4.331536932988799
119551,2025-06-04,96.1902,0.0099726586616604,SBI Bluechip Fund - Regular Plan - Growth,4.49151321876671
119551,2025-06-05,97.2374,0.0108867639322922,SBI Bluechip Fund - Regular Plan - Growth,4.779682983740442
119551,2025-06-06,98.4808,0.0127872608687604,SBI Bluechip Fund - Regular Plan - Growth,5.0876693504269905
119551,2025-06-09,99.0969,0.0062560417868253,SBI Bluechip Fund - Regular Plan - Growth,5.267929557687374
119551,2025-06-10,99.002,-0.0009576485238187,SBI Bluechip Fund - Regular Plan - Growth,5.191142977623375
119551,2025-06-11,99.1814,0.0018120846043514,SBI Bluechip Fund - Regular Plan - Growth,5.322215389969392
119551,2025-06-12,100.294,0.0112178291494171,SBI Bluechip Fund - Regular Plan - Growth,5.316212962544002
119551,2025-06-13,99.6254,-0.0066664007817017,SBI Bluechip Fund - Regular Plan - Growth,5.335910164205146
119551,2025-06-16,100.0015,0.0037751416807358,SBI Bluechip Fund - Regular Plan - Growth,5.444369659618141
119551,2025-06-17,99.7066,-0.0029489557656634,SBI Bluechip Fund - Regular Plan - Growth,5.454958425831278
119551,2025-06-18,99.7833,0.0007692570000381,SBI Bluechip Fund - Regular Plan - Growth,5.236560638465148
119551,2025-06-19,100.9668,0.0118607021415408,SBI Bluechip Fund - Regular Plan - Growth,5.403431910304943
119551,2025-06-20,101.1893,0.0022036946798353,SBI Bluechip Fund - Regular Plan - Growth,5.267011718169527
119551,2025-06-23,101.283,0.000925987233828,SBI Bluechip Fund - Regular Plan - Growth,5.6531978593807395
119551,2025-06-24,100.1272,-0.0114115893091634,SBI Bluechip Fund - Regular Plan - Growth,5.261152726141914
119551,2025-06-25,100.8404,0.0071229396208023,SBI Bluechip Fund - Regular Plan - Growth,5.23970221385283
119551,2025-06-26,101.4684,0.0062276627224802,SBI Bluechip Fund - Regular Plan - Growth,5.340446753336295
119551,2025-06-27,103.4762,0.019787441213225,SBI Bluechip Fund - Regular Plan - Growth,5.4455293682793355
119551,2025-06-30,103.2489,-0.0021966403868716,SBI Bluechip Fund - Regular Plan - Growth,5.492859327519786
119551,2025-07-01,103.502,0.0024513578352891,SBI Bluechip Fund - Regular Plan - Growth,5.316612591445905
119551,2025-07-02,103.7835,0.0027197542076482,SBI Bluechip Fund - Regular Plan - Growth,5.070188297303757
119551,2025-07-03,105.2917,0.0145321751530831,SBI Bluechip Fund - Regular Plan - Growth,5.389353436361126
119551,2025-07-04,105.2575,-0.000324811927246,SBI Bluechip Fund - Regular Plan - Growth,5.4675004046278834
119551,2025-07-07,105.5713,0.0029812602427381,SBI Bluechip Fund - Regular Plan - Growth,5.294645296396082
119551,2025-07-08,106.1935,0.0058936472317761,SBI Bluechip Fund - Regular Plan - Growth,5.165251878939869
119551,2025-07-09,106.4233,0.0021639742545447,SBI Bluechip Fund - Regular Plan - Growth,5.321244682028799
119551,2025-07-10,106.0599,-0.0034146657733785,SBI Bluechip Fund - Regular Plan - Growth,5.314986235724101
119551,2025-07-11,106.2964,0.0022298719874336,SBI Bluechip Fund - Regular Plan - Growth,5.416344073703345
119551,2025-07-14,107.363,0.0100342062384048,SBI Bluechip Fund - Regular Plan - Growth,5.9571344913077
119551,2025-07-15,106.4503,-0.0085010664754151,SBI Bluechip Fund - Regular Plan - Growth,5.9254954776101485
119551,2025-07-16,106.6302,0.0016899905401863,SBI Bluechip Fund - Regular Plan - Growth,6.215111129175684
119551,2025-07-17,106.0286,-0.0056419288344202,SBI Bluechip Fund - Regular Plan - Growth,6.2343295763745505
119551,2025-07-18,107.2072,0.0111158687373029,SBI Bluechip Fund - Regular Plan - Growth,6.446039066954285
119551,2025-07-21,105.8313,-0.0128340260728757,SBI Bluechip Fund - Regular Plan - Growth,5.970219335316294
119551,2025-07-22,105.3653,-0.0044032342038696,SBI Bluechip Fund - Regular Plan - Growth,5.600134150920162
119551,2025-07-23,105.7709,0.0038494646719555,SBI Bluechip Fund - Regular Plan - Growth,5.928049137666703
119551,2025-07-24,107.2967,0.0144255177936465,SBI Bluechip Fund - Regular Plan - Growth,5.994470010149042
119551,2025-07-25,107.2898,-6.430766277065736e-05,SBI Bluechip Fund - Regular Plan - Growth,6.028209896842478
119551,2025-07-28,106.8209,-0.0043704061336679,SBI Bluechip Fund - Regular Plan - Growth,5.907123811012299
119551,2025-07-29,108.6639,0.0172531779829603,SBI Bluechip Fund - Regular Plan - Growth,6.044319876413836
119551,2025-07-30,107.3404,-0.0121797579508925,SBI Bluechip Fund - Regular Plan - Growth,5.9444891332443035
119551,2025-07-31,105.3333,-0.0186984583623687,SBI Bluechip Fund - Regular Plan - Growth,5.263145460459134
119551,2025-08-01,105.7974,0.0044060140525361,SBI Bluechip Fund - Regular Plan - Growth,5.312257013411284
119551,2025-08-04,105.3843,-0.0039046328170635,SBI Bluechip Fund - Regular Plan - Growth,5.115819539241182
119551,2025-08-05,104.4934,-0.0084538209201939,SBI Bluechip Fund - Regular Plan - Growth,4.834138196806432
119551,2025-08-06,105.2024,0.0067851175289539,SBI Bluechip Fund - Regular Plan - Growth,4.648927019183855
119551,2025-08-07,105.4833,0.002670091176627,SBI Bluechip Fund - Regular Plan - Growth,4.833350614440401
119551,2025-08-08,105.014,-0.0044490454887171,SBI Bluechip Fund - Regular Plan - Growth,4.825703051271394
119551,2025-08-11,103.8885,-0.0107176186032338,SBI Bluechip Fund - Regular Plan - Growth,4.661027706916958
119551,2025-08-12,104.745,0.008244415888188,SBI Bluechip Fund - Regular Plan - Growth,4.929460039282296
119551,2025-08-13,105.4017,0.0062695116712014,SBI Bluechip Fund - Regular Plan - Growth,5.185462678470651
119551,2025-08-14,105.3639,-0.0003586279917686,SBI Bluechip Fund - Regular Plan - Growth,4.970637103890803
119551,2025-08-15,107.1491,0.0169431845252501,SBI Bluechip Fund - Regular Plan - Growth,5.013159390086719
119551,2025-08-18,106.1974,-0.0088820158078789,SBI Bluechip Fund - Regular Plan - Growth,4.890735049440623
119551,2025-08-19,104.8323,-0.0128543636661537,SBI Bluechip Fund - Regular Plan - Growth,4.710844183988899
119551,2025-08-20,104.2483,-0.0055708021287332,SBI Bluechip Fund - Regular Plan - Growth,4.480469171749024
119551,2025-08-21,104.2602,0.0001141505425028,SBI Bluechip Fund - Regular Plan - Growth,4.5854069286401025
119551,2025-08-22,104.5381,0.0026654466421511,SBI Bluechip Fund - Regular Plan - Growth,4.519373500331587
119551,2025-08-25,104.3698,-0.0016099393426893,SBI Bluechip Fund - Regular Plan - Growth,4.433716545103428
119551,2025-08-26,104.7483,0.0036265279803162,SBI Bluechip Fund - Regular Plan - Growth,4.8545302862958675
119551,2025-08-27,103.652,-0.0104660409763213,SBI Bluechip Fund - Regular Plan - Growth,4.330700808602063
119551,2025-08-28,105.0344,0.0133369351290857,SBI Bluechip Fund - Regular Plan - Growth,4.291905564463367
119551,2025-08-29,105.0125,-0.0002085031189781,SBI Bluechip Fund - Regular Plan - Growth,4.405178178468247
119551,2025-09-01,106.1071,0.0104235210094036,SBI Bluechip Fund - Regular Plan - Growth,4.671150696609052
119551,2025-09-02,106.4832,0.0035445318927762,SBI Bluechip Fund - Regular Plan - Growth,4.681364906714529
119551,2025-09-03,106.9682,0.0045547090996513,SBI Bluechip Fund - Regular Plan - Growth,4.702789644289557
119551,2025-09-04,107.5625,0.0055558567873443,SBI Bluechip Fund - Regular Plan - Growth,4.688338318680683
119551,2025-09-05,108.0437,0.0044736780941312,SBI Bluechip Fund - Regular Plan - Growth,4.486961881644275
119551,2025-09-08,108.714,0.0062039711709243,SBI Bluechip Fund - Regular Plan - Growth,4.640485151243023
119551,2025-09-09,110.0526,0.0123130415585848,SBI Bluechip Fund - Regular Plan - Growth,5.035918266591939
119551,2025-09-10,110.3004,0.0022516505743617,SBI Bluechip Fund - Regular Plan - Growth,5.4220064590126285
119551,2025-09-11,111.0495,0.006791453158828,SBI Bluechip Fund - Regular Plan - Growth,5.727163565855417
119551,2025-09-12,111.0189,-0.0002755527940242,SBI Bluechip Fund - Regular Plan - Growth,5.714836831742215
119551,2025-09-15,112.4959,0.0133040410236455,SBI Bluechip Fund - Regular Plan - Growth,5.68289957874541
119551,2025-09-16,111.8846,-0.0054339758160074,SBI Bluechip Fund - Regular Plan - Growth,5.641980809271068
119551,2025-09-17,113.7344,0.0165331064328779,SBI Bluechip Fund - Regular Plan - Growth,5.856527796658454
119551,2025-09-18,113.7528,0.0001617804287885,SBI Bluechip Fund - Regular Plan - Growth,5.851472582381313
119551,2025-09-19,112.3845,-0.0120287148975672,SBI Bluechip Fund - Regular Plan - Growth,5.285633329714026
119551,2025-09-22,112.5695,0.0016461344758396,SBI Bluechip Fund - Regular Plan - Growth,5.003143429618524
119551,2025-09-23,111.9532,-0.005474839987741,SBI Bluechip Fund - Regular Plan - Growth,4.965740094068029
119551,2025-09-24,112.8445,0.0079613624264425,SBI Bluechip Fund - Regular Plan - Growth,5.229440749141573
119551,2025-09-25,112.2547,-0.0052266614677719,SBI Bluechip Fund - Regular Plan - Growth,4.895686640282902
119551,2025-09-26,111.8716,-0.0034127746989658,SBI Bluechip Fund - Regular Plan - Growth,4.669647238033723
119551,2025-09-29,110.0796,-0.016018363910054,SBI Bluechip Fund - Regular Plan - Growth,3.907437965851378
119551,2025-09-30,109.6979,-0.0034674907975682,SBI Bluechip Fund - Regular Plan - Growth,3.703614549825501
119551,2025-10-01,107.4332,-0.0206448801663478,SBI Bluechip Fund - Regular Plan - Growth,3.184134306093567
119551,2025-10-02,105.9976,-0.0133627221380354,SBI Bluechip Fund - Regular Plan - Growth,2.7411701296842517
119551,2025-10-03,106.7659,0.0072482773194864,SBI Bluechip Fund - Regular Plan - Growth,2.6868310669376685
119551,2025-10-06,107.5639,0.0074742965684737,SBI Bluechip Fund - Regular Plan - Growth,2.6812659219058967
119551,2025-10-07,108.0239,0.0042765277198018,SBI Bluechip Fund - Regular Plan - Growth,2.6672599221769695
119551,2025-10-08,107.1619,-0.0079797155999736,SBI Bluechip Fund - Regular Plan - Growth,2.2947466890635355
119551,2025-10-09,107.1721,9.518308279332643e-05,SBI Bluechip Fund - Regular Plan - Growth,2.0872855973939455
119551,2025-10-10,107.224,0.0004842678271677,SBI Bluechip Fund - Regular Plan - Growth,1.8517992876689946
119551,2025-10-13,106.1889,-0.0096536223233604,SBI Bluechip Fund - Regular Plan - Growth,1.508076179290082
119551,2025-10-14,107.6618,0.0138705646258694,SBI Bluechip Fund - Regular Plan - Growth,1.794114619405135
119551,2025-10-15,108.554,0.0082870618919617,SBI Bluechip Fund - Regular Plan - Growth,1.9197157157165747
119551,2025-10-16,108.3986,-0.0014315455902131,SBI Bluechip Fund - Regular Plan - Growth,1.6730312965090903
119551,2025-10-17,108.4803,0.0007536997710302,SBI Bluechip Fund - Regular Plan - Growth,1.8345109807813371
119551,2025-10-20,108.7359,0.0023561881742584,SBI Bluechip Fund - Regular Plan - Growth,1.8059002128038975
119551,2025-10-21,106.8506,-0.0173383399594798,SBI Bluechip Fund - Regular Plan - Growth,1.471262524361155
119551,2025-10-22,106.6729,-0.00166306974411,SBI Bluechip Fund - Regular Plan - Growth,1.4213340505225769
119551,2025-10-23,106.088,-0.0054831170803456,SBI Bluechip Fund - Regular Plan - Growth,1.0769649018099907
119551,2025-10-24,105.2092,-0.0082836890128948,SBI Bluechip Fund - Regular Plan - Growth,0.8583354250920875
119551,2025-10-27,105.0029,-0.0019608551343418,SBI Bluechip Fund - Regular Plan - Growth,0.7994725554126035
119551,2025-10-28,106.7359,0.0165043060715466,SBI Bluechip Fund - Regular Plan - Growth,1.3543160105109402
119551,2025-10-29,107.3963,0.0061872340983679,SBI Bluechip Fund - Regular Plan - Growth,1.3365839492091607
119551,2025-10-30,106.9118,-0.0045113286025681,SBI Bluechip Fund - Regular Plan - Growth,1.1208251311251898
119551,2025-10-31,107.5085,0.0055812361217377,SBI Bluechip Fund - Regular Plan - Growth,0.8568122540643699
119551,2025-11-03,108.8996,0.0129394419976096,SBI Bluechip Fund - Regular Plan - Growth,1.156494147138255
119551,2025-11-04,109.8479,0.0087080209661007,SBI Bluechip Fund - Regular Plan - Growth,1.2783803137983303
119551,2025-11-05,109.9624,0.0010423503772034,SBI Bluechip Fund - Regular Plan - Growth,1.2446473035362302
119551,2025-11-06,109.3932,-0.0051763148130634,SBI Bluechip Fund - Regular Plan - Growth,0.854212971024209
119551,2025-11-07,110.1257,0.0066960286379775,SBI Bluechip Fund - Regular Plan - Growth,0.9958896574048632
119551,2025-11-10,110.5656,0.0039945262549978,SBI Bluechip Fund - Regular Plan - Growth,1.0162299324753585
119551,2025-11-11,111.4994,0.0084456648360791,SBI Bluechip Fund - Regular Plan - Growth,1.065868134019145
119551,2025-11-12,112.1836,0.0061363558907043,SBI Bluechip Fund - Regular Plan - Growth,1.144733150619548
119551,2025-11-13,113.2853,0.0098205085235276,SBI Bluechip Fund - Regular Plan - Growth,1.4080271841375491
119551,2025-11-14,112.81,-0.0041956017241425,SBI Bluechip Fund - Regular Plan - Growth,1.275348030934434
119551,2025-11-17,114.1872,0.012208137576456,SBI Bluechip Fund - Regular Plan - Growth,1.315038067919776
119551,2025-11-18,114.4454,0.0022611991536705,SBI Bluechip Fund - Regular Plan - Growth,1.5422600055654154
119551,2025-11-19,116.6194,0.0189959578978271,SBI Bluechip Fund - Regular Plan - Growth,1.8499128257085509
119551,2025-11-20,115.9725,-0.0055471045126282,SBI Bluechip Fund - Regular Plan - Growth,1.8519630028766885
119551,2025-11-21,117.8225,0.0159520575998621,SBI Bluechip Fund - Regular Plan - Growth,1.9315229592871614
119551,2025-11-24,118.0892,0.0022635744446095,SBI Bluechip Fund - Regular Plan - Growth,2.2601032823337404
119551,2025-11-25,117.4733,-0.0052155489240337,SBI Bluechip Fund - Regular Plan - Growth,2.2422838054488587
119551,2025-11-26,117.0334,-0.0037446807061689,SBI Bluechip Fund - Regular Plan - Growth,2.088044103301647
119551,2025-11-27,116.7635,-0.0023061792616467,SBI Bluechip Fund - Regular Plan - Growth,1.7758475696293703
119551,2025-11-28,117.2615,0.0042650314524659,SBI Bluechip Fund - Regular Plan - Growth,1.8619205912316223
119551,2025-12-01,117.8643,0.0051406471859902,SBI Bluechip Fund - Regular Plan - Growth,2.055732674518852
119551,2025-12-02,117.3299,-0.0045340276911669,SBI Bluechip Fund - Regular Plan - Growth,1.6443536634560003
119551,2025-12-03,117.3653,0.0003017133739993,SBI Bluechip Fund - Regular Plan - Growth,1.9262048681666002
119551,2025-12-04,119.6655,0.0195986377574972,SBI Bluechip Fund - Regular Plan - Growth,2.7364773561143516
119551,2025-12-05,121.5653,0.0158759207958851,SBI Bluechip Fund - Regular Plan - Growth,2.93093991319215
119551,2025-12-08,122.0969,0.0043729584017808,SBI Bluechip Fund - Regular Plan - Growth,3.1069351782651196
119551,2025-12-09,122.2009,0.0008517824776876,SBI Bluechip Fund - Regular Plan - Growth,3.325349615472495
119551,2025-12-10,122.3934,0.0015752748138515,SBI Bluechip Fund - Regular Plan - Growth,3.223376617082163
119551,2025-12-11,123.121,0.005944764995498,SBI Bluechip Fund - Regular Plan - Growth,3.2872855832355734
119551,2025-12-12,122.0783,-0.0084689045735495,SBI Bluechip Fund - Regular Plan - Growth,3.187240713245824
119551,2025-12-15,121.8644,-0.0017521541502462,SBI Bluechip Fund - Regular Plan - Growth,3.4109622522445884
119551,2025-12-16,120.1462,-0.0140992775576789,SBI Bluechip Fund - Regular Plan - Growth,2.8961706476762448
119551,2025-12-17,120.6322,0.0040450717542461,SBI Bluechip Fund - Regular Plan - Growth,2.853846436500229
119551,2025-12-18,121.3853,0.0062429434263819,SBI Bluechip Fund - Regular Plan - Growth,2.9859084015344997
119551,2025-12-19,120.9315,-0.0037385086991588,SBI Bluechip Fund - Regular Plan - Growth,2.602272669490984
119551,2025-12-22,122.6852,0.0145015980120977,SBI Bluechip Fund - Regular Plan - Growth,3.0772818675416342
119551,2025-12-23,121.4287,-0.0102416591406298,SBI Bluechip Fund - Regular Plan - Growth,3.1488384527639135
119551,2025-12-24,119.9324,-0.0123224575409273,SBI Bluechip Fund - Regular Plan - Growth,2.9738181597011977
119551,2025-12-25,120.2321,0.0024989077180144,SBI Bluechip Fund - Regular Plan - Growth,3.0235812471865677
119551,2025-12-26,121.4101,0.0097977162504854,SBI Bluechip Fund - Regular Plan - Growth,3.1554968499271703
119551,2025-12-29,123.2902,0.0154855320932936,SBI Bluechip Fund - Regular Plan - Growth,3.4616353634297607
119551,2025-12-30,122.8556,-0.0035250165868819,SBI Bluechip Fund - Regular Plan - Growth,3.309728268750572
119551,2025-12-31,124.0939,0.010079312623926,SBI Bluechip Fund - Regular Plan - Growth,3.751451191714286
119551,2026-01-01,124.1158,0.0001764792628806,SBI Bluechip Fund - Regular Plan - Growth,3.516012882367071
119551,2026-01-02,123.9909,-0.0010063182930778,SBI Bluechip Fund - Regular Plan - Growth,3.4984722060314244
119551,2026-01-05,125.0255,0.0083441607408285,SBI Bluechip Fund - Regular Plan - Growth,3.4638933510094803
119551,2026-01-06,125.8117,0.0062883171832945,SBI Bluechip Fund - Regular Plan - Growth,3.5161207385950375
119551,2026-01-07,124.1387,-0.0132976503775086,SBI Bluechip Fund - Regular Plan - Growth,3.0952435546418418
119551,2026-01-08,125.8307,0.013629915570245,SBI Bluechip Fund - Regular Plan - Growth,3.228900476638323
119551,2026-01-09,127.4373,0.0127679493160253,SBI Bluechip Fund - Regular Plan - Growth,3.368197565908768
119551,2026-01-12,126.8016,-0.0049883354402517,SBI Bluechip Fund - Regular Plan - Growth,3.1386659526348404
119551,2026-01-13,127.3106,0.004014144931925,SBI Bluechip Fund - Regular Plan - Growth,2.996426779764233
119551,2026-01-14,127.9325,0.0048849035351339,SBI Bluechip Fund - Regular Plan - Growth,3.0470898362980003
119551,2026-01-15,128.2931,0.0028186739100697,SBI Bluechip Fund - Regular Plan - Growth,2.972769308284069
119551,2026-01-16,127.7379,-0.0043275904939549,SBI Bluechip Fund - Regular Plan - Growth,2.884629968470238
119551,2026-01-19,127.049,-0.0053930744125274,SBI Bluechip Fund - Regular Plan - Growth,2.526587386921769
119551,2026-01-20,127.0859,0.0002904391219133,SBI Bluechip Fund - Regular Plan - Growth,2.651111544647403
119551,2026-01-21,128.4734,0.0109178122828732,SBI Bluechip Fund - Regular Plan - Growth,2.5637375797581066
119551,2026-01-22,129.1574,0.0053240592994348,SBI Bluechip Fund - Regular Plan - Growth,2.6666579797879324
119551,2026-01-23,128.8023,-0.0027493585346251,SBI Bluechip Fund - Regular Plan - Growth,2.892679916309596
119551,2026-01-26,129.7489,0.0073492476454224,SBI Bluechip Fund - Regular Plan - Growth,3.003065810355301
119551,2026-01-27,126.5952,-0.0243061790889941,SBI Bluechip Fund - Regular Plan - Growth,2.497906042595708
119551,2026-01-28,127.9503,0.0107041973155379,SBI Bluechip Fund - Regular Plan - Growth,2.5442875524791875
119551,2026-01-29,126.0672,-0.0147174332533803,SBI Bluechip Fund - Regular Plan - Growth,2.3227795236730855
119551,2026-01-30,125.7297,-0.0026771436186415,SBI Bluechip Fund - Regular Plan - Growth,2.338064801910572
119551,2026-02-02,124.5585,-0.0093152214631865,SBI Bluechip Fund - Regular Plan - Growth,2.500267878042295
119551,2026-02-03,123.2079,-0.0108430978215056,SBI Bluechip Fund - Regular Plan - Growth,2.3349519579415854
119551,2026-02-04,124.54,0.0108118067104463,SBI Bluechip Fund - Regular Plan - Growth,3.032874256553178
119551,2026-02-05,124.0913,-0.0036028585193512,SBI Bluechip Fund - Regular Plan - Growth,3.2762296976453307
119551,2026-02-06,124.5354,0.0035788165649002,SBI Bluechip Fund - Regular Plan - Growth,3.2080135269762637
119551,2026-02-09,124.5481,0.0001019790356799,SBI Bluechip Fund - Regular Plan - Growth,3.064829119298227
119551,2026-02-10,125.1377,0.0047339140460591,SBI Bluechip Fund - Regular Plan - Growth,3.073571191383023
119551,2026-02-11,125.2871,0.001193884816486,SBI Bluechip Fund - Regular Plan - Growth,3.2842166342069565
119551,2026-02-12,123.9414,-0.0107409302314444,SBI Bluechip Fund - Regular Plan - Growth,3.026283729734023
119551,2026-02-13,125.0997,0.0093455455562063,SBI Bluechip Fund - Regular Plan - Growth,3.1929171664229212
119551,2026-02-16,124.6204,-0.0038313441199299,SBI Bluechip Fund - Regular Plan - Growth,3.3354061877380436
119551,2026-02-17,122.9848,-0.0131246569582508,SBI Bluechip Fund - Regular Plan - Growth,2.770275118585231
119551,2026-02-18,122.5845,-0.0032548737730191,SBI Bluechip Fund - Regular Plan - Growth,2.5407178308793212
119551,2026-02-19,124.2819,0.0138467750816781,SBI Bluechip Fund - Regular Plan - Growth,2.8210097432842773
119551,2026-02-20,125.2819,0.0080462239473326,SBI Bluechip Fund - Regular Plan - Growth,2.958862499489647
119551,2026-02-23,124.9617,-0.0025558360784758,SBI Bluechip Fund - Regular Plan - Growth,2.85687738820453
119551,2026-02-24,124.6417,-0.0025607846244088,SBI Bluechip Fund - Regular Plan - Growth,3.2343013346487504
119551,2026-02-25,124.3528,-0.0023178438676622,SBI Bluechip Fund - Regular Plan - Growth,3.219648221235992
119551,2026-02-26,126.7167,0.0190096242304154,SBI Bluechip Fund - Regular Plan - Growth,3.656620403875951
119551,2026-02-27,127.2098,0.0038913576505701,SBI Bluechip Fund - Regular Plan - Growth,3.9324515026880933
119551,2026-03-02,127.7591,0.0043180635454187,SBI Bluechip Fund - Regular Plan - Growth,4.063931309117321
119551,2026-03-03,128.9917,0.0096478450458714,SBI Bluechip Fund - Regular Plan - Growth,3.968999951955815
119551,2026-03-04,129.3304,0.0026257503389752,SBI Bluechip Fund - Regular Plan - Growth,3.9005596720797455
119551,2026-03-05,129.1018,-0.0017675658623185,SBI Bluechip Fund - Regular Plan - Growth,3.9658799550889308
119551,2026-03-06,128.945,-0.0012145454207455,SBI Bluechip Fund - Regular Plan - Growth,3.8258872594619913
119551,2026-03-09,128.9301,-0.0001155531428126,SBI Bluechip Fund - Regular Plan - Growth,3.5883451063775893
119551,2026-03-10,128.9543,0.0001876986056783,SBI Bluechip Fund - Regular Plan - Growth,3.4226149368557053
119551,2026-03-11,129.8514,0.0069567280811886,SBI Bluechip Fund - Regular Plan - Growth,3.5392013736877703
119551,2026-03-12,129.9779,0.0009741904977536,SBI Bluechip Fund - Regular Plan - Growth,3.6819093730197436
119551,2026-03-13,130.888,0.007001959563895,SBI Bluechip Fund - Regular Plan - Growth,3.68744385132077
119551,2026-03-16,130.8623,-0.0001963510787849,SBI Bluechip Fund - Regular Plan - Growth,3.5995782261254927
119551,2026-03-17,131.0207,0.001210432645613,SBI Bluechip Fund - Regular Plan - Growth,3.459783205670827
119551,2026-03-18,128.7984,-0.0169614419706199,SBI Bluechip Fund - Regular Plan - Growth,2.899294421622529
119551,2026-03-19,129.9105,0.0086344240301123,SBI Bluechip Fund - Regular Plan - Growth,2.878963173294302
119551,2026-03-20,130.3753,0.0035778478260033,SBI Bluechip Fund - Regular Plan - Growth,3.0453273233419877
119551,2026-03-23,131.5958,0.0093614357934361,SBI Bluechip Fund - Regular Plan - Growth,2.998750230416073
119551,2026-03-24,128.3432,-0.0247165942986022,SBI Bluechip Fund - Regular Plan - Growth,2.3224679533888746
119551,2026-03-25,130.7964,0.019114374583149,SBI Bluechip Fund - Regular Plan - Growth,2.3241133879943314
119551,2026-03-26,130.7029,-0.0007148514790927,SBI Bluechip Fund - Regular Plan - Growth,2.42628012565101
119551,2026-03-27,132.0546,0.010341775125112,SBI Bluechip Fund - Regular Plan - Growth,2.3376021958249495
119551,2026-03-30,130.9166,-0.0086176475488169,SBI Bluechip Fund - Regular Plan - Growth,2.106926045180085
119551,2026-03-31,131.6939,0.0059373677593217,SBI Bluechip Fund - Regular Plan - Growth,2.330324367975996
119551,2026-04-01,130.5435,-0.0087354083978075,SBI Bluechip Fund - Regular Plan - Growth,2.2199434732881627
119551,2026-04-02,129.8943,-0.0049730549586919,SBI Bluechip Fund - Regular Plan - Growth,2.163576952867621
119551,2026-04-03,132.1737,0.0175481141204811,SBI Bluechip Fund - Regular Plan - Growth,2.382356848636846
119551,2026-04-06,132.0197,-0.0011651334569584,SBI Bluechip Fund - Regular Plan - Growth,2.261978213626919
119551,2026-04-07,132.3414,0.0024367575445178,SBI Bluechip Fund - Regular Plan - Growth,2.4018921006312484
119551,2026-04-08,133.4296,0.0082226725726037,SBI Bluechip Fund - Regular Plan - Growth,2.547372402788296
119551,2026-04-09,134.0833,0.0048992127683813,SBI Bluechip Fund - Regular Plan - Growth,2.3140837031854082
119551,2026-04-10,134.3306,0.0018443758469548,SBI Bluechip Fund - Regular Plan - Growth,2.0688416251459176
119551,2026-04-13,134.8331,0.0037407709040233,SBI Bluechip Fund - Regular Plan - Growth,2.056736890176567
119551,2026-04-14,137.7927,0.0219500997900365,SBI Bluechip Fund - Regular Plan - Growth,2.4057180054299288
119551,2026-04-15,137.7937,7.257278506145326e-06,SBI Bluechip Fund - Regular Plan - Growth,2.3749644971903847
119551,2026-04-16,138.1096,0.0022925576423304,SBI Bluechip Fund - Regular Plan - Growth,2.3072181530154414
119551,2026-04-17,139.4671,0.0098291501821741,SBI Bluechip Fund - Regular Plan - Growth,2.668073009779901
119551,2026-04-20,140.9062,0.0103185625857282,SBI Bluechip Fund - Regular Plan - Growth,2.8904304963104384
119551,2026-04-21,142.4626,0.0110456459687366,SBI Bluechip Fund - Regular Plan - Growth,3.417286706952305
119551,2026-04-22,143.3412,0.0061672326631689,SBI Bluechip Fund - Regular Plan - Growth,3.4557124595777693
119551,2026-04-23,141.9768,-0.0095185473541451,SBI Bluechip Fund - Regular Plan - Growth,3.1227981395775424
119551,2026-04-24,144.1112,0.0150334420834952,SBI Bluechip Fund - Regular Plan - Growth,3.454875453655866
119551,2026-04-27,142.7352,-0.0095481822370503,SBI Bluechip Fund - Regular Plan - Growth,2.9973583206090857
119551,2026-04-28,143.1905,0.00318982283277,SBI Bluechip Fund - Regular Plan - Growth,3.2885707915025515
119551,2026-04-29,142.3145,-0.0061177242903682,SBI Bluechip Fund - Regular Plan - Growth,3.4423615498463103
119551,2026-04-30,142.3075,-4.918683619736797e-05,SBI Bluechip Fund - Regular Plan - Growth,3.3913444505774475
119551,2026-05-01,142.7943,0.0034207613794072,SBI Bluechip Fund - Regular Plan - Growth,3.27970000800097
119551,2026-05-04,143.2735,0.0033558762499625,SBI Bluechip Fund - Regular Plan - Growth,3.0805146268814085
119551,2026-05-05,143.8818,0.0042457258320622,SBI Bluechip Fund - Regular Plan - Growth,3.2412460322509067
119551,2026-05-06,146.0194,0.0148566392691777,SBI Bluechip Fund - Regular Plan - Growth,3.312686603011352
119551,2026-05-07,146.6803,0.0045261109140293,SBI Bluechip Fund - Regular Plan - Growth,3.398295156826728
119551,2026-05-08,146.4403,-0.0016362115430632,SBI Bluechip Fund - Regular Plan - Growth,3.3847737841024728
119551,2026-05-11,147.7669,0.0090589817147328,SBI Bluechip Fund - Regular Plan - Growth,3.396636936297855
119551,2026-05-12,149.4022,0.0110667544626028,SBI Bluechip Fund - Regular Plan - Growth,3.475688909518827
119551,2026-05-13,147.8697,-0.0102575464082858,SBI Bluechip Fund - Regular Plan - Growth,3.5569811717229887
119551,2026-05-14,148.7275,0.0058010532245618,SBI Bluechip Fund - Regular Plan - Growth,3.431107560597326
119551,2026-05-15,149.7273,0.0067223613655849,SBI Bluechip Fund - Regular Plan - Growth,3.3328717096477725
119551,2026-05-18,149.412,-0.002105828396024,SBI Bluechip Fund - Regular Plan - Growth,3.3990166104555897
119551,2026-05-19,151.3138,0.0127285626321846,SBI Bluechip Fund - Regular Plan - Growth,3.5462125597679983
119551,2026-05-20,151.1916,-0.0008075932267909,SBI Bluechip Fund - Regular Plan - Growth,3.4320390878851734
119551,2026-05-21,151.4373,0.0016250902827934,SBI Bluechip Fund - Regular Plan - Growth,3.408228563895689
119551,2026-05-22,151.2843,-0.0010103191221713,SBI Bluechip Fund - Regular Plan - Growth,3.48268166554573
119551,2026-05-25,151.3832,0.0006537360453133,SBI Bluechip Fund - Regular Plan - Growth,3.6184976034306997
119551,2026-05-26,150.004,-0.009110654286605,SBI Bluechip Fund - Regular Plan - Growth,3.398384591730005
119551,2026-05-27,148.1874,-0.0121103437241673,SBI Bluechip Fund - Regular Plan - Growth,2.9135619874211938
119551,2026-05-28,150.3635,0.0146847842664086,SBI Bluechip Fund - Regular Plan - Growth,3.0658888819715298
119551,2026-05-29,149.3216,-0.0069292082187498,SBI Bluechip Fund - Regular Plan - Growth,2.972235051330499
119598,2022-01-03,89.8738,,SBI Small Cap Fund - Regular Plan - Growth,
119598,2022-01-04,88.5495,-0.0147351063379984,SBI Small Cap Fund - Regular Plan - Growth,
119598,2022-01-05,88.0925,-0.0051609551719659,SBI Small Cap Fund - Regular Plan - Growth,
119598,2022-01-06,88.5175,0.0048244742742002,SBI Small Cap Fund - Regular Plan - Growth,
119598,2022-01-07,91.4235,0.032829666450137,SBI Small Cap Fund - Regular Plan - Growth,
119598,2022-01-10,96.0964,0.051112678906408,SBI Small Cap Fund - Regular Plan - Growth,
119598,2022-01-11,97.1038,0.010483223096807,SBI Small Cap Fund - Regular Plan - Growth,
119598,2022-01-12,96.9086,-0.0020102199913906,SBI Small Cap Fund - Regular Plan - Growth,
119598,2022-01-13,97.8131,0.0093335369616318,SBI Small Cap Fund - Regular Plan - Growth,
119598,2022-01-14,99.2767,0.0149632308964751,SBI Small Cap Fund - Regular Plan - Growth,
119598,2022-01-17,98.8629,-0.0041681482160467,SBI Small Cap Fund - Regular Plan - Growth,
119598,2022-01-18,101.7866,0.0295732777411952,SBI Small Cap Fund - Regular Plan - Growth,
119598,2022-01-19,102.2453,0.0045064871014455,SBI Small Cap Fund - Regular Plan - Growth,
119598,2022-01-20,103.14,0.0087505244739856,SBI Small Cap Fund - Regular Plan - Growth,
119598,2022-01-21,104.3183,0.0114242776808222,SBI Small Cap Fund - Regular Plan - Growth,
119598,2022-01-24,105.105,0.0075413422189587,SBI Small Cap Fund - Regular Plan - Growth,
119598,2022-01-25,106.5959,0.0141848627562912,SBI Small Cap Fund - Regular Plan - Growth,
119598,2022-01-26,105.6569,-0.008808969200504,SBI Small Cap Fund - Regular Plan - Growth,
119598,2022-01-27,104.8234,-0.0078887417669833,SBI Small Cap Fund - Regular Plan - Growth,
119598,2022-01-28,103.1129,-0.0163179213801499,SBI Small Cap Fund - Regular Plan - Growth,
119598,2022-01-31,103.9198,0.0078254030291069,SBI Small Cap Fund - Regular Plan - Growth,
119598,2022-02-01,105.2943,0.013226545855554,SBI Small Cap Fund - Regular Plan - Growth,
119598,2022-02-02,106.1488,0.0081153490739762,SBI Small Cap Fund - Regular Plan - Growth,
119598,2022-02-03,109.0804,0.0276178345869195,SBI Small Cap Fund - Regular Plan - Growth,
119598,2022-02-04,109.1661,0.0007856590184853,SBI Small Cap Fund - Regular Plan - Growth,
119598,2022-02-07,110.4182,0.0114696778578697,SBI Small Cap Fund - Regular Plan - Growth,
119598,2022-02-08,108.6308,-0.0161875487917753,SBI Small Cap Fund - Regular Plan - Growth,
119598,2022-02-09,108.0649,-0.0052093881293334,SBI Small Cap Fund - Regular Plan - Growth,
119598,2022-02-10,109.3506,0.011897480125369,SBI Small Cap Fund - Regular Plan - Growth,
119598,2022-02-11,110.9194,0.0143465147882133,SBI Small Cap Fund - Regular Plan - Growth,
119598,2022-02-14,110.5035,-0.0037495695072277,SBI Small Cap Fund - Regular Plan - Growth,
119598,2022-02-15,110.4754,-0.000254290588081,SBI Small Cap Fund - Regular Plan - Growth,
119598,2022-02-16,107.9601,-0.0227679646328503,SBI Small Cap Fund - Regular Plan - Growth,
119598,2022-02-17,107.4485,-0.0047387877558467,SBI Small Cap Fund - Regular Plan - Growth,
119598,2022-02-18,109.061,0.0150071894907795,SBI Small Cap Fund - Regular Plan - Growth,
119598,2022-02-21,110.1495,0.0099806530290387,SBI Small Cap Fund - Regular Plan - Growth,
119598,2022-02-22,111.1184,0.008796226946105,SBI Small Cap Fund - Regular Plan - Growth,
119598,2022-02-23,111.3027,0.0016585911964175,SBI Small Cap Fund - Regular Plan - Growth,
119598,2022-02-24,111.4123,0.0009847020782065,SBI Small Cap Fund - Regular Plan - Growth,
119598,2022-02-25,110.356,-0.0094809998536966,SBI Small Cap Fund - Regular Plan - Growth,
119598,2022-02-28,111.6747,0.0119495088622276,SBI Small Cap Fund - Regular Plan - Growth,
119598,2022-03-01,112.5157,0.0075308015154729,SBI Small Cap Fund - Regular Plan - Growth,
119598,2022-03-02,113.49,0.0086592359999537,SBI Small Cap Fund - Regular Plan - Growth,
119598,2022-03-03,112.652,-0.0073839104766939,SBI Small Cap Fund - Regular Plan - Growth,
119598,2022-03-04,108.9909,-0.0324992010794304,SBI Small Cap Fund - Regular Plan - Growth,
119598,2022-03-07,110.9873,0.0183171255581888,SBI Small Cap Fund - Regular Plan - Growth,
119598,2022-03-08,110.2497,-0.0066458054209805,SBI Small Cap Fund - Regular Plan - Growth,
119598,2022-03-09,108.8568,-0.0126340479838039,SBI Small Cap Fund - Regular Plan - Growth,
119598,2022-03-10,110.1483,0.0118642105959387,SBI Small Cap Fund - Regular Plan - Growth,
119598,2022-03-11,109.566,-0.0052865091880673,SBI Small Cap Fund - Regular Plan - Growth,
119598,2022-03-14,111.5076,0.0177208258036252,SBI Small Cap Fund - Regular Plan - Growth,
119598,2022-03-15,112.6947,0.0106459111307211,SBI Small Cap Fund - Regular Plan - Growth,
119598,2022-03-16,114.0139,0.0117059631020803,SBI Small Cap Fund - Regular Plan - Growth,
119598,2022-03-17,111.6849,-0.0204273338601697,SBI Small Cap Fund - Regular Plan - Growth,
119598,2022-03-18,113.9365,0.0201602902451449,SBI Small Cap Fund - Regular Plan - Growth,
119598,2022-03-21,114.5062,0.0050001535943267,SBI Small Cap Fund - Regular Plan - Growth,
119598,2022-03-22,113.9416,-0.0049307373749195,SBI Small Cap Fund - Regular Plan - Growth,
119598,2022-03-23,114.2989,0.003135816944821,SBI Small Cap Fund - Regular Plan - Growth,
119598,2022-03-24,111.243,-0.026736040329347,SBI Small Cap Fund - Regular Plan - Growth,
119598,2022-03-25,112.059,0.0073352930072003,SBI Small Cap Fund - Regular Plan - Growth,
119598,2022-03-28,110.3534,-0.015220553458446,SBI Small Cap Fund - Regular Plan - Growth,
119598,2022-03-29,108.1218,-0.0202223039797595,SBI Small Cap Fund - Regular Plan - Growth,
119598,2022-03-30,105.6526,-0.0228372076676487,SBI Small Cap Fund - Regular Plan - Growth,
119598,2022-03-31,107.6142,0.0185665094848588,SBI Small Cap Fund - Regular Plan - Growth,
119598,2022-04-01,106.6461,-0.0089960246881916,SBI Small Cap Fund - Regular Plan - Growth,
119598,2022-04-04,109.3488,0.0253426988891294,SBI Small Cap Fund - Regular Plan - Growth,
119598,2022-04-05,108.5247,-0.0075364338703305,SBI Small Cap Fund - Regular Plan - Growth,
119598,2022-04-06,105.7378,-0.0256798682696197,SBI Small Cap Fund - Regular Plan - Growth,
119598,2022-04-07,103.9855,-0.016572124632818,SBI Small Cap Fund - Regular Plan - Growth,
119598,2022-04-08,106.1217,0.0205432488183447,SBI Small Cap Fund - Regular Plan - Growth,
119598,2022-04-11,105.954,-0.001580261152997,SBI Small Cap Fund - Regular Plan - Growth,
119598,2022-04-12,105.1348,-0.0077316571342279,SBI Small Cap Fund - Regular Plan - Growth,
119598,2022-04-13,105.4921,0.0033984941237343,SBI Small Cap Fund - Regular Plan - Growth,
119598,2022-04-14,106.4219,0.0088139301426362,SBI Small Cap Fund - Regular Plan - Growth,
119598,2022-04-15,108.4058,0.0186418396965286,SBI Small Cap Fund - Regular Plan - Growth,
119598,2022-04-18,111.004,0.0239673523003383,SBI Small Cap Fund - Regular Plan - Growth,
119598,2022-04-19,110.4733,-0.0047809087960795,SBI Small Cap Fund - Regular Plan - Growth,
119598,2022-04-20,108.2846,-0.0198120269784644,SBI Small Cap Fund - Regular Plan - Growth,
119598,2022-04-21,107.6758,-0.0056222214423842,SBI Small Cap Fund - Regular Plan - Growth,
119598,2022-04-22,108.2125,0.0049844068955142,SBI Small Cap Fund - Regular Plan - Growth,
119598,2022-04-25,106.6756,-0.0142026106041354,SBI Small Cap Fund - Regular Plan - Growth,
119598,2022-04-26,105.1714,-0.0141006940668718,SBI Small Cap Fund - Regular Plan - Growth,
119598,2022-04-27,105.8347,0.0063068476791217,SBI Small Cap Fund - Regular Plan - Growth,
119598,2022-04-28,105.846,0.0001067702747776,SBI Small Cap Fund - Regular Plan - Growth,
119598,2022-04-29,105.9932,0.0013906996957844,SBI Small Cap Fund - Regular Plan - Growth,
119598,2022-05-02,104.8261,-0.0110110837298996,SBI Small Cap Fund - Regular Plan - Growth,
119598,2022-05-03,104.5377,-0.0027512232163554,SBI Small Cap Fund - Regular Plan - Growth,
119598,2022-05-04,103.1171,-0.0135893558017825,SBI Small Cap Fund - Regular Plan - Growth,
119598,2022-05-05,104.6642,0.0150033311642783,SBI Small Cap Fund - Regular Plan - Growth,
119598,2022-05-06,106.4775,0.0173249305875362,SBI Small Cap Fund - Regular Plan - Growth,
119598,2022-05-09,103.5166,-0.0278077528116269,SBI Small Cap Fund - Regular Plan - Growth,1.7682686343298617
119598,2022-05-10,102.1015,-0.0136702712415206,SBI Small Cap Fund - Regular Plan - Growth,1.782173576761522
119598,2022-05-11,99.8103,-0.0224404146853866,SBI Small Cap Fund - Regular Plan - Growth,1.5601224671487957
119598,2022-05-12,98.8801,-0.0093196794318822,SBI Small Cap Fund - Regular Plan - Growth,1.3936370783327552
119598,2022-05-13,98.8365,-0.0004409380653943,SBI Small Cap Fund - Regular Plan - Growth,1.0361744072191366
119598,2022-05-16,96.69,-0.0217176852680942,SBI Small Cap Fund - Regular Plan - Growth,0.18809131391023112
119598,2022-05-17,95.3797,-0.0135515565208397,SBI Small Cap Fund - Regular Plan - Growth,-0.11067885545667017
119598,2022-05-18,93.9655,-0.0148270543941739,SBI Small Cap Fund - Regular Plan - Growth,-0.26821729865715804
119598,2022-05-19,94.355,0.0041451383752546,SBI Small Cap Fund - Regular Plan - Growth,-0.33291870801163587
119598,2022-05-20,94.5406,0.0019670393725821,SBI Small Cap Fund - Regular Plan - Growth,-0.4967994484688062
119598,2022-05-23,93.5538,-0.0104378436354328,SBI Small Cap Fund - Regular Plan - Growth,-0.5734601238182434
119598,2022-05-24,93.8966,0.0036642017748078,SBI Small Cap Fund - Regular Plan - Growth,-0.9183296380802933
119598,2022-05-25,93.173,-0.0077063493246827,SBI Small Cap Fund - Regular Plan - Growth,-1.073331250013497
119598,2022-05-26,92.8563,-0.0033990533738313,SBI Small Cap Fund - Regular Plan - Growth,-1.2312341039590213
119598,2022-05-27,95.4192,0.0276007120680017,SBI Small Cap Fund - Regular Plan - Growth,-1.0053263489606803
119598,2022-05-30,97.5401,0.0222271827892079,SBI Small Cap Fund - Regular Plan - Growth,-0.8109059325857295
119598,2022-05-31,95.6475,-0.0194033018215072,SBI Small Cap Fund - Regular Plan - Growth,-1.2222965234886631
119598,2022-06-01,96.9902,0.0140380041297474,SBI Small Cap Fund - Regular Plan - Growth,-0.9365377226420322
119598,2022-06-02,98.3233,0.0137446876076139,SBI Small Cap Fund - Regular Plan - Growth,-0.6682616768325532
119598,2022-06-03,96.6456,-0.0170630969465019,SBI Small Cap Fund - Regular Plan - Growth,-0.6769278045923738
119598,2022-06-06,97.9854,0.0138630211825472,SBI Small Cap Fund - Regular Plan - Growth,-0.6009918041239048
119598,2022-06-07,100.4753,0.025410928566909,SBI Small Cap Fund - Regular Plan - Growth,-0.44706596829450335
119598,2022-06-08,98.8008,-0.0166657875119558,SBI Small Cap Fund - Regular Plan - Growth,-0.7411158087277288
119598,2022-06-09,97.4686,-0.0134836964882875,SBI Small Cap Fund - Regular Plan - Growth,-1.2537699776547284
119598,2022-06-10,99.1297,0.0170424116074305,SBI Small Cap Fund - Regular Plan - Growth,-1.0470712908526811
119598,2022-06-13,99.6414,0.0051619242265437,SBI Small Cap Fund - Regular Plan - Growth,-1.126596154890702
119598,2022-06-14,100.5984,0.0096044415273168,SBI Small Cap Fund - Regular Plan - Growth,-0.8173678176522958
119598,2022-06-15,101.2277,0.0062555666889334,SBI Small Cap Fund - Regular Plan - Growth,-0.6777668584262856
119598,2022-06-16,101.9415,0.0070514295988153,SBI Small Cap Fund - Regular Plan - Growth,-0.7384453161037936
119598,2022-06-17,99.9212,-0.0198182290823659,SBI Small Cap Fund - Regular Plan - Growth,-1.1498220603653029
119598,2022-06-20,101.6717,0.0175188048181966,SBI Small Cap Fund - Regular Plan - Growth,-0.8844067361342562
119598,2022-06-21,103.6522,0.0194793634806931,SBI Small Cap Fund - Regular Plan - Growth,-0.6406663410331922
119598,2022-06-22,103.3686,-0.0027360731368942,SBI Small Cap Fund - Regular Plan - Growth,-0.407758656962151
119598,2022-06-23,103.3881,0.0001886452946058,SBI Small Cap Fund - Regular Plan - Growth,-0.3486287779286874
119598,2022-06-24,101.0131,-0.0229716959688783,SBI Small Cap Fund - Regular Plan - Growth,-0.8004693638872017
119598,2022-06-27,101.9234,0.0090117024425544,SBI Small Cap Fund - Regular Plan - Growth,-0.8124742544079229
119598,2022-06-28,102.9356,0.0099309873885682,SBI Small Cap Fund - Regular Plan - Growth,-0.7984225509180501
119598,2022-06-29,102.9247,-0.0001058914505768,SBI Small Cap Fund - Regular Plan - Growth,-0.8196373112789561
119598,2022-06-30,104.8549,0.018753515919891,SBI Small Cap Fund - Regular Plan - Growth,-0.6013330006722014
119598,2022-07-01,104.3958,-0.0043784315277588,SBI Small Cap Fund - Regular Plan - Growth,-0.5417834851753439
119598,2022-07-04,105.4202,0.0098126552983932,SBI Small Cap Fund - Regular Plan - Growth,-0.5678429249417692
119598,2022-07-05,103.8314,-0.0150711154029302,SBI Small Cap Fund - Regular Plan - Growth,-0.8333825372249332
119598,2022-07-06,103.8836,0.0005027380927156,SBI Small Cap Fund - Regular Plan - Growth,-0.9320240218341279
119598,2022-07-07,103.6892,-0.0018713252139894,SBI Small Cap Fund - Regular Plan - Growth,-0.8675396720134658
119598,2022-07-08,104.1487,0.0044315126358387,SBI Small Cap Fund - Regular Plan - Growth,-0.44016667895307987
119598,2022-07-11,103.6348,-0.0049342910665232,SBI Small Cap Fund - Regular Plan - Growth,-0.7301936204549585
119598,2022-07-12,103.5107,-0.0011974742075056,SBI Small Cap Fund - Regular Plan - Growth,-0.6638268664248205
119598,2022-07-13,104.9577,0.013979231132627,SBI Small Cap Fund - Regular Plan - Growth,-0.3355970681747828
119598,2022-07-14,104.3293,-0.0059871738805251,SBI Small Cap Fund - Regular Plan - Growth,-0.5568517938488097
119598,2022-07-15,101.8116,-0.0241322428119425,SBI Small Cap Fund - Regular Plan - Growth,-0.7779952479428688
119598,2022-07-18,104.7472,0.0288336496037779,SBI Small Cap Fund - Regular Plan - Growth,-0.6339675889755186
119598,2022-07-19,107.1446,0.0228874852979363,SBI Small Cap Fund - Regular Plan - Growth,-0.4819557033054024
119598,2022-07-20,105.0778,-0.0192898195522686,SBI Small Cap Fund - Regular Plan - Growth,-0.845302226967544
119598,2022-07-21,106.3181,0.0118036350209083,SBI Small Cap Fund - Regular Plan - Growth,-0.46780531793606867
119598,2022-07-22,105.5714,-0.0070232632072996,SBI Small Cap Fund - Regular Plan - Growth,-0.7984389715243336
119598,2022-07-25,106.103,0.0050354546780662,SBI Small Cap Fund - Regular Plan - Growth,-0.7980072894740272
119598,2022-07-26,106.6889,0.0055219927806,SBI Small Cap Fund - Regular Plan - Growth,-0.6723236531406506
119598,2022-07-27,106.3886,-0.0028147258055899,SBI Small Cap Fund - Regular Plan - Growth,-0.7438198535710951
119598,2022-07-28,105.1753,-0.011404417390585,SBI Small Cap Fund - Regular Plan - Growth,-0.5684595717113476
119598,2022-07-29,104.1285,-0.0099529071939893,SBI Small Cap Fund - Regular Plan - Growth,-0.7783001486719501
119598,2022-08-01,102.7265,-0.0134641332584258,SBI Small Cap Fund - Regular Plan - Growth,-0.7579142677291796
119598,2022-08-02,101.4781,-0.0121526577854789,SBI Small Cap Fund - Regular Plan - Growth,-0.6641443269283347
119598,2022-08-03,101.4594,-0.0001842762132913,SBI Small Cap Fund - Regular Plan - Growth,-0.3918383451175853
119598,2022-08-04,100.4098,-0.0103450247093911,SBI Small Cap Fund - Regular Plan - Growth,-0.7567737542928193
119598,2022-08-05,101.5827,0.0116811307262836,SBI Small Cap Fund - Regular Plan - Growth,-0.4967853751391794
119598,2022-08-08,104.0809,0.0245927702256387,SBI Small Cap Fund - Regular Plan - Growth,-0.5066985257539566
119598,2022-08-09,103.2245,-0.0082282147829235,SBI Small Cap Fund - Regular Plan - Growth,-0.5152004434901128
119598,2022-08-10,103.705,0.0046549026636117,SBI Small Cap Fund - Regular Plan - Growth,-0.13838695276243104
119598,2022-08-11,104.6156,0.0087806759558362,SBI Small Cap Fund - Regular Plan - Growth,0.18536313371834168
119598,2022-08-12,105.4882,0.0083410122390925,SBI Small Cap Fund - Regular Plan - Growth,0.029459737320555658
119598,2022-08-15,105.7067,0.0020713217212919,SBI Small Cap Fund - Regular Plan - Growth,0.07669521015581623
119598,2022-08-16,107.0437,0.0126482048914591,SBI Small Cap Fund - Regular Plan - Growth,0.3393771660346575
119598,2022-08-17,107.9539,0.0085030693072081,SBI Small Cap Fund - Regular Plan - Growth,0.40452712884059955
119598,2022-08-18,105.9626,-0.0184458366024757,SBI Small Cap Fund - Regular Plan - Growth,0.053054597388916935
119598,2022-08-19,107.5168,0.0146674392663073,SBI Small Cap Fund - Regular Plan - Growth,0.002296722277571173
119598,2022-08-22,109.125,0.0149576624304295,SBI Small Cap Fund - Regular Plan - Growth,-0.11444006976316957
119598,2022-08-23,107.9153,-0.011085452462772,SBI Small Cap Fund - Regular Plan - Growth,-0.19556140597448582
119598,2022-08-24,108.0741,0.0014715244270275,SBI Small Cap Fund - Regular Plan - Growth,0.08039037372984321
119598,2022-08-25,109.3388,0.0117021562057884,SBI Small Cap Fund - Regular Plan - Growth,0.3059663886449133
119598,2022-08-26,109.0741,-0.0024209155395888,SBI Small Cap Fund - Regular Plan - Growth,0.2095396489402983
119598,2022-08-29,111.0298,0.0179300127161259,SBI Small Cap Fund - Regular Plan - Growth,0.6267276682697199
119598,2022-08-30,115.3417,0.0388355198334142,SBI Small Cap Fund - Regular Plan - Growth,1.268578478239074
119598,2022-08-31,114.0223,-0.0114390545656948,SBI Small Cap Fund - Regular Plan - Growth,1.042219783312975
119598,2022-09-01,111.6666,-0.0206599937029862,SBI Small Cap Fund - Regular Plan - Growth,0.7727024406537952
119598,2022-09-02,112.3002,0.0056740332382287,SBI Small Cap Fund - Regular Plan - Growth,0.8250074104869891
119598,2022-09-05,113.6828,0.0123116432562007,SBI Small Cap Fund - Regular Plan - Growth,1.112909554397174
119598,2022-09-06,113.3691,-0.0027594323855499,SBI Small Cap Fund - Regular Plan - Growth,1.1128064148888974
119598,2022-09-07,116.095,0.0240444706714615,SBI Small Cap Fund - Regular Plan - Growth,1.564053627971613
119598,2022-09-08,113.7725,-0.0200051681812308,SBI Small Cap Fund - Regular Plan - Growth,1.1278691861599701
119598,2022-09-09,115.1213,0.0118552374255642,SBI Small Cap Fund - Regular Plan - Growth,1.0656549905694679
119598,2022-09-12,114.1277,-0.0086308962807056,SBI Small Cap Fund - Regular Plan - Growth,1.3261668535554059
119598,2022-09-13,117.3626,0.0283445649040503,SBI Small Cap Fund - Regular Plan - Growth,1.8238780738467313
119598,2022-09-14,121.2095,0.0327779036933402,SBI Small Cap Fund - Regular Plan - Growth,2.477954675852855
119598,2022-09-15,119.8595,-0.011137740853646,SBI Small Cap Fund - Regular Plan - Growth,2.4528771720680322
119598,2022-09-16,118.9304,-0.0077515758033362,SBI Small Cap Fund - Regular Plan - Growth,2.3583122102712015
119598,2022-09-19,120.6566,0.0145143714306854,SBI Small Cap Fund - Regular Plan - Growth,2.8298813187894196
119598,2022-09-20,120.028,-0.0052098268971609,SBI Small Cap Fund - Regular Plan - Growth,2.9481649543359554
119598,2022-09-21,120.0469,0.0001574632585727,SBI Small Cap Fund - Regular Plan - Growth,3.1590963979912625
119598,2022-09-22,120.1998,0.001273668874415,SBI Small Cap Fund - Regular Plan - Growth,3.1233636131561924
119598,2022-09-23,116.7222,-0.0289318285055382,SBI Small Cap Fund - Regular Plan - Growth,2.66640312999641
119598,2022-09-26,116.7987,0.0006554023142126,SBI Small Cap Fund - Regular Plan - Growth,2.8128117857241324
119598,2022-09-27,115.6378,-0.0099393229547931,SBI Small Cap Fund - Regular Plan - Growth,2.6368014807521862
119598,2022-09-28,114.8434,-0.0068697259892526,SBI Small Cap Fund - Regular Plan - Growth,2.648061774910787
119598,2022-09-29,117.5869,0.0238890523965678,SBI Small Cap Fund - Regular Plan - Growth,2.9459458587796408
119598,2022-09-30,115.3836,-0.0187376314878613,SBI Small Cap Fund - Regular Plan - Growth,2.402456568452591
119598,2022-10-03,116.9729,0.0137740545450133,SBI Small Cap Fund - Regular Plan - Growth,2.3170320645584166
119598,2022-10-04,116.5619,-0.003513634354624,SBI Small Cap Fund - Regular Plan - Growth,2.5389215712756266
119598,2022-10-05,116.1508,-0.003526881425234,SBI Small Cap Fund - Regular Plan - Growth,2.3304337336225562
119598,2022-10-06,117.7083,0.0134092920582551,SBI Small Cap Fund - Regular Plan - Growth,2.3267997258051474
119598,2022-10-07,118.4437,0.0062476477869446,SBI Small Cap Fund - Regular Plan - Growth,2.6391724680649284
119598,2022-10-10,119.6173,0.0099085050534557,SBI Small Cap Fund - Regular Plan - Growth,2.5955352261756968
119598,2022-10-11,121.5612,0.016250993794376,SBI Small Cap Fund - Regular Plan - Growth,2.505502399794819
119598,2022-10-12,121.0342,-0.0043352648706989,SBI Small Cap Fund - Regular Plan - Growth,2.684623920898117
119598,2022-10-13,119.9775,-0.0087305901968203,SBI Small Cap Fund - Regular Plan - Growth,2.7551434592703954
119598,2022-10-14,118.0476,-0.0160855160342564,SBI Small Cap Fund - Regular Plan - Growth,2.325797313677049
119598,2022-10-17,116.6248,-0.0120527651557508,SBI Small Cap Fund - Regular Plan - Growth,2.096240382386284
119598,2022-10-18,122.2757,0.0484536736611767,SBI Small Cap Fund - Regular Plan - Growth,2.4433542179156107
119598,2022-10-19,124.8051,0.0206860398263923,SBI Small Cap Fund - Regular Plan - Growth,2.5940649732762857
119598,2022-10-20,122.2844,-0.0201970913047623,SBI Small Cap Fund - Regular Plan - Growth,2.2448262433143262
119598,2022-10-21,119.8685,-0.0197564039239674,SBI Small Cap Fund - Regular Plan - Growth,2.2456981603623323
119598,2022-10-24,120.8871,0.0084976453363478,SBI Small Cap Fund - Regular Plan - Growth,2.15080634138328
119598,2022-10-25,122.04,0.0095369977441761,SBI Small Cap Fund - Regular Plan - Growth,2.0468445616539257
119598,2022-10-26,123.207,0.0095624385447392,SBI Small Cap Fund - Regular Plan - Growth,2.190156474059575
119598,2022-10-27,122.8205,-0.0031369970862045,SBI Small Cap Fund - Regular Plan - Growth,2.149653425789012
119598,2022-10-28,122.6851,-0.001102421826975,SBI Small Cap Fund - Regular Plan - Growth,2.445938147837201
119598,2022-10-31,123.428,0.006055340053519,SBI Small Cap Fund - Regular Plan - Growth,2.4124740459860927
119598,2022-11-01,123.703,0.0022280195741648,SBI Small Cap Fund - Regular Plan - Growth,2.3237320449174184
119598,2022-11-02,119.5585,-0.0335036337033055,SBI Small Cap Fund - Regular Plan - Growth,1.8628249526148815
119598,2022-11-03,119.2306,-0.0027425904473542,SBI Small Cap Fund - Regular Plan - Growth,1.6235899132870157
119598,2022-11-04,117.7454,-0.0124565338092736,SBI Small Cap Fund - Regular Plan - Growth,1.5229406600169193
119598,2022-11-07,118.1738,0.003638358695966,SBI Small Cap Fund - Regular Plan - Growth,1.45325026095764
119598,2022-11-08,123.9704,0.0490514818005345,SBI Small Cap Fund - Regular Plan - Growth,2.1034441281250764
119598,2022-11-09,124.7989,0.0066830469208778,SBI Small Cap Fund - Regular Plan - Growth,2.1715311601547542
119598,2022-11-10,124.2926,-0.0040569267838098,SBI Small Cap Fund - Regular Plan - Growth,2.1460723506600226
119598,2022-11-11,126.2203,0.0155093706302709,SBI Small Cap Fund - Regular Plan - Growth,2.260865720765588
119598,2022-11-14,127.2945,0.0085105169295272,SBI Small Cap Fund - Regular Plan - Growth,2.41098623399349
119598,2022-11-15,128.2514,0.0075172140194588,SBI Small Cap Fund - Regular Plan - Growth,2.5071280910021976
119598,2022-11-16,129.596,0.0104840960800429,SBI Small Cap Fund - Regular Plan - Growth,2.472060000675848
119598,2022-11-17,133.979,0.0338204882866755,SBI Small Cap Fund - Regular Plan - Growth,2.85836095286242
119598,2022-11-18,131.7289,-0.0167944230065906,SBI Small Cap Fund - Regular Plan - Growth,2.96034688387509
119598,2022-11-21,132.8311,0.0083671844219452,SBI Small Cap Fund - Regular Plan - Growth,2.7746400041289405
119598,2022-11-22,131.0216,-0.013622562788383,SBI Small Cap Fund - Regular Plan - Growth,2.375712099773444
119598,2022-11-23,132.2883,0.0096678715570561,SBI Small Cap Fund - Regular Plan - Growth,2.725898551235193
119598,2022-11-24,130.502,-0.0135030837950141,SBI Small Cap Fund - Regular Plan - Growth,2.4304833306851026
119598,2022-11-25,129.7603,-0.0056834378017195,SBI Small Cap Fund - Regular Plan - Growth,2.446869710640873
119598,2022-11-28,129.2714,-0.0037677163200147,SBI Small Cap Fund - Regular Plan - Growth,2.346143392341609
119598,2022-11-29,131.388,0.0163733045360381,SBI Small Cap Fund - Regular Plan - Growth,2.4577800126803973
119598,2022-11-30,133.4187,0.0154557493835052,SBI Small Cap Fund - Regular Plan - Growth,2.6541291030098164
119598,2022-12-01,130.941,-0.0185708600068805,SBI Small Cap Fund - Regular Plan - Growth,2.5596227110624095
119598,2022-12-02,131.1688,0.0017397148333981,SBI Small Cap Fund - Regular Plan - Growth,2.698922955410063
119598,2022-12-05,129.8245,-0.0102486261976934,SBI Small Cap Fund - Regular Plan - Growth,2.740511683697003
119598,2022-12-06,127.3879,-0.018768414282358,SBI Small Cap Fund - Regular Plan - Growth,2.652340518339156
119598,2022-12-07,127.0642,-0.0025410576671724,SBI Small Cap Fund - Regular Plan - Growth,2.625063729744659
119598,2022-12-08,126.5588,-0.003977516877295,SBI Small Cap Fund - Regular Plan - Growth,2.703286709494412
119598,2022-12-09,131.604,0.0398644740626492,SBI Small Cap Fund - Regular Plan - Growth,2.9334188356240873
119598,2022-12-12,132.6201,0.0077208899425549,SBI Small Cap Fund - Regular Plan - Growth,2.7771755413466774
119598,2022-12-13,129.8872,-0.0206069818979174,SBI Small Cap Fund - Regular Plan - Growth,2.61801672591423
119598,2022-12-14,128.8495,-0.0079892398943083,SBI Small Cap Fund - Regular Plan - Growth,2.4754278371279277
119598,2022-12-15,131.0532,0.0171028991187391,SBI Small Cap Fund - Regular Plan - Growth,2.5560755118171086
119598,2022-12-16,135.5535,0.0343394896118522,SBI Small Cap Fund - Regular Plan - Growth,2.7803592825707137
119598,2022-12-19,132.3252,-0.023815689008399,SBI Small Cap Fund - Regular Plan - Growth,2.472243405136594
119598,2022-12-20,128.5772,-0.0283241589659414,SBI Small Cap Fund - Regular Plan - Growth,2.013049498777032
119598,2022-12-21,132.5377,0.0308025061986105,SBI Small Cap Fund - Regular Plan - Growth,2.2092700741385576
119598,2022-12-22,133.4699,0.0070334704767021,SBI Small Cap Fund - Regular Plan - Growth,2.4858088271519105
119598,2022-12-23,131.7722,-0.0127197218249207,SBI Small Cap Fund - Regular Plan - Growth,2.2036312438047916
119598,2022-12-26,133.0024,0.0093358083116166,SBI Small Cap Fund - Regular Plan - Growth,2.150939779152761
119598,2022-12-27,127.7061,-0.0398210859352913,SBI Small Cap Fund - Regular Plan - Growth,1.8056295438265346
119598,2022-12-28,127.8244,0.000926345726633,SBI Small Cap Fund - Regular Plan - Growth,1.8002105244893536
119598,2022-12-29,128.5983,0.0060543996294917,SBI Small Cap Fund - Regular Plan - Growth,1.7467704494557257
119598,2022-12-30,130.5978,0.0155484170475037,SBI Small Cap Fund - Regular Plan - Growth,1.9191900472895442
119598,2023-01-02,128.6413,-0.0149811099421277,SBI Small Cap Fund - Regular Plan - Growth,1.5933465277076504
119598,2023-01-03,128.9275,0.0022247909497183,SBI Small Cap Fund - Regular Plan - Growth,1.263299362340893
119598,2023-01-04,127.1731,-0.0136076477089837,SBI Small Cap Fund - Regular Plan - Growth,1.2399801541478352
119598,2023-01-05,127.7971,0.0049066980359839,SBI Small Cap Fund - Regular Plan - Growth,1.511771051498823
119598,2023-01-06,126.1179,-0.0131395782846401,SBI Small Cap Fund - Regular Plan - Growth,1.3150590601394785
119598,2023-01-09,125.4193,-0.0055392612785337,SBI Small Cap Fund - Regular Plan - Growth,1.1352754925848367
119598,2023-01-10,123.5756,-0.0147002893494064,SBI Small Cap Fund - Regular Plan - Growth,1.0093634553692432
119598,2023-01-11,124.9584,0.0111899112769835,SBI Small Cap Fund - Regular Plan - Growth,0.8862063756169972
119598,2023-01-12,126.7698,0.0144960242768794,SBI Small Cap Fund - Regular Plan - Growth,1.244737604870506
119598,2023-01-13,126.4126,-0.0028177057942823,SBI Small Cap Fund - Regular Plan - Growth,1.0961778829125202
119598,2023-01-16,126.5992,0.0014761186780432,SBI Small Cap Fund - Regular Plan - Growth,1.2023051137822987
119598,2023-01-17,123.8519,-0.0217007690411945,SBI Small Cap Fund - Regular Plan - Growth,0.6899787099930648
119598,2023-01-18,123.3764,-0.0038392628615305,SBI Small Cap Fund - Regular Plan - Growth,0.31753346330037147
119598,2023-01-19,123.3866,8.267383389370941e-05,SBI Small Cap Fund - Regular Plan - Growth,0.437125805376455
119598,2023-01-20,128.698,0.0430468138355382,SBI Small Cap Fund - Regular Plan - Growth,0.9425099726014823
119598,2023-01-23,126.5744,-0.016500644920667,SBI Small Cap Fund - Regular Plan - Growth,0.6237854168874805
119598,2023-01-24,129.64,0.0242197474370804,SBI Small Cap Fund - Regular Plan - Growth,0.9155417026879629
119598,2023-01-25,131.8063,0.0167101203332304,SBI Small Cap Fund - Regular Plan - Growth,1.0781341619462836
119598,2023-01-26,132.5058,0.00530703008885,SBI Small Cap Fund - Regular Plan - Growth,1.1184037717696984
119598,2023-01-27,136.3459,0.0289806182069012,SBI Small Cap Fund - Regular Plan - Growth,1.7069089780723068
119598,2023-01-30,137.267,0.0067556120132692,SBI Small Cap Fund - Regular Plan - Growth,1.767802548230186
119598,2023-01-31,138.2315,0.007026452097008,SBI Small Cap Fund - Regular Plan - Growth,1.9433179054586507
119598,2023-02-01,138.2365,3.617120555010622e-05,SBI Small Cap Fund - Regular Plan - Growth,2.016063757043184
119598,2023-02-02,141.0492,0.0203470139941333,SBI Small Cap Fund - Regular Plan - Growth,1.9853793000788842
119598,2023-02-03,143.6313,0.0183063781999472,SBI Small Cap Fund - Regular Plan - Growth,2.3701760798778198
119598,2023-02-06,142.3472,-0.0089402518810316,SBI Small Cap Fund - Regular Plan - Growth,2.138538148076813
119598,2023-02-07,139.542,-0.0197067451976574,SBI Small Cap Fund - Regular Plan - Growth,1.9570541552316778
119598,2023-02-08,139.2182,-0.0023204483238021,SBI Small Cap Fund - Regular Plan - Growth,1.9696964140359203
119598,2023-02-09,137.5952,-0.0116579585140448,SBI Small Cap Fund - Regular Plan - Growth,1.7143969140450939
119598,2023-02-10,137.5776,-0.0001279114387712,SBI Small Cap Fund - Regular Plan - Growth,1.6504657239969227
119598,2023-02-13,140.4075,0.0205694822412951,SBI Small Cap Fund - Regular Plan - Growth,1.7490198005136106
119598,2023-02-14,139.5217,-0.0063087798016486,SBI Small Cap Fund - Regular Plan - Growth,1.526243272825777
119598,2023-02-15,139.5494,0.0001985354249551,SBI Small Cap Fund - Regular Plan - Growth,1.5729211113009036
119598,2023-02-16,139.799,0.0017886139245315,SBI Small Cap Fund - Regular Plan - Growth,1.6824197912171737
119598,2023-02-17,141.8032,0.0143362971122826,SBI Small Cap Fund - Regular Plan - Growth,1.9963072593347733
119598,2023-02-20,136.9928,-0.0339230708474844,SBI Small Cap Fund - Regular Plan - Growth,1.7395727137310297
119598,2023-02-21,135.8086,-0.0086442499167838,SBI Small Cap Fund - Regular Plan - Growth,1.2183935263751648
119598,2023-02-22,136.3802,0.0042088645343518,SBI Small Cap Fund - Regular Plan - Growth,1.0557503910293957
119598,2023-02-23,139.1037,0.0199699076552168,SBI Small Cap Fund - Regular Plan - Growth,1.477034401261649
119598,2023-02-24,138.1508,-0.0068502850750914,SBI Small Cap Fund - Regular Plan - Growth,1.6239662741958292
119598,2023-02-27,134.2449,-0.0282727280623782,SBI Small Cap Fund - Regular Plan - Growth,1.2174157688090284
119598,2023-02-28,135.6799,0.0106894191138733,SBI Small Cap Fund - Regular Plan - Growth,1.2288468086221147
119598,2023-03-01,134.4464,-0.0090912508042826,SBI Small Cap Fund - Regular Plan - Growth,1.035382166795475
119598,2023-03-02,132.0661,-0.0177044532244821,SBI Small Cap Fund - Regular Plan - Growth,0.8793437466234242
119598,2023-03-03,130.8882,-0.0089190185823613,SBI Small Cap Fund - Regular Plan - Growth,0.7977497711909797
119598,2023-03-06,130.6224,-0.002030740739043,SBI Small Cap Fund - Regular Plan - Growth,0.7151996482665984
119598,2023-03-07,129.4972,-0.0086141427504011,SBI Small Cap Fund - Regular Plan - Growth,0.6031541715339936
119598,2023-03-08,125.1857,-0.033294156167083,SBI Small Cap Fund - Regular Plan - Growth,0.6054600436765474
119598,2023-03-09,127.0777,0.0151135473141101,SBI Small Cap Fund - Regular Plan - Growth,0.7852787452495815
119598,2023-03-10,129.7681,0.0211712991343091,SBI Small Cap Fund - Regular Plan - Growth,1.1233911177306743
119598,2023-03-13,131.221,0.0111961260124791,SBI Small Cap Fund - Regular Plan - Growth,1.1980453745057738
119598,2023-03-14,129.0034,-0.0168997340364728,SBI Small Cap Fund - Regular Plan - Growth,0.550450610174684
119598,2023-03-15,128.707,-0.00229761386134,SBI Small Cap Fund - Regular Plan - Growth,0.45614492747850327
119598,2023-03-16,128.8062,0.0007707428500391,SBI Small Cap Fund - Regular Plan - Growth,0.5072284775603042
119598,2023-03-17,130.1402,0.0103566443230216,SBI Small Cap Fund - Regular Plan - Growth,0.45407675638069966
119598,2023-03-20,131.632,0.0114630221868416,SBI Small Cap Fund - Regular Plan - Growth,0.48473467020859606
119598,2023-03-21,130.2325,-0.0106319132125928,SBI Small Cap Fund - Regular Plan - Growth,0.2927085113151779
119598,2023-03-22,130.5147,0.0021668938245062,SBI Small Cap Fund - Regular Plan - Growth,0.20544340616245485
119598,2023-03-23,131.5728,0.0081071327597581,SBI Small Cap Fund - Regular Plan - Growth,-0.06766252526619308
119598,2023-03-24,134.7418,0.024085525275741,SBI Small Cap Fund - Regular Plan - Growth,0.3716139090033031
119598,2023-03-27,136.364,0.0120393226155506,SBI Small Cap Fund - Regular Plan - Growth,0.4104225494741062
119598,2023-03-28,138.1897,0.013388430964184,SBI Small Cap Fund - Regular Plan - Growth,0.7005143697293761
119598,2023-03-29,138.4931,0.0021955326627094,SBI Small Cap Fund - Regular Plan - Growth,0.6213649952742342
119598,2023-03-30,141.7275,0.0233542320880968,SBI Small Cap Fund - Regular Plan - Growth,1.0110966825467365
119598,2023-03-31,142.7697,0.0073535481822513,SBI Small Cap Fund - Regular Plan - Growth,1.150494285777924
119598,2023-04-03,140.9697,-0.0126077171836882,SBI Small Cap Fund - Regular Plan - Growth,1.0525070754449652
119598,2023-04-04,144.2458,0.0232397458460933,SBI Small Cap Fund - Regular Plan - Growth,1.1197370718213588
119598,2023-04-05,145.9673,0.0119344896003903,SBI Small Cap Fund - Regular Plan - Growth,1.084391531625571
119598,2023-04-06,145.079,-0.0060856095851604,SBI Small Cap Fund - Regular Plan - Growth,1.2252763466503653
119598,2023-04-07,144.1134,-0.0066556841445005,SBI Small Cap Fund - Regular Plan - Growth,1.134155865235878
119598,2023-04-10,144.9145,0.0055588168761544,SBI Small Cap Fund - Regular Plan - Growth,1.3058575739416625
119598,2023-04-11,146.1029,0.0082006976527537,SBI Small Cap Fund - Regular Plan - Growth,1.6064338571881442
119598,2023-04-12,146.6856,0.0039882849690182,SBI Small Cap Fund - Regular Plan - Growth,1.6772314158505441
119598,2023-04-13,147.5352,0.0057919795808178,SBI Small Cap Fund - Regular Plan - Growth,1.7831642978137414
119598,2023-04-14,151.6707,0.0280305987994728,SBI Small Cap Fund - Regular Plan - Growth,1.6826930124258077
119598,2023-04-17,154.3866,0.0179065567706879,SBI Small Cap Fund - Regular Plan - Growth,1.7856135444937842
119598,2023-04-18,154.9861,0.0038831090263016,SBI Small Cap Fund - Regular Plan - Growth,2.0753235263112706
119598,2023-04-19,157.4381,0.0158207736048587,SBI Small Cap Fund - Regular Plan - Growth,2.3337129597101285
119598,2023-04-20,155.0341,-0.0152694932166991,SBI Small Cap Fund - Regular Plan - Growth,1.973908533800508
119598,2023-04-21,156.1449,0.0071648753403283,SBI Small Cap Fund - Regular Plan - Growth,1.7141915891855997
119598,2023-04-24,160.7984,0.0298024463174908,SBI Small Cap Fund - Regular Plan - Growth,2.311255547251998
119598,2023-04-25,160.3872,-0.0025572393755159,SBI Small Cap Fund - Regular Plan - Growth,2.656344700558353
119598,2023-04-26,158.3986,-0.0123987450370105,SBI Small Cap Fund - Regular Plan - Growth,2.192485443937671
119598,2023-04-27,156.9172,-0.0093523553869793,SBI Small Cap Fund - Regular Plan - Growth,1.9970351193020226
119598,2023-04-28,154.3822,-0.0161550167859227,SBI Small Cap Fund - Regular Plan - Growth,1.9519102930061956
119598,2023-05-01,152.6191,-0.0114203580464588,SBI Small Cap Fund - Regular Plan - Growth,1.7071930602089798
119598,2023-05-02,151.8637,-0.0049495770843885,SBI Small Cap Fund - Regular Plan - Growth,2.2002420032896084
119598,2023-05-03,148.6688,-0.0210379438931093,SBI Small Cap Fund - Regular Plan - Growth,1.9100819078578564
119598,2023-05-04,148.8352,0.0011192664499879,SBI Small Cap Fund - Regular Plan - Growth,1.8523837522903195
119598,2023-05-05,151.0971,0.0151973457891683,SBI Small Cap Fund - Regular Plan - Growth,1.8486674582559863
119598,2023-05-08,149.0825,-0.0133331480220335,SBI Small Cap Fund - Regular Plan - Growth,1.8707273553353814
119598,2023-05-09,152.8259,0.0251095869736552,SBI Small Cap Fund - Regular Plan - Growth,2.1138544596001716
119598,2023-05-10,154.1947,0.0089565970166052,SBI Small Cap Fund - Regular Plan - Growth,2.3904262090459882
119598,2023-05-11,156.8546,0.0172502686538511,SBI Small Cap Fund - Regular Plan - Growth,2.5222672665131225
119598,2023-05-12,155.3736,-0.009441865268854,SBI Small Cap Fund - Regular Plan - Growth,2.5720896924330683
119598,2023-05-15,157.6162,0.01443359747087,SBI Small Cap Fund - Regular Plan - Growth,2.801503618233993
119598,2023-05-16,155.0643,-0.0161905946216187,SBI Small Cap Fund - Regular Plan - Growth,2.780300076571328
119598,2023-05-17,157.391,0.0150047431936299,SBI Small Cap Fund - Regular Plan - Growth,2.8194290187995885
119598,2023-05-18,157.9553,0.0035853384246875,SBI Small Cap Fund - Regular Plan - Growth,2.7012292071823585
119598,2023-05-19,159.4767,0.0096318388809999,SBI Small Cap Fund - Regular Plan - Growth,2.8459125421049576
119598,2023-05-22,156.6881,-0.0174859399523567,SBI Small Cap Fund - Regular Plan - Growth,2.597767583204947
119598,2023-05-23,154.6298,-0.0131362879503932,SBI Small Cap Fund - Regular Plan - Growth,2.7199332245455756
119598,2023-05-24,156.2274,0.0103317730476273,SBI Small Cap Fund - Regular Plan - Growth,2.884671260777788
119598,2023-05-25,154.0459,-0.0139636196979531,SBI Small Cap Fund - Regular Plan - Growth,2.702305612707999
119598,2023-05-26,155.3093,0.0082014516452564,SBI Small Cap Fund - Regular Plan - Growth,2.393737145774515
119598,2023-05-29,152.1339,-0.020445652642823,SBI Small Cap Fund - Regular Plan - Growth,2.3358779361959354
119598,2023-05-30,154.3143,0.0143321113834589,SBI Small Cap Fund - Regular Plan - Growth,2.236657576854694
119598,2023-05-31,151.4801,-0.0183664119268273,SBI Small Cap Fund - Regular Plan - Growth,1.800669510384688
119598,2023-06-01,152.9368,0.0096164446683095,SBI Small Cap Fund - Regular Plan - Growth,1.8504217128103853
119598,2023-06-02,154.586,0.0107835393443567,SBI Small Cap Fund - Regular Plan - Growth,1.6597520759206563
119598,2023-06-05,153.0326,-0.0100487754389143,SBI Small Cap Fund - Regular Plan - Growth,1.4487555368273033
119598,2023-06-06,154.5766,0.0100893535102979,SBI Small Cap Fund - Regular Plan - Growth,1.4845782608339033
119598,2023-06-07,155.3475,0.0049871714088676,SBI Small Cap Fund - Regular Plan - Growth,1.5448294543695957
119598,2023-06-08,154.1693,-0.0075842868407924,SBI Small Cap Fund - Regular Plan - Growth,1.2118313780543513
119598,2023-06-09,151.8725,-0.0148979076897929,SBI Small Cap Fund - Regular Plan - Growth,0.8026686267390354
119598,2023-06-12,147.3787,-0.0295892936509242,SBI Small Cap Fund - Regular Plan - Growth,0.5351029486759187
119598,2023-06-13,148.3219,0.0063998393254927,SBI Small Cap Fund - Regular Plan - Growth,0.8598108606588235
119598,2023-06-14,144.8379,-0.0234894509846489,SBI Small Cap Fund - Regular Plan - Growth,0.5918418397893201
119598,2023-06-15,145.1822,0.0023771402374654,SBI Small Cap Fund - Regular Plan - Growth,0.7638258331571658
119598,2023-06-16,144.7074,-0.0032703733653298,SBI Small Cap Fund - Regular Plan - Growth,0.7255475790329322
119598,2023-06-19,146.3911,0.0116352031755113,SBI Small Cap Fund - Regular Plan - Growth,0.6221339587687419
119598,2023-06-20,145.8237,-0.0038759186863135,SBI Small Cap Fund - Regular Plan - Growth,0.6522338905933015
119598,2023-06-21,145.1958,-0.0043058844344232,SBI Small Cap Fund - Regular Plan - Growth,0.5969780885036138
119598,2023-06-22,147.0073,0.0124762562002482,SBI Small Cap Fund - Regular Plan - Growth,0.7244032765074765
119598,2023-06-23,147.9141,0.0061684011610307,SBI Small Cap Fund - Regular Plan - Growth,0.6279568865799212
119598,2023-06-26,148.7822,0.0058689469090504,SBI Small Cap Fund - Regular Plan - Growth,1.149596484788725
119598,2023-06-27,150.0167,0.0082973635287015,SBI Small Cap Fund - Regular Plan - Growth,1.36451122441413
119598,2023-06-28,146.5603,-0.0230401015353621,SBI Small Cap Fund - Regular Plan - Growth,1.0048400471053909
119598,2023-06-29,148.447,0.0128731996318238,SBI Small Cap Fund - Regular Plan - Growth,0.9225159032319165
119598,2023-06-30,150.0167,0.0105741443073958,SBI Small Cap Fund - Regular Plan - Growth,1.1388625253524802
119598,2023-07-03,147.7628,-0.0150243272915614,SBI Small Cap Fund - Regular Plan - Growth,1.3266240257446391
119598,2023-07-04,147.3245,-0.0029662404881336,SBI Small Cap Fund - Regular Plan - Growth,1.155998811755436
119598,2023-07-05,147.3619,0.0002538613740414,SBI Small Cap Fund - Regular Plan - Growth,1.278595646620932
119598,2023-07-06,147.1786,-0.0012438764701052,SBI Small Cap Fund - Regular Plan - Growth,1.5040254075913948
119598,2023-07-07,148.0836,0.0061489917691839,SBI Small Cap Fund - Regular Plan - Growth,1.7023751931213094
119598,2023-07-10,151.5919,0.0236913473200275,SBI Small Cap Fund - Regular Plan - Growth,2.0060761158438276
119598,2023-07-11,154.3313,0.0180708863732164,SBI Small Cap Fund - Regular Plan - Growth,2.3355475885928687
119598,2023-07-12,151.3067,-0.019598098376674,SBI Small Cap Fund - Regular Plan - Growth,2.5681706099879014
119598,2023-07-13,152.9298,0.0107272182923823,SBI Small Cap Fund - Regular Plan - Growth,2.5184859234483796
119598,2023-07-14,156.3005,0.022040831806489,SBI Small Cap Fund - Regular Plan - Growth,2.527188144618321
119598,2023-07-17,157.3929,0.0069891011225171,SBI Small Cap Fund - Regular Plan - Growth,2.4769289101082395
119598,2023-07-18,160.2603,0.0182181025954792,SBI Small Cap Fund - Regular Plan - Growth,2.944701555535226
119598,2023-07-19,165.5648,0.0330992766143578,SBI Small Cap Fund - Regular Plan - Growth,3.3165629552314235
119598,2023-07-20,168.4026,0.0171401167397902,SBI Small Cap Fund - Regular Plan - Growth,3.504839594173906
119598,2023-07-21,169.2128,0.0048110896150057,SBI Small Cap Fund - Regular Plan - Growth,3.43969908562478
119598,2023-07-24,172.1711,0.0174827199833582,SBI Small Cap Fund - Regular Plan - Growth,3.502024670306645
119598,2023-07-25,172.7151,0.003159647583131,SBI Small Cap Fund - Regular Plan - Growth,3.696298746203434
119598,2023-07-26,172.931,0.0012500354630256,SBI Small Cap Fund - Regular Plan - Growth,3.6843679375252822
119598,2023-07-27,172.1268,-0.004650409700979,SBI Small Cap Fund - Regular Plan - Growth,3.518810548872171
119598,2023-07-28,176.5715,0.0258222426722625,SBI Small Cap Fund - Regular Plan - Growth,3.533048342761296
119598,2023-07-31,174.4625,-0.0119441699254975,SBI Small Cap Fund - Regular Plan - Growth,3.216799087503929
119598,2023-08-01,178.8801,0.0253212008311241,SBI Small Cap Fund - Regular Plan - Growth,3.329841912768861
119598,2023-08-02,180.4512,0.0087829780953834,SBI Small Cap Fund - Regular Plan - Growth,3.4087616929873774
119598,2023-08-03,176.6723,-0.0209413957901083,SBI Small Cap Fund - Regular Plan - Growth,2.846410124952339
119598,2023-08-04,177.8534,0.0066852585266619,SBI Small Cap Fund - Regular Plan - Growth,2.838598024617083
119598,2023-08-07,172.2179,-0.0316862089788556,SBI Small Cap Fund - Regular Plan - Growth,2.536904791565259
119598,2023-08-08,174.0746,0.0107811092807426,SBI Small Cap Fund - Regular Plan - Growth,2.4098070277087182
119598,2023-08-09,176.6726,0.0149246357596111,SBI Small Cap Fund - Regular Plan - Growth,2.4418968982122524
119598,2023-08-10,175.185,-0.0084200945704087,SBI Small Cap Fund - Regular Plan - Growth,2.410603863544506
119598,2023-08-11,175.6795,0.0028227302565857,SBI Small Cap Fund - Regular Plan - Growth,2.531291475839622
119598,2023-08-14,181.3283,0.0321540077242934,SBI Small Cap Fund - Regular Plan - Growth,2.7909559546271336
119598,2023-08-15,180.0469,-0.0070667402716509,SBI Small Cap Fund - Regular Plan - Growth,2.605028063446303
119598,2023-08-16,177.224,-0.0156786926073151,SBI Small Cap Fund - Regular Plan - Growth,2.351759106269211
119598,2023-08-17,181.5664,0.0245023247415698,SBI Small Cap Fund - Regular Plan - Growth,2.542078517856488
119598,2023-08-18,187.4294,0.0322912168771314,SBI Small Cap Fund - Regular Plan - Growth,2.576864461827679
119598,2023-08-21,187.604,0.000931550759913,SBI Small Cap Fund - Regular Plan - Growth,2.393966989148048
119598,2023-08-22,190.7828,0.0169442016161702,SBI Small Cap Fund - Regular Plan - Growth,2.5332386207012676
119598,2023-08-23,195.0264,0.0222430952895122,SBI Small Cap Fund - Regular Plan - Growth,2.594370614971439
119598,2023-08-24,192.9276,-0.0107616199652968,SBI Small Cap Fund - Regular Plan - Growth,2.6553778988400905
119598,2023-08-25,191.6259,-0.0067470906184496,SBI Small Cap Fund - Regular Plan - Growth,2.49043661048325
119598,2023-08-28,195.5473,0.0204638308287137,SBI Small Cap Fund - Regular Plan - Growth,2.4073109888820783
119598,2023-08-29,200.9813,0.0277886731240983,SBI Small Cap Fund - Regular Plan - Growth,2.7208896809757515
119598,2023-08-30,202.9479,0.0097849899468258,SBI Small Cap Fund - Regular Plan - Growth,2.9891910643600585
119598,2023-08-31,200.3301,-0.0128988770024228,SBI Small Cap Fund - Regular Plan - Growth,2.941151485434745
119598,2023-09-01,206.8788,0.0326895459044846,SBI Small Cap Fund - Regular Plan - Growth,3.462869171314285
119598,2023-09-04,205.3353,-0.0074608901443744,SBI Small Cap Fund - Regular Plan - Growth,3.5163954423985655
119598,2023-09-05,204.4328,-0.0043952501104291,SBI Small Cap Fund - Regular Plan - Growth,3.5234742009971476
119598,2023-09-06,205.7174,0.0062837274644773,SBI Small Cap Fund - Regular Plan - Growth,3.8910145157624525
119598,2023-09-07,210.9988,0.0256730835602627,SBI Small Cap Fund - Regular Plan - Growth,4.129021982067846
119598,2023-09-08,214.0424,0.0144247265861228,SBI Small Cap Fund - Regular Plan - Growth,4.1217999430783845
119598,2023-09-11,215.6336,0.0074340411058744,SBI Small Cap Fund - Regular Plan - Growth,4.390622068165544
119598,2023-09-12,217.4023,0.0082023395240815,SBI Small Cap Fund - Regular Plan - Growth,4.238831735759571
119598,2023-09-13,217.7414,0.0015597811062717,SBI Small Cap Fund - Regular Plan - Growth,4.15443537191522
119598,2023-09-14,219.8556,0.0097096831378875,SBI Small Cap Fund - Regular Plan - Growth,4.080927500854279
119598,2023-09-15,211.4539,-0.0382146281468381,SBI Small Cap Fund - Regular Plan - Growth,3.604957292983095
119598,2023-09-18,210.6523,-0.003790897212111,SBI Small Cap Fund - Regular Plan - Growth,3.404722645221891
119598,2023-09-19,211.6391,0.0046844966800743,SBI Small Cap Fund - Regular Plan - Growth,3.6732961245855518
119598,2023-09-20,208.0189,-0.0171055348468218,SBI Small Cap Fund - Regular Plan - Growth,3.285285811764533
119598,2023-09-21,209.4711,0.0069810964292187,SBI Small Cap Fund - Regular Plan - Growth,3.322672395635295
119598,2023-09-22,208.98,-0.0023444761592411,SBI Small Cap Fund - Regular Plan - Growth,3.1878922696995877
119598,2023-09-25,215.0258,0.0289300411522634,SBI Small Cap Fund - Regular Plan - Growth,3.6949538905998973
119598,2023-09-26,220.6116,0.0259773478345388,SBI Small Cap Fund - Regular Plan - Growth,4.116779936962346
119598,2023-09-27,219.1904,-0.0064420909870559,SBI Small Cap Fund - Regular Plan - Growth,3.92256388921212
119598,2023-09-28,218.8613,-0.0015014343693885,SBI Small Cap Fund - Regular Plan - Growth,4.089189092395217
119598,2023-09-29,218.7975,-0.0002915088231678,SBI Small Cap Fund - Regular Plan - Growth,3.9934085170576807
119598,2023-10-02,217.4365,-0.0062203635781945,SBI Small Cap Fund - Regular Plan - Growth,4.201615931576966
119598,2023-10-03,218.2959,0.003952418292237,SBI Small Cap Fund - Regular Plan - Growth,4.093463341337901
119598,2023-10-04,215.8929,-0.0110079941950352,SBI Small Cap Fund - Regular Plan - Growth,4.204978375030013
119598,2023-10-05,212.2681,-0.0167898064271682,SBI Small Cap Fund - Regular Plan - Growth,3.864732632308317
119598,2023-10-06,214.5472,0.0107368935793932,SBI Small Cap Fund - Regular Plan - Growth,3.8642600998201533
119598,2023-10-09,216.8741,0.0108456321033321,SBI Small Cap Fund - Regular Plan - Growth,4.116509440013308
119598,2023-10-10,214.3313,-0.0117247748809101,SBI Small Cap Fund - Regular Plan - Growth,3.848431372899815
119598,2023-10-11,217.5648,0.0150864572743225,SBI Small Cap Fund - Regular Plan - Growth,3.951780760972231
119598,2023-10-12,215.5997,-0.0090322515406903,SBI Small Cap Fund - Regular Plan - Growth,3.9321257326755643
119598,2023-10-13,216.65,0.0048715281143711,SBI Small Cap Fund - Regular Plan - Growth,4.190991469832486
119598,2023-10-16,219.6588,0.0138878375259636,SBI Small Cap Fund - Regular Plan - Growth,4.809793688420882
119598,2023-10-17,219.7343,0.0003437148887273,SBI Small Cap Fund - Regular Plan - Growth,4.73710786937311
119598,2023-10-18,221.5069,0.0080670154818798,SBI Small Cap Fund - Regular Plan - Growth,5.209214792900548
119598,2023-10-19,219.9046,-0.0072336347084448,SBI Small Cap Fund - Regular Plan - Growth,5.076102564290506
119598,2023-10-20,219.4167,-0.0022186893771207,SBI Small Cap Fund - Regular Plan - Growth,5.090693194874603
119598,2023-10-23,218.8975,-0.002366273852446,SBI Small Cap Fund - Regular Plan - Growth,4.923631930219756
119598,2023-10-24,216.5279,-0.0108251578935347,SBI Small Cap Fund - Regular Plan - Growth,4.8203487374304395
119598,2023-10-25,216.1145,-0.0019092227837613,SBI Small Cap Fund - Regular Plan - Growth,4.853326372619766
119598,2023-10-26,211.0917,-0.0232413836184058,SBI Small Cap Fund - Regular Plan - Growth,4.352431722757599
119598,2023-10-27,209.6482,-0.0068382603389901,SBI Small Cap Fund - Regular Plan - Growth,4.188723199605619
119598,2023-10-30,208.892,-0.0036069949563125,SBI Small Cap Fund - Regular Plan - Growth,4.073048869328763
119598,2023-10-31,208.2327,-0.0031561763973728,SBI Small Cap Fund - Regular Plan - Growth,3.937062992941357
119598,2023-11-01,207.6234,-0.0029260534008347,SBI Small Cap Fund - Regular Plan - Growth,4.241613504950368
119598,2023-11-02,207.6027,-9.969974482648691e-05,SBI Small Cap Fund - Regular Plan - Growth,4.094902014158074
119598,2023-11-03,209.3589,0.0084594275507978,SBI Small Cap Fund - Regular Plan - Growth,4.0723445182020175
119598,2023-11-06,212.4476,0.0147531344499802,SBI Small Cap Fund - Regular Plan - Growth,4.452885087662028
119598,2023-11-07,210.4684,-0.0093161796132316,SBI Small Cap Fund - Regular Plan - Growth,4.36262975336007
119598,2023-11-08,206.6982,-0.0179133779702795,SBI Small Cap Fund - Regular Plan - Growth,4.098442105520575
119598,2023-11-09,203.5114,-0.0154176475653876,SBI Small Cap Fund - Regular Plan - Growth,3.898761974725007
119598,2023-11-10,202.1323,-0.0067765245583295,SBI Small Cap Fund - Regular Plan - Growth,3.7388988972897885
119598,2023-11-13,201.1907,-0.0046583351596949,SBI Small Cap Fund - Regular Plan - Growth,3.4387134211162214
119598,2023-11-14,198.9393,-0.0111903780840764,SBI Small Cap Fund - Regular Plan - Growth,3.097492970231617
119598,2023-11-15,195.09,-0.0193491180475652,SBI Small Cap Fund - Regular Plan - Growth,3.1012693429550096
119598,2023-11-16,193.8628,-0.006290430057922,SBI Small Cap Fund - Regular Plan - Growth,2.9002447283143806
119598,2023-11-17,194.5873,0.0037371790771618,SBI Small Cap Fund - Regular Plan - Growth,2.7111035241403996
119598,2023-11-20,196.5909,0.0102966637596595,SBI Small Cap Fund - Regular Plan - Growth,2.747432843832082
119598,2023-11-21,195.0428,-0.0078747286878487,SBI Small Cap Fund - Regular Plan - Growth,2.4479678683060517
119598,2023-11-22,193.9476,-0.0056151777968733,SBI Small Cap Fund - Regular Plan - Growth,2.036145248149822
119598,2023-11-23,191.3046,-0.01362739214097,SBI Small Cap Fund - Regular Plan - Growth,1.6628293143585242
119598,2023-11-24,191.3769,0.0003779313199996,SBI Small Cap Fund - Regular Plan - Growth,1.6094260666009217
119598,2023-11-27,189.0018,-0.0124105887387663,SBI Small Cap Fund - Regular Plan - Growth,1.2488642463665691
119598,2023-11-28,190.882,0.0099480534047824,SBI Small Cap Fund - Regular Plan - Growth,1.3288706931759517
119598,2023-11-29,185.7504,-0.0268836244381345,SBI Small Cap Fund - Regular Plan - Growth,0.9673177574367774
119598,2023-11-30,184.8626,-0.0047795321032957,SBI Small Cap Fund - Regular Plan - Growth,0.9657455413812033
119598,2023-12-01,185.9036,0.0056312093414245,SBI Small Cap Fund - Regular Plan - Growth,0.7369589894683002
119598,2023-12-04,186.6054,0.0037750748237257,SBI Small Cap Fund - Regular Plan - Growth,0.9306946779453125
119598,2023-12-05,194.8598,0.0442345184008607,SBI Small Cap Fund - Regular Plan - Growth,1.12264555477953
119598,2023-12-06,196.1074,0.0064025519886605,SBI Small Cap Fund - Regular Plan - Growth,1.0955442755093616
119598,2023-12-07,193.1994,-0.0148286092212737,SBI Small Cap Fund - Regular Plan - Growth,1.1741822835074915
119598,2023-12-08,193.0777,-0.0006299191405356,SBI Small Cap Fund - Regular Plan - Growth,1.0885079750296545
119598,2023-12-11,187.9155,-0.0267363864392417,SBI Small Cap Fund - Regular Plan - Growth,1.1558378651427983
119598,2023-12-12,187.841,-0.0003964547895197,SBI Small Cap Fund - Regular Plan - Growth,1.0250716841144907
119598,2023-12-13,185.5547,-0.0121714641638407,SBI Small Cap Fund - Regular Plan - Growth,0.7019017327897418
119598,2023-12-14,188.4134,0.015406238699424,SBI Small Cap Fund - Regular Plan - Growth,0.9835253119891362
119598,2023-12-15,186.953,-0.0077510410618352,SBI Small Cap Fund - Regular Plan - Growth,0.8559711242941345
119598,2023-12-18,186.7725,-0.0009654833032901,SBI Small Cap Fund - Regular Plan - Growth,0.474156865305432
119598,2023-12-19,185.0739,-0.0090944866080391,SBI Small Cap Fund - Regular Plan - Growth,0.4489821790241201
119598,2023-12-20,190.3782,0.0286604432067405,SBI Small Cap Fund - Regular Plan - Growth,0.9763651287214954
119598,2023-12-21,189.5829,-0.0041774741015515,SBI Small Cap Fund - Regular Plan - Growth,0.6403941691251501
119598,2023-12-22,195.3045,0.0301799371145814,SBI Small Cap Fund - Regular Plan - Growth,0.6167764050215819
119598,2023-12-25,197.9975,0.0137887247861672,SBI Small Cap Fund - Regular Plan - Growth,0.7706548504025406
119598,2023-12-26,199.6806,0.0085006123814694,SBI Small Cap Fund - Regular Plan - Growth,0.6713961440233306
119598,2023-12-27,201.019,0.0067027042186371,SBI Small Cap Fund - Regular Plan - Growth,0.48664921562149327
119598,2023-12-28,202.4462,0.0070998263845705,SBI Small Cap Fund - Regular Plan - Growth,0.7099021703801041
119598,2023-12-29,196.5642,-0.0290546327863896,SBI Small Cap Fund - Regular Plan - Growth,0.42291820643356287
119598,2024-01-01,195.8737,-0.0035128472020845,SBI Small Cap Fund - Regular Plan - Growth,0.13278681384636223
119598,2024-01-02,198.6716,0.0142842045665141,SBI Small Cap Fund - Regular Plan - Growth,-0.03369774487337495
119598,2024-01-03,198.692,0.0001026820139364,SBI Small Cap Fund - Regular Plan - Growth,-0.1549946186311349
119598,2024-01-04,194.5131,-0.0210320496044128,SBI Small Cap Fund - Regular Plan - Growth,-0.25484542903389346
119598,2024-01-05,194.5223,4.7297585612504633e-05,SBI Small Cap Fund - Regular Plan - Growth,-0.6814721881876354
119598,2024-01-08,199.988,0.0280980638209604,SBI Small Cap Fund - Regular Plan - Growth,-0.22067326714112084
119598,2024-01-09,204.132,0.0207212432745964,SBI Small Cap Fund - Regular Plan - Growth,0.09319152661130053
119598,2024-01-10,204.1109,-0.000103364489644,SBI Small Cap Fund - Regular Plan - Growth,0.014037770269909593
119598,2024-01-11,207.3733,0.0159834678108812,SBI Small Cap Fund - Regular Plan - Growth,-0.10741076138190872
119598,2024-01-12,206.3598,-0.0048873215597186,SBI Small Cap Fund - Regular Plan - Growth,-0.3517118394726135
119598,2024-01-15,201.0716,-0.0256261151639031,SBI Small Cap Fund - Regular Plan - Growth,-0.7566393133983171
119598,2024-01-16,198.3385,-0.0135926704716129,SBI Small Cap Fund - Regular Plan - Growth,-1.0249337790234563
119598,2024-01-17,203.4583,0.0258134451959655,SBI Small Cap Fund - Regular Plan - Growth,-0.710744071893096
119598,2024-01-18,202.7592,-0.0034360849373066,SBI Small Cap Fund - Regular Plan - Growth,-0.8729015194602928
119598,2024-01-19,202.16,-0.0029552296517247,SBI Small Cap Fund - Regular Plan - Growth,-0.46091529565283923
119598,2024-01-22,201.3834,-0.0038415116739216,SBI Small Cap Fund - Regular Plan - Growth,-0.46155231167711297
119598,2024-01-23,207.695,0.031341212830849,SBI Small Cap Fund - Regular Plan - Growth,-0.12027424492522028
119598,2024-01-24,213.2681,0.026833096608007,SBI Small Cap Fund - Regular Plan - Growth,0.4168953906949338
119598,2024-01-25,221.0449,0.0364649002827897,SBI Small Cap Fund - Regular Plan - Growth,0.7516432507774689
119598,2024-01-26,220.6845,-0.0016304379788902,SBI Small Cap Fund - Regular Plan - Growth,0.7601463772306974
119598,2024-01-29,221.908,0.0055441138820351,SBI Small Cap Fund - Regular Plan - Growth,0.4938206298774658
119598,2024-01-30,216.8597,-0.0227495178181948,SBI Small Cap Fund - Regular Plan - Growth,-0.09342973655188655
119598,2024-01-31,222.1568,0.0244263918100042,SBI Small Cap Fund - Regular Plan - Growth,0.2757681178604826
119598,2024-02-01,218.299,-0.0173652123185065,SBI Small Cap Fund - Regular Plan - Growth,0.08604404415641446
119598,2024-02-02,219.2368,0.0042959427207636,SBI Small Cap Fund - Regular Plan - Growth,0.14023056846864623
119598,2024-02-05,215.669,-0.0162737277683308,SBI Small Cap Fund - Regular Plan - Growth,0.021276589784400893
119598,2024-02-06,213.8648,-0.0083655972810186,SBI Small Cap Fund - Regular Plan - Growth,-0.12333136035213535
119598,2024-02-07,211.2477,-0.0122371703992428,SBI Small Cap Fund - Regular Plan - Growth,-0.13766174972257714
119598,2024-02-08,209.4178,-0.0086623428326083,SBI Small Cap Fund - Regular Plan - Growth,-0.04255234940036238
119598,2024-02-09,207.8286,-0.0075886576976742,SBI Small Cap Fund - Regular Plan - Growth,-0.25900786484316035
119598,2024-02-12,206.2218,-0.0077313709470206,SBI Small Cap Fund - Regular Plan - Growth,-0.4792195224394685
119598,2024-02-13,209.1285,0.0140950180824723,SBI Small Cap Fund - Regular Plan - Growth,-0.173457489937585
119598,2024-02-14,205.7007,-0.0163908792919185,SBI Small Cap Fund - Regular Plan - Growth,-0.5448120493138097
119598,2024-02-15,206.5967,0.0043558432227015,SBI Small Cap Fund - Regular Plan - Growth,-0.38732471008090885
119598,2024-02-16,210.7816,0.0202563738917418,SBI Small Cap Fund - Regular Plan - Growth,-0.20352933167716952
119598,2024-02-19,209.2675,-0.0071832645733782,SBI Small Cap Fund - Regular Plan - Growth,-0.4517756616864217
119598,2024-02-20,207.0955,-0.0103790602936434,SBI Small Cap Fund - Regular Plan - Growth,-0.5763141556015203
119598,2024-02-21,206.5253,-0.0027533191208887,SBI Small Cap Fund - Regular Plan - Growth,-0.7043190491260344
119598,2024-02-22,210.5819,0.0196421455385853,SBI Small Cap Fund - Regular Plan - Growth,-0.38544164897523153
119598,2024-02-23,211.4111,0.0039376603592238,SBI Small Cap Fund - Regular Plan - Growth,-0.3137154710028429
119598,2024-02-26,209.833,-0.0074646033249909,SBI Small Cap Fund - Regular Plan - Growth,-0.37257506704851573
119598,2024-02-27,211.6228,0.0085296402377128,SBI Small Cap Fund - Regular Plan - Growth,-0.14789377806836826
119598,2024-02-28,208.1624,-0.0163517352572597,SBI Small Cap Fund - Regular Plan - Growth,-0.3138219215402681
119598,2024-02-29,210.5919,0.0116711759664569,SBI Small Cap Fund - Regular Plan - Growth,0.0903756386279462
119598,2024-03-01,212.1366,0.0073350399516789,SBI Small Cap Fund - Regular Plan - Growth,0.2556859597624469
119598,2024-03-04,211.2951,-0.0039667836667505,SBI Small Cap Fund - Regular Plan - Growth,0.251471522085855
119598,2024-03-05,208.7051,-0.0122577381112954,SBI Small Cap Fund - Regular Plan - Growth,0.14480926428018603
119598,2024-03-06,205.9908,-0.0130054320665857,SBI Small Cap Fund - Regular Plan - Growth,0.027557053541738378
119598,2024-03-07,207.9145,0.0093387665856921,SBI Small Cap Fund - Regular Plan - Growth,0.13653724513567472
119598,2024-03-08,212.1629,0.0204333993059646,SBI Small Cap Fund - Regular Plan - Growth,0.27263283565008956
119598,2024-03-11,210.2276,-0.0091217644555198,SBI Small Cap Fund - Regular Plan - Growth,-0.0009424957408979793
119598,2024-03-12,211.9357,0.0081250035675619,SBI Small Cap Fund - Regular Plan - Growth,0.1996336790090321
119598,2024-03-13,205.2622,-0.0314883240530028,SBI Small Cap Fund - Regular Plan - Growth,0.04283552091645512
119598,2024-03-14,203.5587,-0.0082991412934286,SBI Small Cap Fund - Regular Plan - Growth,0.12390149693307957
119598,2024-03-15,203.6369,0.00038416437126,SBI Small Cap Fund - Regular Plan - Growth,0.20550792023179032
119598,2024-03-18,200.9156,-0.0133634915872319,SBI Small Cap Fund - Regular Plan - Growth,0.10607441990351897
119598,2024-03-19,198.1471,-0.0137794178251963,SBI Small Cap Fund - Regular Plan - Growth,0.07661245623540335
119598,2024-03-20,196.2454,-0.0095974152536171,SBI Small Cap Fund - Regular Plan - Growth,0.1882237816247179
119598,2024-03-21,197.3227,0.0054895554239742,SBI Small Cap Fund - Regular Plan - Growth,0.3225493907093495
119598,2024-03-22,196.9133,-0.0020747739616374,SBI Small Cap Fund - Regular Plan - Growth,0.2563481629301487
119598,2024-03-25,190.2593,-0.0337915214462405,SBI Small Cap Fund - Regular Plan - Growth,-0.24042950043823305
119598,2024-03-26,184.1707,-0.0320015894098211,SBI Small Cap Fund - Regular Plan - Growth,-0.49857281473929516
119598,2024-03-27,182.5782,-0.0086468694531758,SBI Small Cap Fund - Regular Plan - Growth,-0.5311722017899998
119598,2024-03-28,184.0596,0.0081137835732851,SBI Small Cap Fund - Regular Plan - Growth,-0.2949643265028148
119598,2024-03-29,176.4193,-0.0415099239594131,SBI Small Cap Fund - Regular Plan - Growth,-0.7265041921120295
119598,2024-04-01,175.1892,-0.0069725931346513,SBI Small Cap Fund - Regular Plan - Growth,-0.6704802354509051
119598,2024-04-02,173.895,-0.007387441691611,SBI Small Cap Fund - Regular Plan - Growth,-0.8548624561555832
119598,2024-04-03,177.8942,0.0229977860202996,SBI Small Cap Fund - Regular Plan - Growth,-0.3280065036685278
119598,2024-04-04,176.9732,-0.0051772345585185,SBI Small Cap Fund - Regular Plan - Growth,-0.33220047663270236
119598,2024-04-05,178.1994,0.0069287327120717,SBI Small Cap Fund - Regular Plan - Growth,-0.3183262172280529
119598,2024-04-08,178.7522,0.0031021428803912,SBI Small Cap Fund - Regular Plan - Growth,-0.3254952718659202
119598,2024-04-09,173.005,-0.0321517721180494,SBI Small Cap Fund - Regular Plan - Growth,-1.160312160270314
119598,2024-04-10,175.2637,0.0130556920320221,SBI Small Cap Fund - Regular Plan - Growth,-1.0848934133603938
119598,2024-04-11,176.0128,0.0042741309238591,SBI Small Cap Fund - Regular Plan - Growth,-0.8815639827257508
119598,2024-04-12,177.5823,0.0089169651298086,SBI Small Cap Fund - Regular Plan - Growth,-0.7765048501233037
119598,2024-04-15,189.0742,0.0647130935909714,SBI Small Cap Fund - Regular Plan - Growth,0.198539552009172
119598,2024-04-16,183.129,-0.0314437400766471,SBI Small Cap Fund - Regular Plan - Growth,-0.11276233448392428
119598,2024-04-17,188.3356,0.0284313243669762,SBI Small Cap Fund - Regular Plan - Growth,0.28644487030554655
119598,2024-04-18,187.6487,-0.0036472127415103,SBI Small Cap Fund - Regular Plan - Growth,0.1000881639849358
119598,2024-04-19,188.6644,0.0054127739760521,SBI Small Cap Fund - Regular Plan - Growth,0.2297277918078598
119598,2024-04-22,188.6939,0.0001563623025859,SBI Small Cap Fund - Regular Plan - Growth,0.2407769404034557
119598,2024-04-23,187.6011,-0.0057913901827245,SBI Small Cap Fund - Regular Plan - Growth,0.27353623176845193
119598,2024-04-24,186.0875,-0.0080681829690764,SBI Small Cap Fund - Regular Plan - Growth,-0.08951528161495366
119598,2024-04-25,187.219,0.006080472895815,SBI Small Cap Fund - Regular Plan - Growth,0.012899464700386587
119598,2024-04-26,182.9584,-0.0227573056153487,SBI Small Cap Fund - Regular Plan - Growth,-0.5194165615190195
119598,2024-04-29,185.2956,0.0127744886269227,SBI Small Cap Fund - Regular Plan - Growth,-0.5298894312724994
119598,2024-04-30,184.2458,-0.0056655419772515,SBI Small Cap Fund - Regular Plan - Growth,-0.6731646817124729
119598,2024-05-01,181.1539,-0.0167813866041994,SBI Small Cap Fund - Regular Plan - Growth,-0.9064873485162366
119598,2024-05-02,180.0317,-0.0061947327658967,SBI Small Cap Fund - Regular Plan - Growth,-1.0407031239599096
119598,2024-05-03,183.7919,0.0208863216866808,SBI Small Cap Fund - Regular Plan - Growth,-0.5422224376109315
119598,2024-05-06,182.4081,-0.0075291674986764,SBI Small Cap Fund - Regular Plan - Growth,-0.5823816175844421
119598,2024-05-07,183.601,0.006539731514116,SBI Small Cap Fund - Regular Plan - Growth,-0.6626768159571205
119598,2024-05-08,181.6581,-0.0105821863715339,SBI Small Cap Fund - Regular Plan - Growth,-0.7695482437002469
119598,2024-05-09,183.9999,0.0128912501011515,SBI Small Cap Fund - Regular Plan - Growth,-0.42837858528185707
119598,2024-05-10,186.1596,0.0117375063790796,SBI Small Cap Fund - Regular Plan - Growth,-0.30882266562870475
119598,2024-05-13,191.8263,0.0304400095402008,SBI Small Cap Fund - Regular Plan - Growth,-0.28437673610515696
119598,2024-05-14,191.4637,-0.0018902517538003,SBI Small Cap Fund - Regular Plan - Growth,-0.5170399893703913
119598,2024-05-15,193.6595,0.0114684924609731,SBI Small Cap Fund - Regular Plan - Growth,-0.3981144159079285
119598,2024-05-16,194.1282,0.0024202272545368,SBI Small Cap Fund - Regular Plan - Growth,-0.5385381924994164
119598,2024-05-17,198.3038,0.0215094973321754,SBI Small Cap Fund - Regular Plan - Growth,-0.2667678401315696
119598,2024-05-20,196.2428,-0.0103931442564388,SBI Small Cap Fund - Regular Plan - Growth,-0.11374936223890512
119598,2024-05-21,198.7322,0.012685306161551,SBI Small Cap Fund - Regular Plan - Growth,0.15497854003485126
119598,2024-05-22,198.2968,-0.0021908880392811,SBI Small Cap Fund - Regular Plan - Growth,-0.13313355802807564
119598,2024-05-23,198.2695,-0.0001376724183143,SBI Small Cap Fund - Regular Plan - Growth,-0.0989878695305904
119598,2024-05-24,198.7296,0.0023205788081375,SBI Small Cap Fund - Regular Plan - Growth,-0.04432878290342216
119598,2024-05-27,199.6949,0.0048573539120493,SBI Small Cap Fund - Regular Plan - Growth,0.04579448198036342
119598,2024-05-28,199.5038,-0.0009569598422392,SBI Small Cap Fund - Regular Plan - Growth,-0.29450178763652957
119598,2024-05-29,200.3544,0.0042635779368613,SBI Small Cap Fund - Regular Plan - Growth,-0.5408499419410034
119598,2024-05-30,205.5756,0.0260598219954242,SBI Small Cap Fund - Regular Plan - Growth,-0.66157785523814
119598,2024-05-31,208.9732,0.0165272532343332,SBI Small Cap Fund - Regular Plan - Growth,-0.4613095716581014
119598,2024-06-03,212.0383,0.014667431039004,SBI Small Cap Fund - Regular Plan - Growth,-0.3612728436741233
119598,2024-06-04,210.7065,-0.0062809407545711,SBI Small Cap Fund - Regular Plan - Growth,-0.185879530855951
119598,2024-06-05,207.9577,-0.0130456345675146,SBI Small Cap Fund - Regular Plan - Growth,-0.5990018877667356
119598,2024-06-06,211.2944,0.0160450899389636,SBI Small Cap Fund - Regular Plan - Growth,-0.23237718488687278
119598,2024-06-07,214.4168,0.0147774858207316,SBI Small Cap Fund - Regular Plan - Growth,-0.11677708466845843
119598,2024-06-10,219.6394,0.0243572332018759,SBI Small Cap Fund - Regular Plan - Growth,0.3251363027482284
119598,2024-06-11,217.7502,-0.008601371156541,SBI Small Cap Fund - Regular Plan - Growth,0.3225480544876691
119598,2024-06-12,217.1539,-0.0027384590232294,SBI Small Cap Fund - Regular Plan - Growth,0.42702399696868715
119598,2024-06-13,211.8037,-0.0246378259842443,SBI Small Cap Fund - Regular Plan - Growth,0.2501519780011376
119598,2024-06-14,210.6825,-0.0052935808014684,SBI Small Cap Fund - Regular Plan - Growth,0.275037950260671
119598,2024-06-17,214.202,0.0167052318061537,SBI Small Cap Fund - Regular Plan - Growth,0.5360610888326778
119598,2024-06-18,212.8198,-0.0064527875556718,SBI Small Cap Fund - Regular Plan - Growth,0.316534359497537
119598,2024-06-19,215.1651,0.0110201212481169,SBI Small Cap Fund - Regular Plan - Growth,0.6136886171433692
119598,2024-06-20,214.7079,-0.0021248799177933,SBI Small Cap Fund - Regular Plan - Growth,0.5437831631531653
119598,2024-06-21,215.9949,0.0059941902463767,SBI Small Cap Fund - Regular Plan - Growth,0.39274511615661206
119598,2024-06-24,212.3113,-0.0170541063701041,SBI Small Cap Fund - Regular Plan - Growth,0.2838296790660385
119598,2024-06-25,212.7821,0.0022174985504777,SBI Small Cap Fund - Regular Plan - Growth,0.4212024706190937
119598,2024-06-26,203.1685,-0.0451804921560602,SBI Small Cap Fund - Regular Plan - Growth,-0.037612408818821726
119598,2024-06-27,202.7483,-0.0020682340028104,SBI Small Cap Fund - Regular Plan - Growth,-0.26559392134495446
119598,2024-06-28,197.7811,-0.0244993422879501,SBI Small Cap Fund - Regular Plan - Growth,-0.557667543821864
119598,2024-07-01,201.7494,0.0200641011704354,SBI Small Cap Fund - Regular Plan - Growth,-0.2701691615888577
119598,2024-07-02,204.413,0.0132025175787386,SBI Small Cap Fund - Regular Plan - Growth,-0.22160209006787354
119598,2024-07-03,206.1007,0.008256324206386,SBI Small Cap Fund - Regular Plan - Growth,0.03144939244647173
119598,2024-07-04,211.2815,0.0251372266081579,SBI Small Cap Fund - Regular Plan - Growth,0.16878521412827363
119598,2024-07-05,208.3294,-0.0139723544181578,SBI Small Cap Fund - Regular Plan - Growth,-0.04885387403968847
119598,2024-07-08,214.3289,0.0287981437089532,SBI Small Cap Fund - Regular Plan - Growth,0.28090069352146574
119598,2024-07-09,217.6886,0.0156754408761488,SBI Small Cap Fund - Regular Plan - Growth,0.5607035561992478
119598,2024-07-10,217.0685,-0.0028485644172455,SBI Small Cap Fund - Regular Plan - Growth,0.6646861861905823
119598,2024-07-11,221.1786,0.0189345759518309,SBI Small Cap Fund - Regular Plan - Growth,0.7576945710535382
119598,2024-07-12,217.5483,-0.0164134324025921,SBI Small Cap Fund - Regular Plan - Growth,0.3893972414792065
119598,2024-07-15,214.9293,-0.0120387058873822,SBI Small Cap Fund - Regular Plan - Growth,0.3597118726140746
119598,2024-07-16,213.0651,-0.0086735498603495,SBI Small Cap Fund - Regular Plan - Growth,0.19129766547695135
119598,2024-07-17,211.482,-0.0074301234693058,SBI Small Cap Fund - Regular Plan - Growth,0.4399768768493383
119598,2024-07-18,208.1739,-0.0156424660254773,SBI Small Cap Fund - Regular Plan - Growth,0.3638647059090299
119598,2024-07-19,212.4079,0.0203387648499644,SBI Small Cap Fund - Regular Plan - Growth,0.562512319944126
119598,2024-07-22,211.7286,-0.0031980919730387,SBI Small Cap Fund - Regular Plan - Growth,0.6672892095931465
119598,2024-07-23,213.0932,0.0064450433243312,SBI Small Cap Fund - Regular Plan - Growth,0.8749423215742861
119598,2024-07-24,211.3722,-0.0080762783608299,SBI Small Cap Fund - Regular Plan - Growth,0.8908851080109011
119598,2024-07-25,205.5772,-0.027416093507093,SBI Small Cap Fund - Regular Plan - Growth,0.5486699088362886
119598,2024-07-26,206.6337,0.0051391885870613,SBI Small Cap Fund - Regular Plan - Growth,0.6207934926014451
119598,2024-07-29,200.6788,-0.0288186292942536,SBI Small Cap Fund - Regular Plan - Growth,0.6745009604864963
119598,2024-07-30,200.637,-0.0002082930533767,SBI Small Cap Fund - Regular Plan - Growth,1.0151164503425976
119598,2024-07-31,196.5313,-0.0204633243120661,SBI Small Cap Fund - Regular Plan - Growth,0.8874319422733027
119598,2024-08-01,202.9564,0.0326925024156459,SBI Small Cap Fund - Regular Plan - Growth,1.1185398511932803
119598,2024-08-02,206.0702,0.0153422114306323,SBI Small Cap Fund - Regular Plan - Growth,1.7423124317345846
119598,2024-08-05,206.594,0.0025418522425852,SBI Small Cap Fund - Regular Plan - Growth,1.8435820647968568
119598,2024-08-06,210.9308,0.0209918971509337,SBI Small Cap Fund - Regular Plan - Growth,2.126809470244904
119598,2024-08-07,208.3199,-0.0123779931617383,SBI Small Cap Fund - Regular Plan - Growth,1.7697819956405012
119598,2024-08-08,210.294,0.0094762910312458,SBI Small Cap Fund - Regular Plan - Growth,1.9213593522106207
119598,2024-08-09,211.1411,0.0040281700856894,SBI Small Cap Fund - Regular Plan - Growth,1.8920518403598303
119598,2024-08-12,212.206,0.0050435467088121,SBI Small Cap Fund - Regular Plan - Growth,1.9118717689740852
119598,2024-08-13,216.6901,0.0211308822559213,SBI Small Cap Fund - Regular Plan - Growth,2.504747676146518
119598,2024-08-14,219.3957,0.0124860342027623,SBI Small Cap Fund - Regular Plan - Growth,2.499326711023094
119598,2024-08-15,220.588,0.0054344729636905,SBI Small Cap Fund - Regular Plan - Growth,2.511290183726521
119598,2024-08-16,215.101,-0.0248744265327216,SBI Small Cap Fund - Regular Plan - Growth,2.125579040856839
119598,2024-08-19,212.0583,-0.0141454479523572,SBI Small Cap Fund - Regular Plan - Growth,1.4122429951137139
119598,2024-08-20,211.8338,-0.0010586711295903,SBI Small Cap Fund - Regular Plan - Growth,1.7982170682433778
119598,2024-08-21,212.3308,0.0023461789383942,SBI Small Cap Fund - Regular Plan - Growth,1.5243874805609559
119598,2024-08-22,208.7671,-0.0167837167288025,SBI Small Cap Fund - Regular Plan - Growth,1.3602388572589936
119598,2024-08-23,217.0381,0.0396183115059796,SBI Small Cap Fund - Regular Plan - Growth,1.6993498105029128
119598,2024-08-26,222.4777,0.0250628806647312,SBI Small Cap Fund - Regular Plan - Growth,1.955490461363514
119598,2024-08-27,224.7935,0.0104091331400855,SBI Small Cap Fund - Regular Plan - Growth,2.135008125818699
119598,2024-08-28,225.2452,0.0020093997379817,SBI Small Cap Fund - Regular Plan - Growth,2.2521915642634713
119598,2024-08-29,224.6898,-0.0024657573169151,SBI Small Cap Fund - Regular Plan - Growth,2.1567479774783194
119598,2024-08-30,221.5399,-0.0140188829221442,SBI Small Cap Fund - Regular Plan - Growth,2.272351592941054
119598,2024-09-02,222.0041,0.0020953336171045,SBI Small Cap Fund - Regular Plan - Growth,2.1580433319345294
119598,2024-09-03,223.1018,0.0049445032771917,SBI Small Cap Fund - Regular Plan - Growth,2.280202603230186
119598,2024-09-04,218.9723,-0.0185094875971417,SBI Small Cap Fund - Regular Plan - Growth,2.2571915967359235
119598,2024-09-05,220.32,0.0061546597446344,SBI Small Cap Fund - Regular Plan - Growth,2.399185631287598
119598,2024-09-06,219.9739,-0.0015708968772694,SBI Small Cap Fund - Regular Plan - Growth,2.162899986539115
119598,2024-09-09,213.6495,-0.0287506836038274,SBI Small Cap Fund - Regular Plan - Growth,1.8850447132073036
119598,2024-09-10,210.9582,-0.0125967998988997,SBI Small Cap Fund - Regular Plan - Growth,1.6652908811624398
119598,2024-09-11,209.7716,-0.005624810981512,SBI Small Cap Fund - Regular Plan - Growth,1.723942040257162
119598,2024-09-12,216.2901,0.0310742731618578,SBI Small Cap Fund - Regular Plan - Growth,1.8951760851168535
119598,2024-09-13,218.3848,0.0096846781244264,SBI Small Cap Fund - Regular Plan - Growth,1.8742028450092465
119598,2024-09-16,214.0265,-0.0199569750275661,SBI Small Cap Fund - Regular Plan - Growth,1.3335783621251944
119598,2024-09-17,215.8593,0.0085634255571156,SBI Small Cap Fund - Regular Plan - Growth,1.4475323500379615
119598,2024-09-18,210.8469,-0.0232206812493137,SBI Small Cap Fund - Regular Plan - Growth,1.0540863511141
119598,2024-09-19,214.6601,0.0180851603699176,SBI Small Cap Fund - Regular Plan - Growth,1.217364402649827
119598,2024-09-20,213.2595,-0.0065247337535014,SBI Small Cap Fund - Regular Plan - Growth,0.9207689258783366
119598,2024-09-23,213.1312,-0.0006016144650062,SBI Small Cap Fund - Regular Plan - Growth,1.0304498439910867
119598,2024-09-24,217.8181,0.0219906799192233,SBI Small Cap Fund - Regular Plan - Growth,1.124954340113021
119598,2024-09-25,213.6336,-0.0192109838438586,SBI Small Cap Fund - Regular Plan - Growth,0.9319722817154794
119598,2024-09-26,209.167,-0.020907759828042,SBI Small Cap Fund - Regular Plan - Growth,0.7011352286729801
119598,2024-09-27,207.4344,-0.0082833334130144,SBI Small Cap Fund - Regular Plan - Growth,0.5869961093402568
119598,2024-09-30,211.0386,0.017375131607872,SBI Small Cap Fund - Regular Plan - Growth,0.7165893445915218
119598,2024-10-01,206.2289,-0.0227906174510255,SBI Small Cap Fund - Regular Plan - Growth,0.47981942226508667
119598,2024-10-02,197.405,-0.0427869226863936,SBI Small Cap Fund - Regular Plan - Growth,-0.013105035822819742
119598,2024-10-03,196.1786,-0.0062126085965401,SBI Small Cap Fund - Regular Plan - Growth,-0.3440113329190942
119598,2024-10-04,198.0634,0.0096075718758315,SBI Small Cap Fund - Regular Plan - Growth,-0.41640374027314075
119598,2024-10-07,202.0192,0.0199723926783039,SBI Small Cap Fund - Regular Plan - Growth,-0.3605483153388075
119598,2024-10-08,200.7262,-0.0064003817458935,SBI Small Cap Fund - Regular Plan - Growth,-0.3617626206646243
119598,2024-10-09,199.604,-0.005590700167691,SBI Small Cap Fund - Regular Plan - Growth,-0.28609132572094326
119598,2024-10-10,203.4419,0.0192275705897677,SBI Small Cap Fund - Regular Plan - Growth,-0.2528451286539485
119598,2024-10-11,197.7113,-0.0281682386961584,SBI Small Cap Fund - Regular Plan - Growth,-0.6862317543861058
119598,2024-10-14,196.6769,-0.0052318709148136,SBI Small Cap Fund - Regular Plan - Growth,-0.9981411706705205
119598,2024-10-15,197.4399,0.003879459153566,SBI Small Cap Fund - Regular Plan - Growth,-0.870533163744219
119598,2024-10-16,199.0153,0.0079791369424315,SBI Small Cap Fund - Regular Plan - Growth,-0.7593162816865522
119598,2024-10-17,197.5963,-0.0071301050723234,SBI Small Cap Fund - Regular Plan - Growth,-0.585609203801935
119598,2024-10-18,197.8762,0.0014165244996995,SBI Small Cap Fund - Regular Plan - Growth,-0.5162323516545556
119598,2024-10-21,190.4381,-0.0375896646489067,SBI Small Cap Fund - Regular Plan - Growth,-1.058081975253038
119598,2024-10-22,188.6387,-0.0094487395116837,SBI Small Cap Fund - Regular Plan - Growth,-1.0877156814877724
119598,2024-10-23,190.1567,0.008047129247604,SBI Small Cap Fund - Regular Plan - Growth,-1.1192499380383034
119598,2024-10-24,187.4012,-0.0144906805808052,SBI Small Cap Fund - Regular Plan - Growth,-1.2410032005179468
119598,2024-10-25,187.7392,0.0018036170526123,SBI Small Cap Fund - Regular Plan - Growth,-1.2845428394038856
119598,2024-10-28,189.2303,0.0079424009476976,SBI Small Cap Fund - Regular Plan - Growth,-1.034086235162494
119598,2024-10-29,188.3766,-0.0045114339511167,SBI Small Cap Fund - Regular Plan - Growth,-1.1025747884122108
119598,2024-10-30,189.0479,0.0035636060954491,SBI Small Cap Fund - Regular Plan - Growth,-0.629735465099025
119598,2024-10-31,186.3659,-0.0141868806794467,SBI Small Cap Fund - Regular Plan - Growth,-0.7550758914213371
119598,2024-11-01,185.9227,-0.0023781174560368,SBI Small Cap Fund - Regular Plan - Growth,-0.5281528281201519
119598,2024-11-04,187.882,0.010538250574029,SBI Small Cap Fund - Regular Plan - Growth,-0.6335554718299246
119598,2024-11-05,188.5115,0.0033505072332635,SBI Small Cap Fund - Regular Plan - Growth,-0.7418747970463576
119598,2024-11-06,186.9414,-0.0083289348395192,SBI Small Cap Fund - Regular Plan - Growth,-0.92080898938707
119598,2024-11-07,187.7665,0.0044136825764653,SBI Small Cap Fund - Regular Plan - Growth,-1.1599037340870715
119598,2024-11-08,190.0574,0.0122007919410545,SBI Small Cap Fund - Regular Plan - Growth,-0.8740977962571157
119598,2024-11-11,184.1804,-0.0309222371767687,SBI Small Cap Fund - Regular Plan - Growth,-1.5264139383609199
119598,2024-11-12,187.7371,0.0193109581692731,SBI Small Cap Fund - Regular Plan - Growth,-1.4823189354793105
119598,2024-11-13,186.9087,-0.0044125535123318,SBI Small Cap Fund - Regular Plan - Growth,-1.4991306064419798
119598,2024-11-14,188.3297,0.0076026423596118,SBI Small Cap Fund - Regular Plan - Growth,-1.6342712808645328
119598,2024-11-15,192.0819,0.0199235702069295,SBI Small Cap Fund - Regular Plan - Growth,-1.2297290860752772
119598,2024-11-18,188.1412,-0.0205157279264729,SBI Small Cap Fund - Regular Plan - Growth,-1.3150349729670179
119598,2024-11-19,186.2134,-0.0102465594989294,SBI Small Cap Fund - Regular Plan - Growth,-1.3313779821117813
119598,2024-11-20,185.531,-0.0036646127507472,SBI Small Cap Fund - Regular Plan - Growth,-1.2914196273203733
119598,2024-11-21,183.4152,-0.0114040241253483,SBI Small Cap Fund - Regular Plan - Growth,-1.248186868973041
119598,2024-11-22,188.6603,0.0285968665628584,SBI Small Cap Fund - Regular Plan - Growth,-1.1480360485221992
119598,2024-11-25,186.2944,-0.0125405291945365,SBI Small Cap Fund - Regular Plan - Growth,-1.2454797854825335
119598,2024-11-26,184.8329,-0.0078451096758679,SBI Small Cap Fund - Regular Plan - Growth,-1.3996325996571475
119598,2024-11-27,185.5907,0.0040999194407489,SBI Small Cap Fund - Regular Plan - Growth,-1.2690993292086497
119598,2024-11-28,182.2692,-0.0178969097050659,SBI Small Cap Fund - Regular Plan - Growth,-1.176769339911078
119598,2024-11-29,181.2952,-0.0053437443078699,SBI Small Cap Fund - Regular Plan - Growth,-1.2911641236277227
119598,2024-12-02,182.3629,0.0058892899536227,SBI Small Cap Fund - Regular Plan - Growth,-0.9287182099809609
119598,2024-12-03,181.5679,-0.004359439337716,SBI Small Cap Fund - Regular Plan - Growth,-0.9742450265863244
119598,2024-12-04,181.4594,-0.0005975725885468,SBI Small Cap Fund - Regular Plan - Growth,-0.761738344157145
119598,2024-12-05,180.1102,-0.0074352720222815,SBI Small Cap Fund - Regular Plan - Growth,-1.2383279251113133
119598,2024-12-06,176.0189,-0.0227155374876047,SBI Small Cap Fund - Regular Plan - Growth,-1.6653234996549922
119598,2024-12-09,177.0671,0.0059550423278409,SBI Small Cap Fund - Regular Plan - Growth,-1.6250700957104496
119598,2024-12-10,182.1881,0.0289212394623279,SBI Small Cap Fund - Regular Plan - Growth,-1.5203823589161665
119598,2024-12-11,182.4001,0.0011636325314332,SBI Small Cap Fund - Regular Plan - Growth,-1.3718371871927175
119598,2024-12-12,183.2082,0.0044303703780863,SBI Small Cap Fund - Regular Plan - Growth,-1.4314137652090984
119598,2024-12-13,185.3796,0.0118520895898763,SBI Small Cap Fund - Regular Plan - Growth,-1.3386729486730349
119598,2024-12-16,181.8693,-0.0189357405021911,SBI Small Cap Fund - Regular Plan - Growth,-1.5987194579564372
119598,2024-12-17,186.9747,0.02807180761129,SBI Small Cap Fund - Regular Plan - Growth,-1.508832031549535
119598,2024-12-18,187.7353,0.0040679300461505,SBI Small Cap Fund - Regular Plan - Growth,-1.6080834183717319
119598,2024-12-19,192.7907,0.0269283400617783,SBI Small Cap Fund - Regular Plan - Growth,-1.3462330780821488
119598,2024-12-20,190.7443,-0.010614619896084,SBI Small Cap Fund - Regular Plan - Growth,-1.2024487610758277
119598,2024-12-23,196.4561,0.02994480044751,SBI Small Cap Fund - Regular Plan - Growth,-0.7029507809979546
119598,2024-12-24,199.0427,0.0131663002574111,SBI Small Cap Fund - Regular Plan - Growth,-0.5461063341731793
119598,2024-12-25,200.9592,0.0096285872327899,SBI Small Cap Fund - Regular Plan - Growth,-0.4663293842489453
119598,2024-12-26,201.8774,0.0045690866603766,SBI Small Cap Fund - Regular Plan - Growth,-0.23684584978072043
119598,2024-12-27,201.2644,-0.0030364964082161,SBI Small Cap Fund - Regular Plan - Growth,-0.7253007527961739
119598,2024-12-30,205.285,0.0199767072567229,SBI Small Cap Fund - Regular Plan - Growth,-0.7867969644273212
119598,2024-12-31,205.9189,0.0030879021847676,SBI Small Cap Fund - Regular Plan - Growth,-0.871856299213014
119598,2025-01-01,199.8121,-0.0296563355767732,SBI Small Cap Fund - Regular Plan - Growth,-1.2084768694219716
119598,2025-01-02,196.4988,-0.0165820788630918,SBI Small Cap Fund - Regular Plan - Growth,-1.358597574245922
119598,2025-01-03,196.0956,-0.0020519209277614,SBI Small Cap Fund - Regular Plan - Growth,-1.230445487706715
119598,2025-01-06,197.2274,0.0057716746321692,SBI Small Cap Fund - Regular Plan - Growth,-1.1885740201713442
119598,2025-01-07,197.2238,-1.825304192004662e-05,SBI Small Cap Fund - Regular Plan - Growth,-1.2447103468725507
119598,2025-01-08,201.2221,0.0202729082392691,SBI Small Cap Fund - Regular Plan - Growth,-0.8109123969469186
119598,2025-01-09,195.3036,-0.0294127732490617,SBI Small Cap Fund - Regular Plan - Growth,-1.1853099461682441
119598,2025-01-10,195.9167,0.0031392150477513,SBI Small Cap Fund - Regular Plan - Growth,-1.1335248708672534
119598,2025-01-13,190.5533,-0.0273759204804898,SBI Small Cap Fund - Regular Plan - Growth,-1.120325852185215
119598,2025-01-14,193.0153,0.0129202695518786,SBI Small Cap Fund - Regular Plan - Growth,-0.8408174788378039
119598,2025-01-15,192.8967,-0.0006144590610174,SBI Small Cap Fund - Regular Plan - Growth,-0.786602084490794
119598,2025-01-16,194.3452,0.0075092005202783,SBI Small Cap Fund - Regular Plan - Growth,-1.0655717308376973
119598,2025-01-17,191.8866,-0.0126506854812983,SBI Small Cap Fund - Regular Plan - Growth,-1.3138550543952718
119598,2025-01-20,195.9632,0.0212448393999373,SBI Small Cap Fund - Regular Plan - Growth,-0.8525595743746824
119598,2025-01-21,199.3786,0.0174287825469272,SBI Small Cap Fund - Regular Plan - Growth,-0.7501294244490223
119598,2025-01-22,201.3951,0.0101139239617491,SBI Small Cap Fund - Regular Plan - Growth,-0.38567592941370926
119598,2025-01-23,201.1603,-0.0011658674913144,SBI Small Cap Fund - Regular Plan - Growth,-0.6046844533474025
119598,2025-01-24,203.183,0.0100551649604816,SBI Small Cap Fund - Regular Plan - Growth,-0.41794112702029096
119598,2025-01-27,201.1091,-0.0102070547240663,SBI Small Cap Fund - Regular Plan - Growth,-0.5244055856115152
119598,2025-01-28,204.0151,0.0144498682555884,SBI Small Cap Fund - Regular Plan - Growth,-0.6126163652078596
119598,2025-01-29,209.5671,0.0272136719291857,SBI Small Cap Fund - Regular Plan - Growth,-0.08955980624027118
119598,2025-01-30,213.3166,0.0178916442514114,SBI Small Cap Fund - Regular Plan - Growth,0.34390532372432564
119598,2025-01-31,211.0638,-0.0105608283649749,SBI Small Cap Fund - Regular Plan - Growth,0.3181275443320601
119598,2025-02-03,212.4539,0.006586160203692,SBI Small Cap Fund - Regular Plan - Growth,0.19877889705582222
119598,2025-02-04,208.3529,-0.0193030111473594,SBI Small Cap Fund - Regular Plan - Growth,0.23875806859088905
119598,2025-02-05,210.4231,0.0099360268083621,SBI Small Cap Fund - Regular Plan - Growth,0.8693332191871717
119598,2025-02-06,212.1068,0.0080014979343996,SBI Small Cap Fund - Regular Plan - Growth,1.0365271075729452
119598,2025-02-07,206.1319,-0.0281692996169853,SBI Small Cap Fund - Regular Plan - Growth,0.5812607623780482
119598,2025-02-10,202.5715,-0.0172724357559408,SBI Small Cap Fund - Regular Plan - Growth,0.15152915429246755
119598,2025-02-11,201.8463,-0.0035799705289242,SBI Small Cap Fund - Regular Plan - Growth,0.1842794507313521
119598,2025-02-12,201.0677,-0.0038573904996029,SBI Small Cap Fund - Regular Plan - Growth,0.20442520917020113
119598,2025-02-13,197.4464,-0.0180103517372506,SBI Small Cap Fund - Regular Plan - Growth,-0.2270027504626784
119598,2025-02-14,198.8331,0.0070231718582864,SBI Small Cap Fund - Regular Plan - Growth,0.18428186948067918
119598,2025-02-17,199.7965,0.0048452697262175,SBI Small Cap Fund - Regular Plan - Growth,0.3033230722892948
119598,2025-02-18,199.3601,-0.0021842224463392,SBI Small Cap Fund - Regular Plan - Growth,0.2317588057641951
119598,2025-02-19,197.1734,-0.010968594016556,SBI Small Cap Fund - Regular Plan - Growth,0.007950778321663828
119598,2025-02-20,200.6319,0.0175403984513125,SBI Small Cap Fund - Regular Plan - Growth,0.29703651816346033
119598,2025-02-21,206.1111,0.0273097149555976,SBI Small Cap Fund - Regular Plan - Growth,0.5900312027393271
119598,2025-02-24,204.7261,-0.0067196769121119,SBI Small Cap Fund - Regular Plan - Growth,0.9792427855480468
119598,2025-02-25,202.9389,-0.0087297125281047,SBI Small Cap Fund - Regular Plan - Growth,0.9881833801599909
119598,2025-02-26,204.6935,0.0086459520574913,SBI Small Cap Fund - Regular Plan - Growth,0.9951003978517633
119598,2025-02-27,203.7204,-0.0047539369838318,SBI Small Cap Fund - Regular Plan - Growth,1.11718254963386
119598,2025-02-28,203.4512,-0.0013214189644238,SBI Small Cap Fund - Regular Plan - Growth,1.0795717695731093
119598,2025-03-03,206.0147,0.0126000731379318,SBI Small Cap Fund - Regular Plan - Growth,1.13288841233969
119598,2025-03-04,200.0868,-0.0287741602905035,SBI Small Cap Fund - Regular Plan - Growth,0.8246544635684363
119598,2025-03-05,204.4627,0.0218700084163472,SBI Small Cap Fund - Regular Plan - Growth,1.0280276867672382
119598,2025-03-06,204.8756,0.0020194392424632,SBI Small Cap Fund - Regular Plan - Growth,1.2226718628315059
119598,2025-03-07,203.73,-0.0055916858815788,SBI Small Cap Fund - Regular Plan - Growth,1.1842746364360004
119598,2025-03-10,203.6216,-0.0005320767682717,SBI Small Cap Fund - Regular Plan - Growth,1.0576599377671607
119598,2025-03-11,203.6789,0.0002814043303853,SBI Small Cap Fund - Regular Plan - Growth,1.0219828662467703
119598,2025-03-12,198.374,-0.0260454077471942,SBI Small Cap Fund - Regular Plan - Growth,0.8027442179636962
119598,2025-03-13,203.2771,0.0247164446953733,SBI Small Cap Fund - Regular Plan - Growth,1.022541696902088
119598,2025-03-14,203.5871,0.0015250119172303,SBI Small Cap Fund - Regular Plan - Growth,0.9041454228247705
119598,2025-03-17,205.1915,0.0078806564856024,SBI Small Cap Fund - Regular Plan - Growth,1.3773041182984134
119598,2025-03-18,208.4714,0.0159845802579541,SBI Small Cap Fund - Regular Plan - Growth,1.3421568482996484
119598,2025-03-19,205.3248,-0.0150936771183,SBI Small Cap Fund - Regular Plan - Growth,1.2105147265896516
119598,2025-03-20,207.0422,0.0083643086465929,SBI Small Cap Fund - Regular Plan - Growth,1.2190468104025813
119598,2025-03-21,206.3514,-0.0033365178693038,SBI Small Cap Fund - Regular Plan - Growth,0.957037293984847
119598,2025-03-24,209.3043,0.0143100555654092,SBI Small Cap Fund - Regular Plan - Growth,1.3744788966763828
119598,2025-03-25,202.5854,-0.0321011082906563,SBI Small Cap Fund - Regular Plan - Growth,1.0905154846510048
119598,2025-03-26,202.4461,-0.0006876112493792,SBI Small Cap Fund - Regular Plan - Growth,1.1252915205897924
119598,2025-03-27,200.7085,-0.0085830253089588,SBI Small Cap Fund - Regular Plan - Growth,1.1595058019680022
119598,2025-03-28,202.2559,0.0077096884287413,SBI Small Cap Fund - Regular Plan - Growth,0.9349078249374834
119598,2025-03-31,203.9367,0.0083102643730046,SBI Small Cap Fund - Regular Plan - Growth,1.1833802330660248
119598,2025-04-01,201.8527,-0.0102188571257649,SBI Small Cap Fund - Regular Plan - Growth,1.1540499099761337
119598,2025-04-02,199.7758,-0.0102891861243371,SBI Small Cap Fund - Regular Plan - Growth,0.9819858543170481
119598,2025-04-03,199.6021,-0.0008694746811175,SBI Small Cap Fund - Regular Plan - Growth,1.1921214732392462
119598,2025-04-04,196.9753,-0.0131601821824519,SBI Small Cap Fund - Regular Plan - Growth,1.0952191924153516
119598,2025-04-07,199.7789,0.0142332566570528,SBI Small Cap Fund - Regular Plan - Growth,1.1890459644582294
119598,2025-04-08,198.7941,-0.0049294495064293,SBI Small Cap Fund - Regular Plan - Growth,1.1821636194810692
119598,2025-04-09,190.0642,-0.0439142811582435,SBI Small Cap Fund - Regular Plan - Growth,0.6426640275472538
119598,2025-04-10,189.1106,-0.0050172520653547,SBI Small Cap Fund - Regular Plan - Growth,0.6702230838704835
119598,2025-04-11,186.2053,-0.0153629674909815,SBI Small Cap Fund - Regular Plan - Growth,0.7575484230254667
119598,2025-04-14,181.641,-0.0245121916508284,SBI Small Cap Fund - Regular Plan - Growth,0.40854209830119875
119598,2025-04-15,178.2911,-0.0184424221403757,SBI Small Cap Fund - Regular Plan - Growth,-0.11940993262807977
119598,2025-04-16,178.7546,0.0025996810833519,SBI Small Cap Fund - Regular Plan - Growth,-0.10325349001128957
119598,2025-04-17,182.6937,0.0220363559874823,SBI Small Cap Fund - Regular Plan - Growth,0.09364325543451543
119598,2025-04-18,183.7574,0.005822313522579,SBI Small Cap Fund - Regular Plan - Growth,0.026642391986849395
119598,2025-04-21,182.1695,-0.0086412846503052,SBI Small Cap Fund - Regular Plan - Growth,0.14232560784964232
119598,2025-04-22,183.6424,0.0080853271266596,SBI Small Cap Fund - Regular Plan - Growth,-0.08331421500548575
119598,2025-04-23,182.4787,-0.0063367719001712,SBI Small Cap Fund - Regular Plan - Growth,-0.20192713285709366
119598,2025-04-24,180.6511,-0.0100154154978087,SBI Small Cap Fund - Regular Plan - Growth,-0.6330336068104349
119598,2025-04-25,177.5516,-0.0171573823796257,SBI Small Cap Fund - Regular Plan - Growth,-0.7058628422721054
119598,2025-04-28,172.871,-0.0263619139450165,SBI Small Cap Fund - Regular Plan - Growth,-1.3656843241582854
119598,2025-04-29,171.9627,-0.005254206894158,SBI Small Cap Fund - Regular Plan - Growth,-1.587453741540501
119598,2025-04-30,172.5419,0.0033681722838732,SBI Small Cap Fund - Regular Plan - Growth,-1.6647054899455465
119598,2025-05-01,172.43,-0.0006485381232036,SBI Small Cap Fund - Regular Plan - Growth,-1.727388554964752
119598,2025-05-02,171.4537,-0.0056620077712695,SBI Small Cap Fund - Regular Plan - Growth,-1.7575401719191712
119598,2025-05-05,169.0665,-0.0139232924107208,SBI Small Cap Fund - Regular Plan - Growth,-2.172575586110841
119598,2025-05-06,170.8429,0.0105071081497516,SBI Small Cap Fund - Regular Plan - Growth,-2.0781115524066096
119598,2025-05-07,167.4817,-0.0196742153171129,SBI Small Cap Fund - Regular Plan - Growth,-1.983272453213399
119598,2025-05-08,169.6892,0.0131805445012798,SBI Small Cap Fund - Regular Plan - Growth,-1.628841774719345
119598,2025-05-09,167.1779,-0.0147994097444033,SBI Small Cap Fund - Regular Plan - Growth,-1.7727709762879695
119598,2025-05-12,165.3528,-0.0109171128480498,SBI Small Cap Fund - Regular Plan - Growth,-1.9692903522308822
119598,2025-05-13,161.7181,-0.0219814844381226,SBI Small Cap Fund - Regular Plan - Growth,-2.207444291946143
119598,2025-05-14,160.5863,-0.0069985981779404,SBI Small Cap Fund - Regular Plan - Growth,-2.558368922075035
119598,2025-05-15,163.2143,0.0163650323844561,SBI Small Cap Fund - Regular Plan - Growth,-2.035649496218448
119598,2025-05-16,164.6888,0.009034134876662,SBI Small Cap Fund - Regular Plan - Growth,-1.9601530691021678
119598,2025-05-19,167.3922,0.0164152024910013,SBI Small Cap Fund - Regular Plan - Growth,-1.4488578635828042
119598,2025-05-20,168.9217,0.0091372238371918,SBI Small Cap Fund - Regular Plan - Growth,-1.4982477178353115
119598,2025-05-21,166.156,-0.0163726744402878,SBI Small Cap Fund - Regular Plan - Growth,-1.6792120455895685
119598,2025-05-22,165.4371,-0.0043266568766702,SBI Small Cap Fund - Regular Plan - Growth,-1.8253046280177656
119598,2025-05-23,163.5595,-0.0113493285363438,SBI Small Cap Fund - Regular Plan - Growth,-1.8108882594088507
119598,2025-05-26,167.1689,0.0220678101852842,SBI Small Cap Fund - Regular Plan - Growth,-1.7991402876144182
119598,2025-05-27,164.1909,-0.0178143183331349,SBI Small Cap Fund - Regular Plan - Growth,-2.230931528693398
119598,2025-05-28,166.6636,0.0150599089230889,SBI Small Cap Fund - Regular Plan - Growth,-2.162873964931252
119598,2025-05-29,169.1715,0.0150476768772545,SBI Small Cap Fund - Regular Plan - Growth,-1.9529003042282924
119598,2025-05-30,174.2689,0.0301315528915921,SBI Small Cap Fund - Regular Plan - Growth,-1.675366240568382
119598,2025-06-02,173.2994,-0.0055632416340495,SBI Small Cap Fund - Regular Plan - Growth,-1.6234023580984958
119598,2025-06-03,175.4075,0.0121644968188003,SBI Small Cap Fund - Regular Plan - Growth,-1.6529580656480432
119598,2025-06-04,181.9838,0.0374915553781907,SBI Small Cap Fund - Regular Plan - Growth,-1.5065079949572127
119598,2025-06-05,180.3796,-0.0088150703524159,SBI Small Cap Fund - Regular Plan - Growth,-1.8290656752892234
119598,2025-06-06,176.2251,-0.0230319836611235,SBI Small Cap Fund - Regular Plan - Growth,-1.9563152172926994
119598,2025-06-09,171.2334,-0.0283257038866767,SBI Small Cap Fund - Regular Plan - Growth,-2.3246566787913734
119598,2025-06-10,173.3174,0.0121705228068822,SBI Small Cap Fund - Regular Plan - Growth,-1.9714416273258066
119598,2025-06-11,168.3998,-0.0283733773989224,SBI Small Cap Fund - Regular Plan - Growth,-2.3774910322546092
119598,2025-06-12,167.5615,-0.0049780344157178,SBI Small Cap Fund - Regular Plan - Growth,-2.529283506779135
119598,2025-06-13,168.8669,0.0077905724166946,SBI Small Cap Fund - Regular Plan - Growth,-2.152338444397589
119598,2025-06-16,169.508,0.0037964811339583,SBI Small Cap Fund - Regular Plan - Growth,-1.920904076344297
119598,2025-06-17,170.7965,0.0076014111428368,SBI Small Cap Fund - Regular Plan - Growth,-1.7890329490554717
119598,2025-06-18,171.5452,0.0043835792888027,SBI Small Cap Fund - Regular Plan - Growth,-1.6934073031591752
119598,2025-06-19,175.1881,0.0212358025756476,SBI Small Cap Fund - Regular Plan - Growth,-1.2375355000039885
119598,2025-06-20,172.731,-0.0140254960239879,SBI Small Cap Fund - Regular Plan - Growth,-1.4738040721903467
119598,2025-06-23,171.0484,-0.0097411582171121,SBI Small Cap Fund - Regular Plan - Growth,-1.6383365692618526
119598,2025-06-24,169.1273,-0.0112313239995228,SBI Small Cap Fund - Regular Plan - Growth,-1.7372727783249189
119598,2025-06-25,171.5027,0.0140450418117004,SBI Small Cap Fund - Regular Plan - Growth,-1.448942949090019
119598,2025-06-26,174.1038,0.0151665250751154,SBI Small Cap Fund - Regular Plan - Growth,-1.4785892749132086
119598,2025-06-27,175.4986,0.0080113127915646,SBI Small Cap Fund - Regular Plan - Growth,-1.72646735852345
119598,2025-06-30,178.9564,0.0197027212752693,SBI Small Cap Fund - Regular Plan - Growth,-1.4084650639611394
119598,2025-07-01,175.8204,-0.0175238214447764,SBI Small Cap Fund - Regular Plan - Growth,-1.5013663734218354
119598,2025-07-02,180.6556,0.0275007905794775,SBI Small Cap Fund - Regular Plan - Growth,-1.266397851015902
119598,2025-07-03,185.2033,0.0251733131992588,SBI Small Cap Fund - Regular Plan - Growth,-0.9190991295868806
119598,2025-07-04,187.525,0.0125359537330058,SBI Small Cap Fund - Regular Plan - Growth,-0.7640157057016205
119598,2025-07-07,193.03,0.0293560858552193,SBI Small Cap Fund - Regular Plan - Growth,-0.5719029193138043
119598,2025-07-08,188.2234,-0.0249007926229083,SBI Small Cap Fund - Regular Plan - Growth,-0.5324713966763371
119598,2025-07-09,186.8382,-0.0073593400182974,SBI Small Cap Fund - Regular Plan - Growth,-0.8570016608102604
119598,2025-07-10,184.8484,-0.0106498563998154,SBI Small Cap Fund - Regular Plan - Growth,-0.993537332138273
119598,2025-07-11,187.124,0.0123106286015999,SBI Small Cap Fund - Regular Plan - Growth,-0.7957749383387682
119598,2025-07-14,184.2155,-0.0155431692353733,SBI Small Cap Fund - Regular Plan - Growth,-0.9545249026419903
119598,2025-07-15,186.5891,0.0128849092503073,SBI Small Cap Fund - Regular Plan - Growth,-0.8149580602792972
119598,2025-07-16,190.8267,0.0227108657472487,SBI Small Cap Fund - Regular Plan - Growth,-0.2903475005528872
119598,2025-07-17,193.0959,0.0118914177104147,SBI Small Cap Fund - Regular Plan - Growth,-0.4332162802143625
119598,2025-07-18,194.1301,0.0053558879292621,SBI Small Cap Fund - Regular Plan - Growth,-0.391180423973328
119598,2025-07-21,191.3003,-0.0145768224505112,SBI Small Cap Fund - Regular Plan - Growth,-0.6342674977246288
119598,2025-07-22,188.9308,-0.0123862848097989,SBI Small Cap Fund - Regular Plan - Growth,-0.9456909963796328
119598,2025-07-23,192.854,0.0207652749048858,SBI Small Cap Fund - Regular Plan - Growth,-0.5515625580453056
119598,2025-07-24,195.4061,0.013233326765325,SBI Small Cap Fund - Regular Plan - Growth,-0.4975874744945315
119598,2025-07-25,195.4566,0.0002584361491273,SBI Small Cap Fund - Regular Plan - Growth,-0.45876069803932057
119598,2025-07-28,194.344,-0.0056923122575549,SBI Small Cap Fund - Regular Plan - Growth,-0.6780463521340631
119598,2025-07-29,188.406,-0.0305540690733955,SBI Small Cap Fund - Regular Plan - Growth,-0.6625750287078845
119598,2025-07-30,185.4171,-0.0158641444539983,SBI Small Cap Fund - Regular Plan - Growth,-0.8238257775872906
119598,2025-07-31,191.2503,0.0314598815319622,SBI Small Cap Fund - Regular Plan - Growth,-0.3821435190759657
119598,2025-08-01,187.596,-0.019107421007967,SBI Small Cap Fund - Regular Plan - Growth,-0.6632555126158922
119598,2025-08-04,188.321,0.0038646879464381,SBI Small Cap Fund - Regular Plan - Growth,-0.7110778807194933
119598,2025-08-05,191.4998,0.0168796894663898,SBI Small Cap Fund - Regular Plan - Growth,-0.4226983677303023
119598,2025-08-06,187.9163,-0.0187128132770895,SBI Small Cap Fund - Regular Plan - Growth,-0.508998226774824
119598,2025-08-07,188.6283,0.0037889209185153,SBI Small Cap Fund - Regular Plan - Growth,-0.46000856575864874
119598,2025-08-08,191.6024,0.0157669872442258,SBI Small Cap Fund - Regular Plan - Growth,-0.15665760629092526
119598,2025-08-11,191.8075,0.0010704458816801,SBI Small Cap Fund - Regular Plan - Growth,-0.29551673597159206
119598,2025-08-12,200.846,0.0471227663151858,SBI Small Cap Fund - Regular Plan - Growth,0.24072656146808136
119598,2025-08-13,195.8077,-0.0250853888053532,SBI Small Cap Fund - Regular Plan - Growth,0.44104218045653615
119598,2025-08-14,199.2738,0.0177015510625986,SBI Small Cap Fund - Regular Plan - Growth,0.6721333328844906
119598,2025-08-15,198.9058,-0.0018467053872611,SBI Small Cap Fund - Regular Plan - Growth,0.8148798249838638
119598,2025-08-18,201.5144,0.0131147508016358,SBI Small Cap Fund - Regular Plan - Growth,1.2151237097109349
119598,2025-08-19,203.097,0.0078535330477624,SBI Small Cap Fund - Regular Plan - Growth,1.4996188065166876
119598,2025-08-20,200.9409,-0.0106161095437156,SBI Small Cap Fund - Regular Plan - Growth,1.3569915641863834
119598,2025-08-21,201.843,0.0044893797131395,SBI Small Cap Fund - Regular Plan - Growth,1.1832037594616742
119598,2025-08-22,196.194,-0.0279870988837859,SBI Small Cap Fund - Regular Plan - Growth,0.8131400832424307
119598,2025-08-25,198.2398,0.0104274340703589,SBI Small Cap Fund - Regular Plan - Growth,1.0111715186340569
119598,2025-08-26,199.3468,0.0055841460695582,SBI Small Cap Fund - Regular Plan - Growth,0.9857566355174013
119598,2025-08-27,201.5378,0.0109908962672087,SBI Small Cap Fund - Regular Plan - Growth,1.1648373998174997
119598,2025-08-28,205.1033,0.0176914702849786,SBI Small Cap Fund - Regular Plan - Growth,1.4486361627200903
119598,2025-08-29,206.4743,0.0066844365741556,SBI Small Cap Fund - Regular Plan - Growth,1.706407901043228
119598,2025-09-01,207.1372,0.003210569063559,SBI Small Cap Fund - Regular Plan - Growth,2.046987634228361
119598,2025-09-02,204.4613,-0.0129184907394712,SBI Small Cap Fund - Regular Plan - Growth,1.9590504289283937
119598,2025-09-03,202.3574,-0.010289966854363,SBI Small Cap Fund - Regular Plan - Growth,1.809538547221699
119598,2025-09-04,206.3549,0.0197546519178442,SBI Small Cap Fund - Regular Plan - Growth,2.0118577038567613
119598,2025-09-05,211.2603,0.0237716671617684,SBI Small Cap Fund - Regular Plan - Growth,2.301610463940232
119598,2025-09-08,210.6534,-0.0028727593400179,SBI Small Cap Fund - Regular Plan - Growth,2.4276723741962924
119598,2025-09-09,210.9902,0.0015988348633346,SBI Small Cap Fund - Regular Plan - Growth,2.3376909861727873
119598,2025-09-10,208.1873,-0.0132845032612889,SBI Small Cap Fund - Regular Plan - Growth,2.415943313125767
119598,2025-09-11,212.2533,0.0195304900923352,SBI Small Cap Fund - Regular Plan - Growth,2.4739617211148075
119598,2025-09-12,214.6766,0.0114170191935767,SBI Small Cap Fund - Regular Plan - Growth,2.760713275655188
119598,2025-09-15,221.5342,0.0319438634671873,SBI Small Cap Fund - Regular Plan - Growth,3.171164648920715
119598,2025-09-16,218.6818,-0.0128756643443765,SBI Small Cap Fund - Regular Plan - Growth,3.289967271889147
119598,2025-09-17,217.5737,-0.0050671798018856,SBI Small Cap Fund - Regular Plan - Growth,3.3125522535010874
119598,2025-09-18,218.5589,0.0045281208160727,SBI Small Cap Fund - Regular Plan - Growth,3.1992706545543044
119598,2025-09-19,220.9883,0.0111155391063919,SBI Small Cap Fund - Regular Plan - Growth,3.2193259084663826
119598,2025-09-22,220.4314,-0.0025200429162992,SBI Small Cap Fund - Regular Plan - Growth,3.029123873460558
119598,2025-09-23,217.6116,-0.0127921884087294,SBI Small Cap Fund - Regular Plan - Growth,2.7866601604277936
119598,2025-09-24,220.846,0.0148631782496888,SBI Small Cap Fund - Regular Plan - Growth,3.128673600571222
119598,2025-09-25,223.5635,0.012304954583737,SBI Small Cap Fund - Regular Plan - Growth,3.3023028690502167
119598,2025-09-26,220.5531,-0.0134655254547365,SBI Small Cap Fund - Regular Plan - Growth,3.2756609261263803
119598,2025-09-29,225.5085,0.0224680587123917,SBI Small Cap Fund - Regular Plan - Growth,3.2788812272325236
119598,2025-09-30,229.9035,0.0194892875434851,SBI Small Cap Fund - Regular Plan - Growth,3.6860091538340902
119598,2025-10-01,230.5915,0.0029925599218803,SBI Small Cap Fund - Regular Plan - Growth,3.5678170783593086
119598,2025-10-02,231.0824,0.0021288729202941,SBI Small Cap Fund - Regular Plan - Growth,3.440106000463383
119598,2025-10-03,233.3111,0.0096446116190589,SBI Small Cap Fund - Regular Plan - Growth,3.2678533921791724
119598,2025-10-06,230.3674,-0.0126170593683713,SBI Small Cap Fund - Regular Plan - Growth,3.180480019097781
119598,2025-10-07,230.6776,0.0013465446933897,SBI Small Cap Fund - Regular Plan - Growth,3.069526846829947
119598,2025-10-08,223.1842,-0.0324842984320974,SBI Small Cap Fund - Regular Plan - Growth,2.3174509589131245
119598,2025-10-09,226.4838,0.0147842006737035,SBI Small Cap Fund - Regular Plan - Growth,2.5690906862235994
119598,2025-10-10,221.1752,-0.0234392040402007,SBI Small Cap Fund - Regular Plan - Growth,2.5636118937958052
119598,2025-10-13,226.6722,0.0248536002228099,SBI Small Cap Fund - Regular Plan - Growth,3.1655570201236904
119598,2025-10-14,225.6937,-0.0043168063838441,SBI Small Cap Fund - Regular Plan - Growth,2.988862358784497
119598,2025-10-15,225.1391,-0.0024573127207361,SBI Small Cap Fund - Regular Plan - Growth,3.3381032562890915
119598,2025-10-16,223.1191,-0.0089722309452245,SBI Small Cap Fund - Regular Plan - Growth,3.2880154146800016
119598,2025-10-17,222.3032,-0.0036567913728586,SBI Small Cap Fund - Regular Plan - Growth,3.1599039577364834
119598,2025-10-20,227.5239,0.0234845922145969,SBI Small Cap Fund - Regular Plan - Growth,3.3471096272270575
119598,2025-10-21,218.9731,-0.037581985892471,SBI Small Cap Fund - Regular Plan - Growth,2.757777980998048
119598,2025-10-22,223.6164,0.0212048877236519,SBI Small Cap Fund - Regular Plan - Growth,2.916078382897691
119598,2025-10-23,225.0063,0.0062155548519697,SBI Small Cap Fund - Regular Plan - Growth,2.7763663404721703
119598,2025-10-24,220.9625,-0.01797194123009,SBI Small Cap Fund - Regular Plan - Growth,2.726539560576265
119598,2025-10-27,217.4418,-0.0159334728743565,SBI Small Cap Fund - Regular Plan - Growth,2.6510956378360024
119598,2025-10-28,223.4539,0.027649237635082,SBI Small Cap Fund - Regular Plan - Growth,3.034513060394823
119598,2025-10-29,220.3435,-0.0139196496458553,SBI Small Cap Fund - Regular Plan - Growth,2.734652275587373
119598,2025-10-30,216.5664,-0.0171418716685539,SBI Small Cap Fund - Regular Plan - Growth,2.3885658876978457
119598,2025-10-31,220.6728,0.0189613901325413,SBI Small Cap Fund - Regular Plan - Growth,2.4901947705944236
119598,2025-11-03,222.0463,0.0062241472442459,SBI Small Cap Fund - Regular Plan - Growth,2.364349061891224
119598,2025-11-04,218.9817,-0.0138016260572683,SBI Small Cap Fund - Regular Plan - Growth,2.409087134297738
119598,2025-11-05,219.9219,0.0042935094576397,SBI Small Cap Fund - Regular Plan - Growth,2.195491136870188
119598,2025-11-06,216.5868,-0.0151649290043419,SBI Small Cap Fund - Regular Plan - Growth,1.781013727926014
119598,2025-11-07,220.5668,0.0183760044471776,SBI Small Cap Fund - Regular Plan - Growth,1.8366982835324284
119598,2025-11-10,224.4805,0.0177438308938606,SBI Small Cap Fund - Regular Plan - Growth,1.7322448344654597
119598,2025-11-11,226.5669,0.0092943485068859,SBI Small Cap Fund - Regular Plan - Growth,2.123938115826619
119598,2025-11-12,228.06,0.0065901064983455,SBI Small Cap Fund - Regular Plan - Growth,2.2774261776703866
119598,2025-11-13,234.6788,0.0290221871437341,SBI Small Cap Fund - Regular Plan - Growth,2.6753385606828632
119598,2025-11-14,234.8826,0.0008684210077773,SBI Small Cap Fund - Regular Plan - Growth,2.5581071169092664
119598,2025-11-17,230.7526,-0.0175832522289858,SBI Small Cap Fund - Regular Plan - Growth,2.5322611149176826
119598,2025-11-18,232.5948,0.0079834420067206,SBI Small Cap Fund - Regular Plan - Growth,2.483951943708342
119598,2025-11-19,240.5728,0.0342999929491114,SBI Small Cap Fund - Regular Plan - Growth,2.5760619447587367
119598,2025-11-20,236.9656,-0.0149942138097075,SBI Small Cap Fund - Regular Plan - Growth,2.282556232087693
119598,2025-11-21,235.8263,-0.0048078708470764,SBI Small Cap Fund - Regular Plan - Growth,2.1740647373246884
119598,2025-11-24,237.5853,0.0074588796923837,SBI Small Cap Fund - Regular Plan - Growth,2.4178078039475115
119598,2025-11-25,237.5911,2.441228476679491e-05,SBI Small Cap Fund - Regular Plan - Growth,2.559863987753359
119598,2025-11-26,234.1482,-0.0144908626627849,SBI Small Cap Fund - Regular Plan - Growth,2.18862682379468
119598,2025-11-27,238.5299,0.0187133618793566,SBI Small Cap Fund - Regular Plan - Growth,2.2399138825688354
119598,2025-11-28,247.6224,0.0381189108786781,SBI Small Cap Fund - Regular Plan - Growth,2.5753761994120117
119598,2025-12-01,248.6054,0.0039697539479466,SBI Small Cap Fund - Regular Plan - Growth,2.678626662182816
119598,2025-12-02,245.3049,-0.0132760591684654,SBI Small Cap Fund - Regular Plan - Growth,2.905428121515197
119598,2025-12-03,239.6025,-0.0232461724164499,SBI Small Cap Fund - Regular Plan - Growth,2.8093697551501977
119598,2025-12-04,240.788,0.0049477780907962,SBI Small Cap Fund - Regular Plan - Growth,2.574422539157096
119598,2025-12-05,245.2246,0.0184253368108044,SBI Small Cap Fund - Regular Plan - Growth,2.9869928579023624
119598,2025-12-08,247.2823,0.008391083113195,SBI Small Cap Fund - Regular Plan - Growth,3.0335216898437136
119598,2025-12-09,247.4889,0.0008354823616572,SBI Small Cap Fund - Regular Plan - Growth,2.873663979669825
119598,2025-12-10,245.417,-0.0083716885888619,SBI Small Cap Fund - Regular Plan - Growth,3.005495746511092
119598,2025-12-11,241.4426,-0.0161944771552092,SBI Small Cap Fund - Regular Plan - Growth,2.7692405153823905
119598,2025-12-12,244.8513,0.0141180553887343,SBI Small Cap Fund - Regular Plan - Growth,2.7538889827628172
119598,2025-12-15,248.6172,0.0153803553422016,SBI Small Cap Fund - Regular Plan - Growth,2.8978168709203045
119598,2025-12-16,242.8501,-0.0231967056181149,SBI Small Cap Fund - Regular Plan - Growth,2.208788696750551
119598,2025-12-17,249.2248,0.0262495259421347,SBI Small Cap Fund - Regular Plan - Growth,2.7831854859739815
119598,2025-12-18,251.7078,0.0099628929384234,SBI Small Cap Fund - Regular Plan - Growth,2.7082012036485708
119598,2025-12-19,257.5422,0.0231792578537495,SBI Small Cap Fund - Regular Plan - Growth,2.9592299516489677
119598,2025-12-22,252.376,-0.0200596251798733,SBI Small Cap Fund - Regular Plan - Growth,2.572838026574834
119598,2025-12-23,247.2212,-0.0204250800393064,SBI Small Cap Fund - Regular Plan - Growth,2.2424485423134417
119598,2025-12-24,246.8573,-0.001471961142491,SBI Small Cap Fund - Regular Plan - Growth,2.3481892323753835
119598,2025-12-25,249.037,0.0088297976199205,SBI Small Cap Fund - Regular Plan - Growth,2.3931184877040486
119598,2025-12-26,256.4066,0.0295923898858403,SBI Small Cap Fund - Regular Plan - Growth,3.0275369144290227
119598,2025-12-29,259.5001,0.0120648220443622,SBI Small Cap Fund - Regular Plan - Growth,3.043538318142574
119598,2025-12-30,258.736,-0.0029445075358351,SBI Small Cap Fund - Regular Plan - Growth,2.949461187415433
119598,2025-12-31,254.8098,-0.015174540844722,SBI Small Cap Fund - Regular Plan - Growth,2.652221353522626
119598,2026-01-01,260.0207,0.0204501553707903,SBI Small Cap Fund - Regular Plan - Growth,2.6768465875478706
119598,2026-01-02,256.3238,-0.0142177142050612,SBI Small Cap Fund - Regular Plan - Growth,2.439087178322203
119598,2026-01-05,263.2122,0.0268738213150709,SBI Small Cap Fund - Regular Plan - Growth,2.6596896403901242
119598,2026-01-06,262.2649,-0.0035989973109148,SBI Small Cap Fund - Regular Plan - Growth,2.769454507181844
119598,2026-01-07,269.1523,0.0262612343474097,SBI Small Cap Fund - Regular Plan - Growth,3.133815044150626
119598,2026-01-08,272.2831,0.011632075965912,SBI Small Cap Fund - Regular Plan - Growth,3.0608010616384913
119598,2026-01-09,271.9336,-0.0012835904982717,SBI Small Cap Fund - Regular Plan - Growth,2.819706700454355
119598,2026-01-12,269.9539,-0.0072800860209993,SBI Small Cap Fund - Regular Plan - Growth,2.7688291376324927
119598,2026-01-13,268.743,-0.0044855806861837,SBI Small Cap Fund - Regular Plan - Growth,2.7013050414149262
119598,2026-01-14,270.7982,0.0076474550034792,SBI Small Cap Fund - Regular Plan - Growth,2.93790148577184
119598,2026-01-15,271.3642,0.002090117290292,SBI Small Cap Fund - Regular Plan - Growth,2.7674985044792932
119598,2026-01-16,269.0732,-0.0084425285280814,SBI Small Cap Fund - Regular Plan - Growth,2.551820685107195
119598,2026-01-19,268.6066,-0.0017341006090534,SBI Small Cap Fund - Regular Plan - Growth,2.2307227186985714
119598,2026-01-20,269.1741,0.0021127552338624,SBI Small Cap Fund - Regular Plan - Growth,2.4062505251461546
119598,2026-01-21,260.5271,-0.0321241902545601,SBI Small Cap Fund - Regular Plan - Growth,2.059690879148788
119598,2026-01-22,262.6429,0.0081212280795355,SBI Small Cap Fund - Regular Plan - Growth,2.0968533196246817
119598,2026-01-23,258.8476,-0.0144504191813294,SBI Small Cap Fund - Regular Plan - Growth,1.8162680058288914
119598,2026-01-26,254.4105,-0.0171417467266452,SBI Small Cap Fund - Regular Plan - Growth,1.6489880064990925
119598,2026-01-27,247.9554,-0.0253727735293944,SBI Small Cap Fund - Regular Plan - Growth,1.5001064494769027
119598,2026-01-28,241.2589,-0.0270068730102267,SBI Small Cap Fund - Regular Plan - Growth,1.0487845545358856
119598,2026-01-29,236.3698,-0.0202649518836404,SBI Small Cap Fund - Regular Plan - Growth,0.7074559287284603
119598,2026-01-30,233.9493,-0.0102403098873037,SBI Small Cap Fund - Regular Plan - Growth,0.7417727737964573
119598,2026-02-02,241.4684,0.0321398696213239,SBI Small Cap Fund - Regular Plan - Growth,0.8332491873470462
119598,2026-02-03,239.686,-0.0073815041636917,SBI Small Cap Fund - Regular Plan - Growth,0.5622171307190512
119598,2026-02-04,240.5678,0.0036789799988317,SBI Small Cap Fund - Regular Plan - Growth,0.5692150031957666
119598,2026-02-05,242.3013,0.0072058687821063,SBI Small Cap Fund - Regular Plan - Growth,0.6207875996583277
119598,2026-02-06,243.014,0.0029413791836858,SBI Small Cap Fund - Regular Plan - Growth,0.552908876995881
119598,2026-02-09,242.9298,-0.0003464820956817,SBI Small Cap Fund - Regular Plan - Growth,0.6810759663907363
119598,2026-02-10,238.6078,-0.0177911478954002,SBI Small Cap Fund - Regular Plan - Growth,0.48096355204918734
119598,2026-02-11,244.336,0.0240067592090451,SBI Small Cap Fund - Regular Plan - Growth,1.0704100842498556
119598,2026-02-12,251.6094,0.0297680243598976,SBI Small Cap Fund - Regular Plan - Growth,1.2106986689768235
119598,2026-02-13,245.2435,-0.025300724058799,SBI Small Cap Fund - Regular Plan - Growth,1.189538121318435
119598,2026-02-16,241.531,-0.0151380158903294,SBI Small Cap Fund - Regular Plan - Growth,0.7861624744212546
119598,2026-02-17,240.679,-0.0035274975054961,SBI Small Cap Fund - Regular Plan - Growth,0.794372292591884
119598,2026-02-18,237.2578,-0.0142147840069137,SBI Small Cap Fund - Regular Plan - Growth,0.6710256184724109
119598,2026-02-19,239.3647,0.0088802138433383,SBI Small Cap Fund - Regular Plan - Growth,0.8539254382908312
119598,2026-02-20,236.8417,-0.0105404013206625,SBI Small Cap Fund - Regular Plan - Growth,0.7819335294528438
119598,2026-02-23,245.2705,0.0355883275622492,SBI Small Cap Fund - Regular Plan - Growth,0.8938503587499496
119598,2026-02-24,250.1308,0.0198160806130374,SBI Small Cap Fund - Regular Plan - Growth,1.5045178074865946
119598,2026-02-25,251.1888,0.0042297869754543,SBI Small Cap Fund - Regular Plan - Growth,1.3395409915951764
119598,2026-02-26,255.5074,0.0171926455319664,SBI Small Cap Fund - Regular Plan - Growth,1.4470904592934926
119598,2026-02-27,260.2234,0.0184573910579499,SBI Small Cap Fund - Regular Plan - Growth,1.8271242728338273
119598,2026-03-02,258.1478,-0.007976223506418,SBI Small Cap Fund - Regular Plan - Growth,1.9177158925420634
119598,2026-03-03,255.0733,-0.0119098438956288,SBI Small Cap Fund - Regular Plan - Growth,1.5208542322421759
119598,2026-03-04,255.6105,0.0021060612772878,SBI Small Cap Fund - Regular Plan - Growth,1.6972104407903037
119598,2026-03-05,259.3289,0.0145471332359194,SBI Small Cap Fund - Regular Plan - Growth,2.039738244349685
119598,2026-03-06,260.1245,0.0030679187703339,SBI Small Cap Fund - Regular Plan - Growth,1.8823805287130184
119598,2026-03-09,253.9654,-0.0236775082700784,SBI Small Cap Fund - Regular Plan - Growth,1.5442476880085745
119598,2026-03-10,250.9936,-0.0117015939966625,SBI Small Cap Fund - Regular Plan - Growth,1.5682173745370744
119598,2026-03-11,250.9204,-0.0002916409023974,SBI Small Cap Fund - Regular Plan - Growth,1.520061573134041
119598,2026-03-12,250.8404,-0.0003188262094274,SBI Small Cap Fund - Regular Plan - Growth,1.685798218374522
119598,2026-03-13,258.981,0.0324533049700128,SBI Small Cap Fund - Regular Plan - Growth,1.810662927896592
119598,2026-03-16,253.6107,-0.0207362702283178,SBI Small Cap Fund - Regular Plan - Growth,1.4018965001626003
119598,2026-03-17,255.8614,0.008874625557991,SBI Small Cap Fund - Regular Plan - Growth,1.3977070197761994
119598,2026-03-18,262.1613,0.0246223150502575,SBI Small Cap Fund - Regular Plan - Growth,1.569775855742719
119598,2026-03-19,271.9464,0.0373247309957647,SBI Small Cap Fund - Regular Plan - Growth,1.6389628227715074
119598,2026-03-20,270.456,-0.0054804917439611,SBI Small Cap Fund - Regular Plan - Growth,1.5727196942499695
119598,2026-03-23,272.7953,0.0086494660869049,SBI Small Cap Fund - Regular Plan - Growth,1.8514384557395611
119598,2026-03-24,275.4945,0.00989459862395,SBI Small Cap Fund - Regular Plan - Growth,1.8700868523739969
119598,2026-03-25,276.5853,0.0039594256872641,SBI Small Cap Fund - Regular Plan - Growth,1.5912125859314759
119598,2026-03-26,276.3962,-0.000683695048146,SBI Small Cap Fund - Regular Plan - Growth,1.7503253205779532
119598,2026-03-27,278.5436,0.0077692819221104,SBI Small Cap Fund - Regular Plan - Growth,1.8829291239611938
119598,2026-03-30,267.8878,-0.0382554113610938,SBI Small Cap Fund - Regular Plan - Growth,1.3604690281918297
119598,2026-03-31,271.0174,0.0116825028986016,SBI Small Cap Fund - Regular Plan - Growth,1.4765822557749364
119598,2026-04-01,271.7936,0.0028640227527827,SBI Small Cap Fund - Regular Plan - Growth,1.6613793483295853
119598,2026-04-02,271.0796,-0.002626993424422,SBI Small Cap Fund - Regular Plan - Growth,1.4505355960100155
119598,2026-04-03,280.2047,0.0336620682633439,SBI Small Cap Fund - Regular Plan - Growth,1.4129925708115514
119598,2026-04-06,277.4843,-0.0097086165935117,SBI Small Cap Fund - Regular Plan - Growth,1.2686310496466557
119598,2026-04-07,275.9693,-0.005459768354462,SBI Small Cap Fund - Regular Plan - Growth,1.3536835641119527
119598,2026-04-08,285.0107,0.0327623398689638,SBI Small Cap Fund - Regular Plan - Growth,1.9211107419269993
119598,2026-04-09,281.546,-0.0121563857076243,SBI Small Cap Fund - Regular Plan - Growth,1.738833804390875
119598,2026-04-10,279.3611,-0.0077603659792715,SBI Small Cap Fund - Regular Plan - Growth,1.4757297569199452
119598,2026-04-13,278.9585,-0.0014411455281354,SBI Small Cap Fund - Regular Plan - Growth,1.3755969479006216
119598,2026-04-14,282.9234,0.0142132252646898,SBI Small Cap Fund - Regular Plan - Growth,1.5086993805556705
119598,2026-04-15,284.0987,0.0041541279371024,SBI Small Cap Fund - Regular Plan - Growth,1.6402220135159413
119598,2026-04-16,278.617,-0.0192950548524156,SBI Small Cap Fund - Regular Plan - Growth,1.6046463933530586
119598,2026-04-17,276.533,-0.0074798020221307,SBI Small Cap Fund - Regular Plan - Growth,1.3850485650795195
119598,2026-04-20,274.1398,-0.0086543016565836,SBI Small Cap Fund - Regular Plan - Growth,1.1402652838783613
119598,2026-04-21,274.0458,-0.0003428907440655,SBI Small Cap Fund - Regular Plan - Growth,1.3914975097565179
119598,2026-04-22,276.1308,0.0076082173125806,SBI Small Cap Fund - Regular Plan - Growth,1.2112517070369178
119598,2026-04-23,278.1982,0.007487031508256,SBI Small Cap Fund - Regular Plan - Growth,1.1860570772555148
119598,2026-04-24,270.7612,-0.0267327394641662,SBI Small Cap Fund - Regular Plan - Growth,0.6564587707396682
119598,2026-04-27,275.5766,0.0177846752045713,SBI Small Cap Fund - Regular Plan - Growth,1.0563469225132032
119598,2026-04-28,276.9166,0.0048625318695421,SBI Small Cap Fund - Regular Plan - Growth,1.3344310882345567
119598,2026-04-29,283.268,0.0229361475621179,SBI Small Cap Fund - Regular Plan - Growth,1.5790613779404725
119598,2026-04-30,285.5057,0.007899586257537,SBI Small Cap Fund - Regular Plan - Growth,1.5696710664715203
119598,2026-05-01,290.7545,0.0183842214008338,SBI Small Cap Fund - Regular Plan - Growth,1.4665682584927
119598,2026-05-04,293.1545,0.0082543864325401,SBI Small Cap Fund - Regular Plan - Growth,1.4280034795031766
119598,2026-05-05,299.6975,0.0223192889756085,SBI Small Cap Fund - Regular Plan - Growth,1.682839561278816
119598,2026-05-06,302.4365,0.0091392153755036,SBI Small Cap Fund - Regular Plan - Growth,1.9487904512936758
119598,2026-05-07,302.2343,-0.0006685700965326,SBI Small Cap Fund - Regular Plan - Growth,1.7367795470079535
119598,2026-05-08,313.5199,0.0373405665736814,SBI Small Cap Fund - Regular Plan - Growth,2.2425906476958977
119598,2026-05-11,318.2181,0.0149853326694733,SBI Small Cap Fund - Regular Plan - Growth,2.136944164914732
119598,2026-05-12,321.3869,0.0099579502234474,SBI Small Cap Fund - Regular Plan - Growth,2.2790467764562767
119598,2026-05-13,315.2666,-0.0190434022046326,SBI Small Cap Fund - Regular Plan - Growth,1.8056509555733846
119598,2026-05-14,309.2045,-0.0192284878892974,SBI Small Cap Fund - Regular Plan - Growth,1.4689375980872084
119598,2026-05-15,310.9045,0.0054979794925364,SBI Small Cap Fund - Regular Plan - Growth,1.5400068739941797
119598,2026-05-18,311.89,0.00316978364739,SBI Small Cap Fund - Regular Plan - Growth,1.6524148244558035
119598,2026-05-19,309.1578,-0.0087601397928755,SBI Small Cap Fund - Regular Plan - Growth,1.6051295043451357
119598,2026-05-20,310.1156,0.0030980942418401,SBI Small Cap Fund - Regular Plan - Growth,1.5583564122965137
119598,2026-05-21,318.2498,0.0262295737460482,SBI Small Cap Fund - Regular Plan - Growth,1.7910085509190983
119598,2026-05-22,322.0353,0.0118947443171999,SBI Small Cap Fund - Regular Plan - Growth,2.0028968318463245
119598,2026-05-25,316.5766,-0.016950626220169,SBI Small Cap Fund - Regular Plan - Growth,1.8323140190616387
119598,2026-05-26,316.2971,-0.0008828826893712,SBI Small Cap Fund - Regular Plan - Growth,1.8010967957485804
119598,2026-05-27,312.5855,-0.0117345369274646,SBI Small Cap Fund - Regular Plan - Growth,2.0506322249730426
119598,2026-05-28,310.9541,-0.0052190520673545,SBI Small Cap Fund - Regular Plan - Growth,1.9095545155454239
119598,2026-05-29,309.205,-0.0056249459325347,SBI Small Cap Fund - Regular Plan - Growth,2.0110327596618593
119120,2022-01-03,42.1391,,SBI Magnum Gilt Fund - Regular Plan - Growth,
119120,2022-01-04,42.2508,0.0026507447952139,SBI Magnum Gilt Fund - Regular Plan - Growth,
119120,2022-01-05,42.4374,0.0044164844215968,SBI Magnum Gilt Fund - Regular Plan - Growth,
119120,2022-01-06,42.5901,0.0035982411740587,SBI Magnum Gilt Fund - Regular Plan - Growth,
119120,2022-01-07,42.4851,-0.0024653616685567,SBI Magnum Gilt Fund - Regular Plan - Growth,
119120,2022-01-10,42.4701,-0.0003530649568908,SBI Magnum Gilt Fund - Regular Plan - Growth,
119120,2022-01-11,42.4453,-0.0005839402308918,SBI Magnum Gilt Fund - Regular Plan - Growth,
119120,2022-01-12,42.5098,0.0015196028771147,SBI Magnum Gilt Fund - Regular Plan - Growth,
119120,2022-01-13,42.5956,0.0020183581197747,SBI Magnum Gilt Fund - Regular Plan - Growth,
119120,2022-01-14,42.5178,-0.0018264797303007,SBI Magnum Gilt Fund - Regular Plan - Growth,
119120,2022-01-17,42.5372,0.0004562794876499,SBI Magnum Gilt Fund - Regular Plan - Growth,
119120,2022-01-18,42.3334,-0.0047911004955663,SBI Magnum Gilt Fund - Regular Plan - Growth,
119120,2022-01-19,42.4996,0.0039259780693259,SBI Magnum Gilt Fund - Regular Plan - Growth,
119120,2022-01-20,42.4569,-0.0010047153384973,SBI Magnum Gilt Fund - Regular Plan - Growth,
119120,2022-01-21,42.475,0.0004263146861878,SBI Magnum Gilt Fund - Regular Plan - Growth,
119120,2022-01-24,42.454,-0.0004944084755739,SBI Magnum Gilt Fund - Regular Plan - Growth,
119120,2022-01-25,42.5889,0.0031775568850991,SBI Magnum Gilt Fund - Regular Plan - Growth,
119120,2022-01-26,42.2976,-0.0068398103731254,SBI Magnum Gilt Fund - Regular Plan - Growth,
119120,2022-01-27,42.3079,0.0002435126342863,SBI Magnum Gilt Fund - Regular Plan - Growth,
119120,2022-01-28,42.3087,1.890899808332236e-05,SBI Magnum Gilt Fund - Regular Plan - Growth,
119120,2022-01-31,42.2725,-0.0008556159844193,SBI Magnum Gilt Fund - Regular Plan - Growth,
119120,2022-02-01,42.4689,0.0046460464841207,SBI Magnum Gilt Fund - Regular Plan - Growth,
119120,2022-02-02,42.3861,-0.0019496619879487,SBI Magnum Gilt Fund - Regular Plan - Growth,
119120,2022-02-03,42.4808,0.0022342230117893,SBI Magnum Gilt Fund - Regular Plan - Growth,
119120,2022-02-04,42.5311,0.0011840643302385,SBI Magnum Gilt Fund - Regular Plan - Growth,
119120,2022-02-07,42.6787,0.0034704016590212,SBI Magnum Gilt Fund - Regular Plan - Growth,
119120,2022-02-08,42.6192,-0.0013941380595003,SBI Magnum Gilt Fund - Regular Plan - Growth,
119120,2022-02-09,42.5527,-0.0015603296166984,SBI Magnum Gilt Fund - Regular Plan - Growth,
119120,2022-02-10,42.6826,0.0030526852585146,SBI Magnum Gilt Fund - Regular Plan - Growth,
119120,2022-02-11,42.7405,0.0013565246728173,SBI Magnum Gilt Fund - Regular Plan - Growth,
119120,2022-02-14,42.5866,-0.0036008001778172,SBI Magnum Gilt Fund - Regular Plan - Growth,
119120,2022-02-15,42.541,-0.0010707593468367,SBI Magnum Gilt Fund - Regular Plan - Growth,
119120,2022-02-16,42.5946,0.0012599609788204,SBI Magnum Gilt Fund - Regular Plan - Growth,
119120,2022-02-17,42.6968,0.0023993651777456,SBI Magnum Gilt Fund - Regular Plan - Growth,
119120,2022-02-18,42.6359,-0.0014263363999176,SBI Magnum Gilt Fund - Regular Plan - Growth,
119120,2022-02-21,42.3361,-0.0070316329665844,SBI Magnum Gilt Fund - Regular Plan - Growth,
119120,2022-02-22,42.4041,0.0016061942408487,SBI Magnum Gilt Fund - Regular Plan - Growth,
119120,2022-02-23,42.286,-0.0027851080437976,SBI Magnum Gilt Fund - Regular Plan - Growth,
119120,2022-02-24,42.0836,-0.0047864541455802,SBI Magnum Gilt Fund - Regular Plan - Growth,
119120,2022-02-25,41.7962,-0.0068292636561509,SBI Magnum Gilt Fund - Regular Plan - Growth,
119120,2022-02-28,41.894,0.0023399256391729,SBI Magnum Gilt Fund - Regular Plan - Growth,
119120,2022-03-01,41.9196,0.0006110660237743,SBI Magnum Gilt Fund - Regular Plan - Growth,
119120,2022-03-02,41.9077,-0.0002838767545493,SBI Magnum Gilt Fund - Regular Plan - Growth,
119120,2022-03-03,42.0667,0.0037940521670241,SBI Magnum Gilt Fund - Regular Plan - Growth,
119120,2022-03-04,42.1463,0.0018922330489437,SBI Magnum Gilt Fund - Regular Plan - Growth,
119120,2022-03-07,42.3304,0.0043681177232639,SBI Magnum Gilt Fund - Regular Plan - Growth,
119120,2022-03-08,42.1942,-0.0032175457826998,SBI Magnum Gilt Fund - Regular Plan - Growth,
119120,2022-03-09,42.2026,0.000199079494338,SBI Magnum Gilt Fund - Regular Plan - Growth,
119120,2022-03-10,42.043,-0.0037817575220483,SBI Magnum Gilt Fund - Regular Plan - Growth,
119120,2022-03-11,42.0307,-0.0002925576195799,SBI Magnum Gilt Fund - Regular Plan - Growth,
119120,2022-03-14,42.0164,-0.0003402275003748,SBI Magnum Gilt Fund - Regular Plan - Growth,
119120,2022-03-15,42.0948,0.0018659380622805,SBI Magnum Gilt Fund - Regular Plan - Growth,
119120,2022-03-16,42.1117,0.0004014747664795,SBI Magnum Gilt Fund - Regular Plan - Growth,
119120,2022-03-17,42.1899,0.001856966116305,SBI Magnum Gilt Fund - Regular Plan - Growth,
119120,2022-03-18,42.2768,0.0020597346758346,SBI Magnum Gilt Fund - Regular Plan - Growth,
119120,2022-03-21,42.5192,0.0057336411459711,SBI Magnum Gilt Fund - Regular Plan - Growth,
119120,2022-03-22,42.4976,-0.000508005795029,SBI Magnum Gilt Fund - Regular Plan - Growth,
119120,2022-03-23,42.409,-0.0020848236135687,SBI Magnum Gilt Fund - Regular Plan - Growth,
119120,2022-03-24,42.4474,0.0009054681789244,SBI Magnum Gilt Fund - Regular Plan - Growth,
119120,2022-03-25,42.3738,-0.0017339106753299,SBI Magnum Gilt Fund - Regular Plan - Growth,
119120,2022-03-28,42.5445,0.0040284326635797,SBI Magnum Gilt Fund - Regular Plan - Growth,
119120,2022-03-29,42.5263,-0.0004277873755714,SBI Magnum Gilt Fund - Regular Plan - Growth,
119120,2022-03-30,42.4779,-0.0011381192344502,SBI Magnum Gilt Fund - Regular Plan - Growth,
119120,2022-03-31,42.4396,-0.0009016453261577,SBI Magnum Gilt Fund - Regular Plan - Growth,
119120,2022-04-01,42.5286,0.0020970979933834,SBI Magnum Gilt Fund - Regular Plan - Growth,
119120,2022-04-04,42.5239,-0.0001105138659631,SBI Magnum Gilt Fund - Regular Plan - Growth,
119120,2022-04-05,42.4673,-0.0013310162050046,SBI Magnum Gilt Fund - Regular Plan - Growth,
119120,2022-04-06,42.6581,0.0044928686306875,SBI Magnum Gilt Fund - Regular Plan - Growth,
119120,2022-04-07,42.5783,-0.0018706880990948,SBI Magnum Gilt Fund - Regular Plan - Growth,
119120,2022-04-08,42.5943,0.0003757782720306,SBI Magnum Gilt Fund - Regular Plan - Growth,
119120,2022-04-11,42.6766,0.0019321834142127,SBI Magnum Gilt Fund - Regular Plan - Growth,
119120,2022-04-12,42.5136,-0.0038194232905152,SBI Magnum Gilt Fund - Regular Plan - Growth,
119120,2022-04-13,42.5773,0.0014983440593128,SBI Magnum Gilt Fund - Regular Plan - Growth,
119120,2022-04-14,42.4764,-0.0023698073856257,SBI Magnum Gilt Fund - Regular Plan - Growth,
119120,2022-04-15,42.5767,0.0023613112222318,SBI Magnum Gilt Fund - Regular Plan - Growth,
119120,2022-04-18,42.4857,-0.0021373192379869,SBI Magnum Gilt Fund - Regular Plan - Growth,
119120,2022-04-19,42.5721,0.0020336254316157,SBI Magnum Gilt Fund - Regular Plan - Growth,
119120,2022-04-20,42.7031,0.0030771326760954,SBI Magnum Gilt Fund - Regular Plan - Growth,
119120,2022-04-21,42.8081,0.0024588378829641,SBI Magnum Gilt Fund - Regular Plan - Growth,
119120,2022-04-22,42.8474,0.0009180505558525,SBI Magnum Gilt Fund - Regular Plan - Growth,
119120,2022-04-25,42.8347,-0.0002964007150959,SBI Magnum Gilt Fund - Regular Plan - Growth,
119120,2022-04-26,42.7848,-0.0011649433753475,SBI Magnum Gilt Fund - Regular Plan - Growth,
119120,2022-04-27,42.9559,0.0039990837867653,SBI Magnum Gilt Fund - Regular Plan - Growth,
119120,2022-04-28,42.8925,-0.001475932293352,SBI Magnum Gilt Fund - Regular Plan - Growth,
119120,2022-04-29,42.7928,-0.0023244156903887,SBI Magnum Gilt Fund - Regular Plan - Growth,
119120,2022-05-02,42.8769,0.0019652838795312,SBI Magnum Gilt Fund - Regular Plan - Growth,
119120,2022-05-03,42.8032,-0.0017188742656302,SBI Magnum Gilt Fund - Regular Plan - Growth,
119120,2022-05-04,42.713,-0.0021073190789472,SBI Magnum Gilt Fund - Regular Plan - Growth,
119120,2022-05-05,42.5701,-0.0033455856530799,SBI Magnum Gilt Fund - Regular Plan - Growth,
119120,2022-05-06,42.5305,-0.0009302303729611,SBI Magnum Gilt Fund - Regular Plan - Growth,
119120,2022-05-09,42.5338,7.759137560103824e-05,SBI Magnum Gilt Fund - Regular Plan - Growth,0.6348794552092226
119120,2022-05-10,42.572,0.0008981092683937,SBI Magnum Gilt Fund - Regular Plan - Growth,0.5218964112170587
119120,2022-05-11,42.6863,0.0026848632904257,SBI Magnum Gilt Fund - Regular Plan - Growth,0.41128818231241615
119120,2022-05-12,42.7553,0.0016164436833361,SBI Magnum Gilt Fund - Regular Plan - Growth,0.2812411161591951
119120,2022-05-13,42.7469,-0.0001964668707739,SBI Magnum Gilt Fund - Regular Plan - Growth,0.4362660884315789
119120,2022-05-16,42.7378,-0.0002128809340559,SBI Magnum Gilt Fund - Regular Plan - Growth,0.44579065110296834
119120,2022-05-17,42.805,0.001572378550136,SBI Magnum Gilt Fund - Regular Plan - Growth,0.5908831271110886
119120,2022-05-18,42.9547,0.0034972549935756,SBI Magnum Gilt Fund - Regular Plan - Growth,0.7189404548806239
119120,2022-05-19,42.9807,0.000605288827532,SBI Magnum Gilt Fund - Regular Plan - Growth,0.6259001449105643
119120,2022-05-20,42.9422,-0.0008957508835361,SBI Magnum Gilt Fund - Regular Plan - Growth,0.6900356608426461
119120,2022-05-23,42.8471,-0.0022146047477773,SBI Magnum Gilt Fund - Regular Plan - Growth,0.5078424670014735
119120,2022-05-24,42.7036,-0.0033491181433514,SBI Magnum Gilt Fund - Regular Plan - Growth,0.6106112212634092
119120,2022-05-25,42.7875,0.0019647055517566,SBI Magnum Gilt Fund - Regular Plan - Growth,0.4821799243070666
119120,2022-05-26,42.8622,0.0017458369851008,SBI Magnum Gilt Fund - Regular Plan - Growth,0.6695060239734577
119120,2022-05-27,42.9368,0.001740461292234,SBI Magnum Gilt Fund - Regular Plan - Growth,0.7576797654061358
119120,2022-05-30,42.9352,-3.726407184501124e-05,SBI Magnum Gilt Fund - Regular Plan - Growth,0.7890871870411195
119120,2022-05-31,43.1,0.0038383424323165,SBI Magnum Gilt Fund - Regular Plan - Growth,0.8310473074119522
119120,2022-06-01,43.0597,-0.0009350348027842,SBI Magnum Gilt Fund - Regular Plan - Growth,1.284655651318896
119120,2022-06-02,43.1758,0.0026962565925912,SBI Magnum Gilt Fund - Regular Plan - Growth,1.4503378388509496
119120,2022-06-03,43.1839,0.000187605093594,SBI Magnum Gilt Fund - Regular Plan - Growth,1.4622778490901756
119120,2022-06-06,43.1301,-0.0012458346744967,SBI Magnum Gilt Fund - Regular Plan - Growth,1.4335050921512082
119120,2022-06-07,43.2069,0.0017806589829376,SBI Magnum Gilt Fund - Regular Plan - Growth,1.2512349571587882
119120,2022-06-08,43.2639,0.0013192337335008,SBI Magnum Gilt Fund - Regular Plan - Growth,1.4897005374700008
119120,2022-06-09,43.3152,0.0011857460839175,SBI Magnum Gilt Fund - Regular Plan - Growth,1.4186085472125434
119120,2022-06-10,43.3364,0.0004894355791962,SBI Magnum Gilt Fund - Regular Plan - Growth,1.369747168389409
119120,2022-06-13,43.3447,0.0001915249074682,SBI Magnum Gilt Fund - Regular Plan - Growth,1.1452667509605425
119120,2022-06-14,43.6188,0.0063237258534492,SBI Magnum Gilt Fund - Regular Plan - Growth,1.652687919645643
119120,2022-06-15,43.7617,0.0032761103010627,SBI Magnum Gilt Fund - Regular Plan - Growth,1.9835430996660894
119120,2022-06-16,43.854,0.0021091502386789,SBI Magnum Gilt Fund - Regular Plan - Growth,1.924748040819313
119120,2022-06-17,43.8788,0.0005655128380535,SBI Magnum Gilt Fund - Regular Plan - Growth,1.8708485569216782
119120,2022-06-20,44.0029,0.0028282450750702,SBI Magnum Gilt Fund - Regular Plan - Growth,2.343002426525135
119120,2022-06-21,44.073,0.001593076819937,SBI Magnum Gilt Fund - Regular Plan - Growth,2.5336336306853826
119120,2022-06-22,44.0885,0.0003516892428472,SBI Magnum Gilt Fund - Regular Plan - Growth,2.4707987915697394
119120,2022-06-23,44.0674,-0.0004785828504032,SBI Magnum Gilt Fund - Regular Plan - Growth,2.2732433444335727
119120,2022-06-24,44.071,8.169304292970914e-05,SBI Magnum Gilt Fund - Regular Plan - Growth,2.3876499436610032
119120,2022-06-27,43.7328,-0.0076739806221778,SBI Magnum Gilt Fund - Regular Plan - Growth,2.320541251453369
119120,2022-06-28,43.7685,0.0008163209307432,SBI Magnum Gilt Fund - Regular Plan - Growth,2.2673260538422855
119120,2022-06-29,43.7272,-0.0009436009915807,SBI Magnum Gilt Fund - Regular Plan - Growth,2.416119059843615
119120,2022-06-30,43.9155,0.0043062441683894,SBI Magnum Gilt Fund - Regular Plan - Growth,3.1011300116662395
119120,2022-07-01,43.9302,0.0003347337500425,SBI Magnum Gilt Fund - Regular Plan - Growth,3.818868775944111
119120,2022-07-04,43.8113,-0.0027065663256711,SBI Magnum Gilt Fund - Regular Plan - Growth,3.4081704375700093
119120,2022-07-05,43.8183,0.0001597761308154,SBI Magnum Gilt Fund - Regular Plan - Growth,3.373638786449312
119120,2022-07-06,43.7155,-0.0023460517637609,SBI Magnum Gilt Fund - Regular Plan - Growth,3.1930447089089395
119120,2022-07-07,43.7802,0.0014800242476924,SBI Magnum Gilt Fund - Regular Plan - Growth,3.050663253656283
119120,2022-07-08,43.8248,0.0010187253598659,SBI Magnum Gilt Fund - Regular Plan - Growth,2.9898523958083927
119120,2022-07-11,43.9432,0.0027016666362422,SBI Magnum Gilt Fund - Regular Plan - Growth,2.8945775963016946
119120,2022-07-12,43.8683,-0.0017044730470243,SBI Magnum Gilt Fund - Regular Plan - Growth,3.039458981283554
119120,2022-07-13,43.8846,0.0003715667121817,SBI Magnum Gilt Fund - Regular Plan - Growth,3.053023853996216
119120,2022-07-14,43.7464,-0.003149168501023,SBI Magnum Gilt Fund - Regular Plan - Growth,3.1189669578150894
119120,2022-07-15,43.8363,0.0020550262421592,SBI Magnum Gilt Fund - Regular Plan - Growth,3.2950204778412373
119120,2022-07-18,43.9062,0.0015945688846914,SBI Magnum Gilt Fund - Regular Plan - Growth,3.4435973570330853
119120,2022-07-19,43.9737,0.0015373682987824,SBI Magnum Gilt Fund - Regular Plan - Growth,3.421001796098184
119120,2022-07-20,43.9864,0.0002888089926478,SBI Magnum Gilt Fund - Regular Plan - Growth,3.4121035482856987
119120,2022-07-21,44.045,0.0013322299619882,SBI Magnum Gilt Fund - Regular Plan - Growth,3.375536328481111
119120,2022-07-22,44.236,0.0043364740606197,SBI Magnum Gilt Fund - Regular Plan - Growth,3.506014727800498
119120,2022-07-25,44.2169,-0.0004317750248664,SBI Magnum Gilt Fund - Regular Plan - Growth,3.122520814845434
119120,2022-07-26,44.245,0.0006355036196565,SBI Magnum Gilt Fund - Regular Plan - Growth,3.2163683121148066
119120,2022-07-27,44.1367,-0.002447734207255,SBI Magnum Gilt Fund - Regular Plan - Growth,3.180443558761607
119120,2022-07-28,44.0528,-0.0019009123926346,SBI Magnum Gilt Fund - Regular Plan - Growth,2.940894266936401
119120,2022-07-29,44.0763,0.0005334507681691,SBI Magnum Gilt Fund - Regular Plan - Growth,3.1358060222436244
119120,2022-08-01,44.2117,0.0030719456941712,SBI Magnum Gilt Fund - Regular Plan - Growth,3.0809440637798677
119120,2022-08-02,44.1957,-0.00036189515445,SBI Magnum Gilt Fund - Regular Plan - Growth,3.086579233239958
119120,2022-08-03,44.1821,-0.0003077222444718,SBI Magnum Gilt Fund - Regular Plan - Growth,3.1597318188553234
119120,2022-08-04,44.1494,-0.0007401187358681,SBI Magnum Gilt Fund - Regular Plan - Growth,3.174123023476461
119120,2022-08-05,44.1026,-0.0010600370559962,SBI Magnum Gilt Fund - Regular Plan - Growth,2.923864056803241
119120,2022-08-08,44.148,0.0010294177667529,SBI Magnum Gilt Fund - Regular Plan - Growth,3.0146432554809217
119120,2022-08-09,43.9943,-0.0034814714143336,SBI Magnum Gilt Fund - Regular Plan - Growth,2.803820485065343
119120,2022-08-10,44.1492,0.0035209106634268,SBI Magnum Gilt Fund - Regular Plan - Growth,2.7489661646627206
119120,2022-08-11,44.0878,-0.0013907386770315,SBI Magnum Gilt Fund - Regular Plan - Growth,2.793295700426091
119120,2022-08-12,44.1807,0.0021071588965655,SBI Magnum Gilt Fund - Regular Plan - Growth,2.9214765309210176
119120,2022-08-15,44.0521,-0.0029107732561955,SBI Magnum Gilt Fund - Regular Plan - Growth,2.5129228815992453
119120,2022-08-16,44.139,0.0019726641862702,SBI Magnum Gilt Fund - Regular Plan - Growth,3.0201113258776595
119120,2022-08-17,44.2265,0.0019823738643829,SBI Magnum Gilt Fund - Regular Plan - Growth,3.054338192492727
119120,2022-08-18,44.2819,0.0012526426463772,SBI Magnum Gilt Fund - Regular Plan - Growth,3.3721454953056345
119120,2022-08-19,44.1837,-0.0022176103554725,SBI Magnum Gilt Fund - Regular Plan - Growth,2.9914054757368023
119120,2022-08-22,44.2242,0.0009166276251197,SBI Magnum Gilt Fund - Regular Plan - Growth,3.2607326961603973
119120,2022-08-23,44.1051,-0.0026930956354214,SBI Magnum Gilt Fund - Regular Plan - Growth,2.8546802368242177
119120,2022-08-24,44.0896,-0.0003514332809585,SBI Magnum Gilt Fund - Regular Plan - Growth,2.6002438773855894
119120,2022-08-25,44.2168,0.0028850341123529,SBI Magnum Gilt Fund - Regular Plan - Growth,2.6285879065546296
119120,2022-08-26,44.3183,0.0022955075898754,SBI Magnum Gilt Fund - Regular Plan - Growth,2.728769552966014
119120,2022-08-29,44.3327,0.0003249222104639,SBI Magnum Gilt Fund - Regular Plan - Growth,2.7801504105924573
119120,2022-08-30,44.2365,-0.0021699558113988,SBI Magnum Gilt Fund - Regular Plan - Growth,2.6865293204286407
119120,2022-08-31,44.3212,0.0019147084421236,SBI Magnum Gilt Fund - Regular Plan - Growth,2.5519145341387928
119120,2022-09-01,44.3361,0.0003361822333332,SBI Magnum Gilt Fund - Regular Plan - Growth,2.7095349001649276
119120,2022-09-02,44.0902,-0.005546270420718,SBI Magnum Gilt Fund - Regular Plan - Growth,2.3705519162889064
119120,2022-09-05,44.1898,0.002259005402561,SBI Magnum Gilt Fund - Regular Plan - Growth,2.3908942408560985
119120,2022-09-06,44.1998,0.0002262965661761,SBI Magnum Gilt Fund - Regular Plan - Growth,2.5561273016255415
119120,2022-09-07,44.3466,0.0033212819967511,SBI Magnum Gilt Fund - Regular Plan - Growth,2.9773436761671315
119120,2022-09-08,44.237,-0.0024714408770909,SBI Magnum Gilt Fund - Regular Plan - Growth,3.0663854457506488
119120,2022-09-09,43.8968,-0.0076903949182811,SBI Magnum Gilt Fund - Regular Plan - Growth,2.3646701772074343
119120,2022-09-12,43.9403,0.0009909606167193,SBI Magnum Gilt Fund - Regular Plan - Growth,2.431651802598159
119120,2022-09-13,43.9851,0.0010195651827593,SBI Magnum Gilt Fund - Regular Plan - Growth,2.4403090441044437
119120,2022-09-14,43.8107,-0.0039649790497238,SBI Magnum Gilt Fund - Regular Plan - Growth,1.9228091233519604
119120,2022-09-15,43.7153,-0.0021775502331621,SBI Magnum Gilt Fund - Regular Plan - Growth,1.6384092126205623
119120,2022-09-16,44.0324,0.0072537532625878,SBI Magnum Gilt Fund - Regular Plan - Growth,2.087144984525661
119120,2022-09-19,44.0111,-0.0004837347044449,SBI Magnum Gilt Fund - Regular Plan - Growth,2.06758154607019
119120,2022-09-20,44.1048,0.002129008363799,SBI Magnum Gilt Fund - Regular Plan - Growth,2.1032803504210404
119120,2022-09-21,44.0451,-0.0013535941666212,SBI Magnum Gilt Fund - Regular Plan - Growth,1.7770498841396551
119120,2022-09-22,43.8263,-0.0049676354463945,SBI Magnum Gilt Fund - Regular Plan - Growth,1.35425573755428
119120,2022-09-23,43.82,-0.0001437493012187,SBI Magnum Gilt Fund - Regular Plan - Growth,1.4070735469920497
119120,2022-09-26,43.8032,-0.0003833865814697,SBI Magnum Gilt Fund - Regular Plan - Growth,1.5399351837276594
119120,2022-09-27,43.7716,-0.000721408481572,SBI Magnum Gilt Fund - Regular Plan - Growth,1.7389532989925398
119120,2022-09-28,43.7715,-2.284586352763185e-06,SBI Magnum Gilt Fund - Regular Plan - Growth,1.6060379808437786
119120,2022-09-29,43.8131,0.0009503900940108,SBI Magnum Gilt Fund - Regular Plan - Growth,1.5529352227400037
119120,2022-09-30,43.8091,-9.129689522080486e-05,SBI Magnum Gilt Fund - Regular Plan - Growth,1.427679409708134
119120,2022-10-03,43.6822,-0.0028966584568046,SBI Magnum Gilt Fund - Regular Plan - Growth,1.217251737382823
119120,2022-10-04,43.7483,0.001513202173883,SBI Magnum Gilt Fund - Regular Plan - Growth,1.066686732622405
119120,2022-10-05,43.5464,-0.0046150364699886,SBI Magnum Gilt Fund - Regular Plan - Growth,0.7936334360964316
119120,2022-10-06,43.3343,-0.0048706666911616,SBI Magnum Gilt Fund - Regular Plan - Growth,0.2688593630370164
119120,2022-10-07,43.4275,0.0021507212531413,SBI Magnum Gilt Fund - Regular Plan - Growth,0.40049515578156847
119120,2022-10-10,43.4955,0.0015658281043118,SBI Magnum Gilt Fund - Regular Plan - Growth,0.5902056839821016
119120,2022-10-11,43.5016,0.0001402443930982,SBI Magnum Gilt Fund - Regular Plan - Growth,0.4805714291103176
119120,2022-10-12,43.3613,-0.0032251687294261,SBI Magnum Gilt Fund - Regular Plan - Growth,0.1716926200061498
119120,2022-10-13,43.2964,-0.0014967263435368,SBI Magnum Gilt Fund - Regular Plan - Growth,-0.008503364617296652
119120,2022-10-14,43.2801,-0.0003764747184523,SBI Magnum Gilt Fund - Regular Plan - Growth,-0.06663616581653053
119120,2022-10-17,43.1187,-0.0037291965591577,SBI Magnum Gilt Fund - Regular Plan - Growth,-0.3262552178006745
119120,2022-10-18,43.0508,-0.0015747228000843,SBI Magnum Gilt Fund - Regular Plan - Growth,-0.8784949435467059
119120,2022-10-19,43.134,0.0019326005556226,SBI Magnum Gilt Fund - Regular Plan - Growth,-0.9767754446707352
119120,2022-10-20,43.3017,0.003887884267631,SBI Magnum Gilt Fund - Regular Plan - Growth,-0.8459334341176202
119120,2022-10-21,43.2684,-0.0007690229251968,SBI Magnum Gilt Fund - Regular Plan - Growth,-0.937239816973724
119120,2022-10-24,43.3633,0.0021932865555462,SBI Magnum Gilt Fund - Regular Plan - Growth,-0.9834574350371708
119120,2022-10-25,43.167,-0.0045268694956334,SBI Magnum Gilt Fund - Regular Plan - Growth,-1.384797487879583
119120,2022-10-26,43.2511,0.0019482475038803,SBI Magnum Gilt Fund - Regular Plan - Growth,-1.2721811698306522
119120,2022-10-27,43.1759,-0.001738684102832,SBI Magnum Gilt Fund - Regular Plan - Growth,-1.3546403382301786
119120,2022-10-28,43.2217,0.0010607769612214,SBI Magnum Gilt Fund - Regular Plan - Growth,-1.2871254944188784
119120,2022-10-31,43.2071,-0.0003377932843918,SBI Magnum Gilt Fund - Regular Plan - Growth,-0.8332035120978377
119120,2022-11-01,43.3635,0.0036197754535713,SBI Magnum Gilt Fund - Regular Plan - Growth,-0.6281494449094797
119120,2022-11-02,43.2804,-0.0019163582275416,SBI Magnum Gilt Fund - Regular Plan - Growth,-0.6943927730562033
119120,2022-11-03,43.3613,0.0018692063844141,SBI Magnum Gilt Fund - Regular Plan - Growth,-0.8759616671850828
119120,2022-11-04,43.3432,-0.0004174229093684,SBI Magnum Gilt Fund - Regular Plan - Growth,-0.9291341196934861
119120,2022-11-07,43.3383,-0.0001130511821925,SBI Magnum Gilt Fund - Regular Plan - Growth,-0.7506851100130281
119120,2022-11-08,43.3306,-0.0001776719437541,SBI Magnum Gilt Fund - Regular Plan - Growth,-0.7746824125306799
119120,2022-11-09,43.2507,-0.0018439624653245,SBI Magnum Gilt Fund - Regular Plan - Growth,-0.7403900250108845
119120,2022-11-10,43.2615,0.0002497069411593,SBI Magnum Gilt Fund - Regular Plan - Growth,-0.8296971693321419
119120,2022-11-11,43.267,0.000127133825688,SBI Magnum Gilt Fund - Regular Plan - Growth,-0.8942574079456024
119120,2022-11-14,43.3057,0.0008944461136661,SBI Magnum Gilt Fund - Regular Plan - Growth,-1.0298528738660642
119120,2022-11-15,43.3273,0.0004987796063797,SBI Magnum Gilt Fund - Regular Plan - Growth,-0.8732972516526042
119120,2022-11-16,43.4269,0.002298781599592,SBI Magnum Gilt Fund - Regular Plan - Growth,-0.7308361794722223
119120,2022-11-17,43.5405,0.0026158901510353,SBI Magnum Gilt Fund - Regular Plan - Growth,-0.3189322150082649
119120,2022-11-18,43.4378,-0.0023587234873279,SBI Magnum Gilt Fund - Regular Plan - Growth,-0.6349901159280207
119120,2022-11-21,43.5455,0.0024794073364671,SBI Magnum Gilt Fund - Regular Plan - Growth,-0.5696005640199224
119120,2022-11-22,43.4279,-0.0027006234857791,SBI Magnum Gilt Fund - Regular Plan - Growth,-0.8690343225020244
119120,2022-11-23,43.5047,0.0017684483937745,SBI Magnum Gilt Fund - Regular Plan - Growth,-0.7613891606924206
119120,2022-11-24,43.5851,0.0018480761848718,SBI Magnum Gilt Fund - Regular Plan - Growth,-0.7236474969925158
119120,2022-11-25,43.3881,-0.0045198932662766,SBI Magnum Gilt Fund - Regular Plan - Growth,-1.352306229661546
119120,2022-11-28,43.4107,0.0005208801491651,SBI Magnum Gilt Fund - Regular Plan - Growth,-1.284214278019249
119120,2022-11-29,43.3719,-0.0008937888585073,SBI Magnum Gilt Fund - Regular Plan - Growth,-1.3928914701113864
119120,2022-11-30,43.3014,-0.0016254764029243,SBI Magnum Gilt Fund - Regular Plan - Growth,-1.3382573364810053
119120,2022-12-01,43.4615,0.0036973400398139,SBI Magnum Gilt Fund - Regular Plan - Growth,-0.9302251747527764
119120,2022-12-02,43.4023,-0.0013621250992258,SBI Magnum Gilt Fund - Regular Plan - Growth,-1.0625626477441663
119120,2022-12-05,43.3266,-0.0017441471995722,SBI Magnum Gilt Fund - Regular Plan - Growth,-1.4112818903928586
119120,2022-12-06,43.3473,0.0004777665452631,SBI Magnum Gilt Fund - Regular Plan - Growth,-1.3513009672521308
119120,2022-12-07,43.4346,0.0020139662677953,SBI Magnum Gilt Fund - Regular Plan - Growth,-1.181872776778332
119120,2022-12-08,43.4315,-7.137167143256296e-05,SBI Magnum Gilt Fund - Regular Plan - Growth,-1.1350806362396657
119120,2022-12-09,43.5718,0.0032303742675248,SBI Magnum Gilt Fund - Regular Plan - Growth,-0.825024008681714
119120,2022-12-12,43.6426,0.0016249041811446,SBI Magnum Gilt Fund - Regular Plan - Growth,-0.7822799109265216
119120,2022-12-13,43.4161,-0.0051898832791813,SBI Magnum Gilt Fund - Regular Plan - Growth,-0.8901787366302161
119120,2022-12-14,43.3706,-0.0010479983232025,SBI Magnum Gilt Fund - Regular Plan - Growth,-1.218030822894311
119120,2022-12-15,43.3217,-0.0011274918954315,SBI Magnum Gilt Fund - Regular Plan - Growth,-1.2003028707685162
119120,2022-12-16,43.3864,0.0014934778644422,SBI Magnum Gilt Fund - Regular Plan - Growth,-1.2456973262683768
119120,2022-12-19,43.1127,-0.0063084284476242,SBI Magnum Gilt Fund - Regular Plan - Growth,-1.4453058977046667
119120,2022-12-20,43.4029,0.0067311952162589,SBI Magnum Gilt Fund - Regular Plan - Growth,-1.0831248901097528
119120,2022-12-21,43.4734,0.0016243154259276,SBI Magnum Gilt Fund - Regular Plan - Growth,-1.1078660027528202
119120,2022-12-22,43.5022,0.0006624740646004,SBI Magnum Gilt Fund - Regular Plan - Growth,-1.1478771208193894
119120,2022-12-23,43.6444,0.0032688001986105,SBI Magnum Gilt Fund - Regular Plan - Growth,-0.7822179945066009
119120,2022-12-26,43.9154,0.0062092731255327,SBI Magnum Gilt Fund - Regular Plan - Growth,-0.4234451858440862
119120,2022-12-27,44.0244,0.0024820450229305,SBI Magnum Gilt Fund - Regular Plan - Growth,-0.09463963352920354
119120,2022-12-28,44.1424,0.0026803318159929,SBI Magnum Gilt Fund - Regular Plan - Growth,0.09759666702515488
119120,2022-12-29,44.1696,0.0006161876110044,SBI Magnum Gilt Fund - Regular Plan - Growth,-0.04616789418550821
119120,2022-12-30,44.1665,-7.018401796721196e-05,SBI Magnum Gilt Fund - Regular Plan - Growth,-0.1974319730883441
119120,2023-01-02,44.1262,-0.0009124562734199,SBI Magnum Gilt Fund - Regular Plan - Growth,-0.27632848196605575
119120,2023-01-03,44.047,-0.0017948520380182,SBI Magnum Gilt Fund - Regular Plan - Growth,-0.2526541677921659
119120,2023-01-04,43.9834,-0.0014439121847116,SBI Magnum Gilt Fund - Regular Plan - Growth,-0.46797051718468224
119120,2023-01-05,43.8465,-0.0031125379120305,SBI Magnum Gilt Fund - Regular Plan - Growth,-0.6841992521358568
119120,2023-01-06,43.8506,9.350803370855588e-05,SBI Magnum Gilt Fund - Regular Plan - Growth,-0.33292901901775407
119120,2023-01-09,43.6773,-0.0039520553880676,SBI Magnum Gilt Fund - Regular Plan - Growth,-0.7314849674122945
119120,2023-01-10,43.7108,0.0007669888019634,SBI Magnum Gilt Fund - Regular Plan - Growth,-0.6962332948902393
119120,2023-01-11,43.7193,0.0001944599504011,SBI Magnum Gilt Fund - Regular Plan - Growth,-0.9060703661963914
119120,2023-01-12,43.748,0.0006564606478145,SBI Magnum Gilt Fund - Regular Plan - Growth,-0.7050536126936819
119120,2023-01-13,43.703,-0.0010286184511291,SBI Magnum Gilt Fund - Regular Plan - Growth,-0.2824683702066428
119120,2023-01-16,44.0557,0.008070384184152,SBI Magnum Gilt Fund - Regular Plan - Growth,0.19172231532955303
119120,2023-01-17,44.2196,0.0037202904504978,SBI Magnum Gilt Fund - Regular Plan - Growth,0.36374532729051323
119120,2023-01-18,44.0937,-0.0028471537508254,SBI Magnum Gilt Fund - Regular Plan - Growth,0.4382479904279512
119120,2023-01-19,44.1322,0.0008731406073883,SBI Magnum Gilt Fund - Regular Plan - Growth,0.6379518531971685
119120,2023-01-20,44.0772,-0.0012462555684964,SBI Magnum Gilt Fund - Regular Plan - Growth,0.08921259215578475
119120,2023-01-23,43.9773,-0.002266477906945,SBI Magnum Gilt Fund - Regular Plan - Growth,-0.031161896075334396
119120,2023-01-24,43.8416,-0.0030856828409201,SBI Magnum Gilt Fund - Regular Plan - Growth,-0.38077476028857465
119120,2023-01-25,43.9019,0.00137540600708,SBI Magnum Gilt Fund - Regular Plan - Growth,-0.19769910509010974
119120,2023-01-26,43.8391,-0.0014304620073389,SBI Magnum Gilt Fund - Regular Plan - Growth,0.04020689922958549
119120,2023-01-27,43.9587,0.0027281581966782,SBI Magnum Gilt Fund - Regular Plan - Growth,0.2349485505832313
119120,2023-01-30,44.0815,0.0027935312008771,SBI Magnum Gilt Fund - Regular Plan - Growth,0.4479297457307371
119120,2023-01-31,44.247,0.0037544094461394,SBI Magnum Gilt Fund - Regular Plan - Growth,0.7422747353209768
119120,2023-02-01,44.1647,-0.0018600131082332,SBI Magnum Gilt Fund - Regular Plan - Growth,0.616270100450147
119120,2023-02-02,44.2303,0.0014853491589434,SBI Magnum Gilt Fund - Regular Plan - Growth,0.6512698331406783
119120,2023-02-03,44.3135,0.0018810634338903,SBI Magnum Gilt Fund - Regular Plan - Growth,0.7805680303314946
119120,2023-02-06,44.2732,-0.0009094294063884,SBI Magnum Gilt Fund - Regular Plan - Growth,0.9183925793973946
119120,2023-02-07,44.1998,-0.0016578878418546,SBI Magnum Gilt Fund - Regular Plan - Growth,0.705841461422504
119120,2023-02-08,44.3921,0.0043506984194496,SBI Magnum Gilt Fund - Regular Plan - Growth,1.3097132890522596
119120,2023-02-09,44.4303,0.000860513469739,SBI Magnum Gilt Fund - Regular Plan - Growth,1.7304079250613096
119120,2023-02-10,44.5142,0.0018883509676954,SBI Magnum Gilt Fund - Regular Plan - Growth,1.7137707899155818
119120,2023-02-13,44.4348,-0.0017837004820933,SBI Magnum Gilt Fund - Regular Plan - Growth,1.4811876859513762
119120,2023-02-14,44.3112,-0.0027816036079829,SBI Magnum Gilt Fund - Regular Plan - Growth,1.2717613658759996
119120,2023-02-15,44.2603,-0.0011486937839643,SBI Magnum Gilt Fund - Regular Plan - Growth,1.4245502180178442
119120,2023-02-16,44.2591,-2.711233317453932e-05,SBI Magnum Gilt Fund - Regular Plan - Growth,1.5289208140590218
119120,2023-02-17,44.1532,-0.0023927282750891,SBI Magnum Gilt Fund - Regular Plan - Growth,1.382949906504704
119120,2023-02-20,44.1647,0.0002604567732351,SBI Magnum Gilt Fund - Regular Plan - Growth,1.6775673441124108
119120,2023-02-21,43.9898,-0.0039601763399276,SBI Magnum Gilt Fund - Regular Plan - Growth,1.4941308591291218
119120,2023-02-22,43.8783,-0.0025346784936507,SBI Magnum Gilt Fund - Regular Plan - Growth,1.1843981231046914
119120,2023-02-23,43.9651,0.0019781987907461,SBI Magnum Gilt Fund - Regular Plan - Growth,1.0638560290088215
119120,2023-02-24,44.0446,0.0018082524547879,SBI Magnum Gilt Fund - Regular Plan - Growth,1.2389502764052298
119120,2023-02-27,44.0137,-0.0007015615989247,SBI Magnum Gilt Fund - Regular Plan - Growth,1.0434185923706685
119120,2023-02-28,43.9136,-0.0022742918682137,SBI Magnum Gilt Fund - Regular Plan - Growth,1.215077421360679
119120,2023-03-01,43.8125,-0.0023022480507178,SBI Magnum Gilt Fund - Regular Plan - Growth,0.9164701518509423
119120,2023-03-02,43.7839,-0.0006527817403708,SBI Magnum Gilt Fund - Regular Plan - Growth,0.9945013744627743
119120,2023-03-03,43.8675,0.0019093776479481,SBI Magnum Gilt Fund - Regular Plan - Growth,1.051576312785683
119120,2023-03-06,43.9828,0.0026283695218556,SBI Magnum Gilt Fund - Regular Plan - Growth,1.2516757077660337
119120,2023-03-07,43.9404,-0.000964013205162,SBI Magnum Gilt Fund - Regular Plan - Growth,0.9430761244682316
119120,2023-03-08,43.8254,-0.0026171814548796,SBI Magnum Gilt Fund - Regular Plan - Growth,0.8914678170991721
119120,2023-03-09,43.8675,0.0009606301368612,SBI Magnum Gilt Fund - Regular Plan - Growth,0.8298775546323608
119120,2023-03-10,43.7891,-0.0017872000911837,SBI Magnum Gilt Fund - Regular Plan - Growth,0.7321208369999035
119120,2023-03-13,43.7444,-0.0010208019804014,SBI Magnum Gilt Fund - Regular Plan - Growth,0.668236377663727
119120,2023-03-14,43.9033,0.0036324649555143,SBI Magnum Gilt Fund - Regular Plan - Growth,0.9233089267248835
119120,2023-03-15,44.0075,0.0023733978994744,SBI Magnum Gilt Fund - Regular Plan - Growth,1.2125804966189793
119120,2023-03-16,44.0376,0.0006839743225586,SBI Magnum Gilt Fund - Regular Plan - Growth,1.2421832033705886
119120,2023-03-17,43.9092,-0.0029156902283502,SBI Magnum Gilt Fund - Regular Plan - Growth,1.0247144045880576
119120,2023-03-20,43.9451,0.0008175963123899,SBI Magnum Gilt Fund - Regular Plan - Growth,1.0195665060880108
119120,2023-03-21,44.0756,0.0029696143597353,SBI Magnum Gilt Fund - Regular Plan - Growth,1.1804241562300457
119120,2023-03-22,44.0464,-0.0006624980714954,SBI Magnum Gilt Fund - Regular Plan - Growth,0.9829325384471128
119120,2023-03-23,44.2093,0.0036983726252315,SBI Magnum Gilt Fund - Regular Plan - Growth,1.0508311402840034
119120,2023-03-24,44.3662,0.0035490270146778,SBI Magnum Gilt Fund - Regular Plan - Growth,1.4446443410839864
119120,2023-03-27,44.5653,0.0044876505087205,SBI Magnum Gilt Fund - Regular Plan - Growth,1.5633266317281462
119120,2023-03-28,44.6124,0.0010568760896931,SBI Magnum Gilt Fund - Regular Plan - Growth,1.8258561886526332
119120,2023-03-29,44.6912,0.0017663250576074,SBI Magnum Gilt Fund - Regular Plan - Growth,1.8257229942896323
119120,2023-03-30,44.8636,0.0038575827008449,SBI Magnum Gilt Fund - Regular Plan - Growth,1.9444553072606743
119120,2023-03-31,44.927,0.0014131723713657,SBI Magnum Gilt Fund - Regular Plan - Growth,2.3827372415588557
119120,2023-04-03,44.8831,-0.000977140694905,SBI Magnum Gilt Fund - Regular Plan - Growth,2.2777716304995983
119120,2023-04-04,44.8452,-0.0008444158268925,SBI Magnum Gilt Fund - Regular Plan - Growth,2.281343919361391
119120,2023-04-05,44.885,0.0008874974356229,SBI Magnum Gilt Fund - Regular Plan - Growth,2.4591496333124154
119120,2023-04-06,44.7521,-0.002960900077977,SBI Magnum Gilt Fund - Regular Plan - Growth,2.007225384144291
119120,2023-04-07,44.7487,-7.597408836679254e-05,SBI Magnum Gilt Fund - Regular Plan - Growth,2.099281414080694
119120,2023-04-10,44.8853,0.00305260264544,SBI Magnum Gilt Fund - Regular Plan - Growth,2.420128240759923
119120,2023-04-11,44.6509,-0.0052221996956687,SBI Magnum Gilt Fund - Regular Plan - Growth,1.9823752566897705
119120,2023-04-12,44.8367,0.0041611703235544,SBI Magnum Gilt Fund - Regular Plan - Growth,2.104970278803738
119120,2023-04-13,44.9766,0.0031202117907873,SBI Magnum Gilt Fund - Regular Plan - Growth,2.301190998352043
119120,2023-04-14,44.9373,-0.0008737877029387,SBI Magnum Gilt Fund - Regular Plan - Growth,2.044012115230742
119120,2023-04-17,45.0118,0.0016578655148395,SBI Magnum Gilt Fund - Regular Plan - Growth,2.046037064000165
119120,2023-04-18,45.025,0.0002932564349791,SBI Magnum Gilt Fund - Regular Plan - Growth,2.465385726121365
119120,2023-04-19,45.1776,0.0033892282065519,SBI Magnum Gilt Fund - Regular Plan - Growth,2.74881827057847
119120,2023-04-20,45.3026,0.0027668579118855,SBI Magnum Gilt Fund - Regular Plan - Growth,3.0026104334769608
119120,2023-04-21,45.1559,-0.0032382247376528,SBI Magnum Gilt Fund - Regular Plan - Growth,2.660048659086135
119120,2023-04-24,45.2357,0.0017672109292472,SBI Magnum Gilt Fund - Regular Plan - Growth,3.311454849901853
119120,2023-04-25,45.2252,-0.0002321175531715,SBI Magnum Gilt Fund - Regular Plan - Growth,2.931415596393231
119120,2023-04-26,45.2476,0.0004952990810431,SBI Magnum Gilt Fund - Regular Plan - Growth,2.8550360002997888
119120,2023-04-27,45.1776,-0.0015470433790963,SBI Magnum Gilt Fund - Regular Plan - Growth,2.689001977688174
119120,2023-04-28,45.39,0.004701444963876,SBI Magnum Gilt Fund - Regular Plan - Growth,2.764935781828145
119120,2023-05-01,45.5221,0.0029103326723949,SBI Magnum Gilt Fund - Regular Plan - Growth,2.5975788113911973
119120,2023-05-02,45.4503,-0.0015772558823078,SBI Magnum Gilt Fund - Regular Plan - Growth,2.307634337120283
119120,2023-05-03,45.3106,-0.0030736870823734,SBI Magnum Gilt Fund - Regular Plan - Growth,1.8841223389919777
119120,2023-05-04,45.2796,-0.0006841666188485,SBI Magnum Gilt Fund - Regular Plan - Growth,1.7899323422826394
119120,2023-05-05,45.3421,0.0013803125469307,SBI Magnum Gilt Fund - Regular Plan - Growth,1.8915350543554266
119120,2023-05-08,45.3825,0.0008910041661061,SBI Magnum Gilt Fund - Regular Plan - Growth,2.0221544912032816
119120,2023-05-09,45.5391,0.0034506693108575,SBI Magnum Gilt Fund - Regular Plan - Growth,2.385222746863238
119120,2023-05-10,45.6428,0.0022771640194909,SBI Magnum Gilt Fund - Regular Plan - Growth,2.6490124355750564
119120,2023-05-11,45.7676,0.0027342757236628,SBI Magnum Gilt Fund - Regular Plan - Growth,3.0850308799125763
119120,2023-05-12,45.8184,0.0011099555143812,SBI Magnum Gilt Fund - Regular Plan - Growth,3.156991512542117
119120,2023-05-15,45.6713,-0.0032105005849177,SBI Magnum Gilt Fund - Regular Plan - Growth,3.2280278769683917
119120,2023-05-16,45.6618,-0.0002080080926096,SBI Magnum Gilt Fund - Regular Plan - Growth,3.1567344387340555
119120,2023-05-17,45.797,0.0029608994827186,SBI Magnum Gilt Fund - Regular Plan - Growth,3.337029329948882
119120,2023-05-18,45.8042,0.0001572155381357,SBI Magnum Gilt Fund - Regular Plan - Growth,3.3010317420363355
119120,2023-05-19,45.8754,0.0015544426056999,SBI Magnum Gilt Fund - Regular Plan - Growth,3.4899464239413396
119120,2023-05-22,45.8517,-0.0005166167488457,SBI Magnum Gilt Fund - Regular Plan - Growth,3.0383526934577216
119120,2023-05-23,45.7459,-0.0023074389826331,SBI Magnum Gilt Fund - Regular Plan - Growth,2.592334726142381
119120,2023-05-24,45.7447,-2.623185902994596e-05,SBI Magnum Gilt Fund - Regular Plan - Growth,2.8369002581662204
119120,2023-05-25,45.7935,0.001066790251111,SBI Magnum Gilt Fund - Regular Plan - Growth,2.851093487092809
119120,2023-05-26,45.7309,-0.0013670062345093,SBI Magnum Gilt Fund - Regular Plan - Growth,2.8405867505989
119120,2023-05-29,45.7168,-0.0003083254429717,SBI Magnum Gilt Fund - Regular Plan - Growth,3.0120773463314405
119120,2023-05-30,45.6218,-0.0020780107094109,SBI Magnum Gilt Fund - Regular Plan - Growth,3.1102672491864953
119120,2023-05-31,45.7637,0.0031103551372371,SBI Magnum Gilt Fund - Regular Plan - Growth,3.2233136332883308
119120,2023-06-01,45.7428,-0.0004566938424995,SBI Magnum Gilt Fund - Regular Plan - Growth,3.3082499486027577
119120,2023-06-02,45.9237,0.0039547207429364,SBI Magnum Gilt Fund - Regular Plan - Growth,3.377642573456541
119120,2023-06-05,46.1141,0.0041460073992296,SBI Magnum Gilt Fund - Regular Plan - Growth,3.452067960219545
119120,2023-06-06,46.1179,8.240429716721565e-05,SBI Magnum Gilt Fund - Regular Plan - Growth,3.2080298726849343
119120,2023-06-07,46.014,-0.0022529213168855,SBI Magnum Gilt Fund - Regular Plan - Growth,3.1710609882095535
119120,2023-06-08,45.7858,-0.0049593601947233,SBI Magnum Gilt Fund - Regular Plan - Growth,2.599727014363769
119120,2023-06-09,45.6294,-0.0034159062416733,SBI Magnum Gilt Fund - Regular Plan - Growth,2.1782558989580925
119120,2023-06-12,45.4847,-0.0031712010239012,SBI Magnum Gilt Fund - Regular Plan - Growth,1.9906261422629763
119120,2023-06-13,45.656,0.0037661015682197,SBI Magnum Gilt Fund - Regular Plan - Growth,2.368927708372739
119120,2023-06-14,45.6824,0.0005782372524969,SBI Magnum Gilt Fund - Regular Plan - Growth,2.1280757877063214
119120,2023-06-15,45.7403,0.0012674465439643,SBI Magnum Gilt Fund - Regular Plan - Growth,2.15675732801263
119120,2023-06-16,45.4981,-0.0052951117504694,SBI Magnum Gilt Fund - Regular Plan - Growth,1.5846670772188796
119120,2023-06-19,45.3739,-0.0027297843206639,SBI Magnum Gilt Fund - Regular Plan - Growth,1.5103451856531327
119120,2023-06-20,45.4884,0.002523477153165,SBI Magnum Gilt Fund - Regular Plan - Growth,1.8957736849783955
119120,2023-06-21,45.5343,0.0010090484607065,SBI Magnum Gilt Fund - Regular Plan - Growth,2.0532541413771357
119120,2023-06-22,45.5305,-8.345357236194673e-05,SBI Magnum Gilt Fund - Regular Plan - Growth,2.0491366680123555
119120,2023-06-23,45.6083,0.0017087446876269,SBI Magnum Gilt Fund - Regular Plan - Growth,2.3553050025300997
119120,2023-06-26,45.8098,0.0044180554855146,SBI Magnum Gilt Fund - Regular Plan - Growth,2.61529988130392
119120,2023-06-27,45.7974,-0.0002706844387009,SBI Magnum Gilt Fund - Regular Plan - Growth,2.927552384139931
119120,2023-06-28,45.8185,0.0004607248446417,SBI Magnum Gilt Fund - Regular Plan - Growth,3.170856028416254
119120,2023-06-29,45.8538,0.0007704311577201,SBI Magnum Gilt Fund - Regular Plan - Growth,3.0893171354583133
119120,2023-06-30,46.1442,0.0063331719508523,SBI Magnum Gilt Fund - Regular Plan - Growth,3.317855848866552
119120,2023-07-03,45.9139,-0.0049908764265064,SBI Magnum Gilt Fund - Regular Plan - Growth,2.938794077992685
119120,2023-07-04,46.0061,0.0020081064775592,SBI Magnum Gilt Fund - Regular Plan - Growth,3.2495687386651215
119120,2023-07-05,46.006,-2.173624802037644e-06,SBI Magnum Gilt Fund - Regular Plan - Growth,3.4323044777342075
119120,2023-07-06,46.0849,0.0017149936964742,SBI Magnum Gilt Fund - Regular Plan - Growth,3.598077181933073
119120,2023-07-07,46.0218,-0.0013692120412542,SBI Magnum Gilt Fund - Regular Plan - Growth,3.363579526858453
119120,2023-07-10,46.0292,0.0001607933631453,SBI Magnum Gilt Fund - Regular Plan - Growth,3.2036530899574935
119120,2023-07-11,46.125,0.002081287530524,SBI Magnum Gilt Fund - Regular Plan - Growth,3.4161911357427317
119120,2023-07-12,46.5015,0.0081626016260163,SBI Magnum Gilt Fund - Regular Plan - Growth,4.008003721235144
119120,2023-07-13,46.6096,0.0023246561938863,SBI Magnum Gilt Fund - Regular Plan - Growth,4.09087961772386
119120,2023-07-14,46.5234,-0.0018494044145411,SBI Magnum Gilt Fund - Regular Plan - Growth,4.085673975806843
119120,2023-07-17,46.487,-0.0007824019740603,SBI Magnum Gilt Fund - Regular Plan - Growth,4.104181403331398
119120,2023-07-18,46.4472,-0.0008561533331898,SBI Magnum Gilt Fund - Regular Plan - Growth,3.8234068229722076
119120,2023-07-19,46.2507,-0.0042306102413062,SBI Magnum Gilt Fund - Regular Plan - Growth,3.3231917891355436
119120,2023-07-20,46.2255,-0.0005448566183864,SBI Magnum Gilt Fund - Regular Plan - Growth,3.2385523099988296
119120,2023-07-21,46.3242,0.0021351851250932,SBI Magnum Gilt Fund - Regular Plan - Growth,3.6015305638380437
119120,2023-07-24,46.1888,-0.0029228783227772,SBI Magnum Gilt Fund - Regular Plan - Growth,3.31892139317747
119120,2023-07-25,46.3243,0.0029336116114728,SBI Magnum Gilt Fund - Regular Plan - Growth,3.3169904317883256
119120,2023-07-26,46.3945,0.0015154033628139,SBI Magnum Gilt Fund - Regular Plan - Growth,3.462912328110204
119120,2023-07-27,46.322,-0.0015626852320856,SBI Magnum Gilt Fund - Regular Plan - Growth,3.1278470056530177
119120,2023-07-28,46.3187,-7.124044730366652e-05,SBI Magnum Gilt Fund - Regular Plan - Growth,2.9078452821887386
119120,2023-07-31,46.5189,0.0043222283872388,SBI Magnum Gilt Fund - Regular Plan - Growth,2.899813450432431
119120,2023-08-01,46.6183,0.0021367659166489,SBI Magnum Gilt Fund - Regular Plan - Growth,2.966488183155332
119120,2023-08-02,46.6326,0.0003067464922572,SBI Magnum Gilt Fund - Regular Plan - Growth,2.87250418855034
119120,2023-08-03,46.618,-0.0003130856954146,SBI Magnum Gilt Fund - Regular Plan - Growth,2.6163416330150544
119120,2023-08-04,46.6404,0.0004805010939978,SBI Magnum Gilt Fund - Regular Plan - Growth,2.555298383995438
119120,2023-08-07,46.5936,-0.0010034219260555,SBI Magnum Gilt Fund - Regular Plan - Growth,2.553362220776528
119120,2023-08-08,46.3604,-0.0050049792246146,SBI Magnum Gilt Fund - Regular Plan - Growth,2.221415303872304
119120,2023-08-09,46.6128,0.0054443016022294,SBI Magnum Gilt Fund - Regular Plan - Growth,2.474200748649555
119120,2023-08-10,46.6444,0.0006779253767204,SBI Magnum Gilt Fund - Regular Plan - Growth,2.734576590067277
119120,2023-08-11,46.7046,0.0012906158081142,SBI Magnum Gilt Fund - Regular Plan - Growth,2.8232817421778353
119120,2023-08-14,46.7111,0.0001391725868544,SBI Magnum Gilt Fund - Regular Plan - Growth,2.6460572948351464
119120,2023-08-15,46.638,-0.0015649385263888,SBI Magnum Gilt Fund - Regular Plan - Growth,2.952760399787371
119120,2023-08-16,46.6295,-0.0001822548136711,SBI Magnum Gilt Fund - Regular Plan - Growth,2.6896811821441196
119120,2023-08-17,46.4552,-0.0037379770317074,SBI Magnum Gilt Fund - Regular Plan - Growth,2.2049555859358962
119120,2023-08-18,46.7359,0.0060423806161635,SBI Magnum Gilt Fund - Regular Plan - Growth,2.6079016504890578
119120,2023-08-21,46.604,-0.0028222415744642,SBI Magnum Gilt Fund - Regular Plan - Growth,2.2966122583045303
119120,2023-08-22,46.4963,-0.0023109604325809,SBI Magnum Gilt Fund - Regular Plan - Growth,2.1144166394872754
119120,2023-08-23,46.458,-0.0008237214574062,SBI Magnum Gilt Fund - Regular Plan - Growth,1.8515325081471516
119120,2023-08-24,46.6223,0.0035365276163417,SBI Magnum Gilt Fund - Regular Plan - Growth,1.8955431554437547
119120,2023-08-25,46.6374,0.0003238793452917,SBI Magnum Gilt Fund - Regular Plan - Growth,2.1493243567790024
119120,2023-08-28,46.5056,-0.0028260580564096,SBI Magnum Gilt Fund - Regular Plan - Growth,1.835122870242502
119120,2023-08-29,46.6662,0.0034533475538429,SBI Magnum Gilt Fund - Regular Plan - Growth,2.0615529783220654
119120,2023-08-30,46.7656,0.0021300213002128,SBI Magnum Gilt Fund - Regular Plan - Growth,2.162738036933732
119120,2023-08-31,46.8424,0.0016422327522793,SBI Magnum Gilt Fund - Regular Plan - Growth,2.373589573687946
119120,2023-09-01,46.9404,0.0020921216675491,SBI Magnum Gilt Fund - Regular Plan - Growth,2.230857773416814
119120,2023-09-04,47.238,0.0063399544954878,SBI Magnum Gilt Fund - Regular Plan - Growth,2.4026055372270005
119120,2023-09-05,47.5123,0.0058067657394471,SBI Magnum Gilt Fund - Regular Plan - Growth,2.8263985810238594
119120,2023-09-06,47.4437,-0.0014438366486152,SBI Magnum Gilt Fund - Regular Plan - Growth,2.94861891032043
119120,2023-09-07,47.6519,0.0043883592552858,SBI Magnum Gilt Fund - Regular Plan - Growth,3.2399893679295513
119120,2023-09-08,47.7115,0.0012507371164633,SBI Magnum Gilt Fund - Regular Plan - Growth,3.232273369617223
119120,2023-09-11,47.7852,0.0015447009630802,SBI Magnum Gilt Fund - Regular Plan - Growth,3.271486779339093
119120,2023-09-12,47.5955,-0.0039698484049455,SBI Magnum Gilt Fund - Regular Plan - Growth,2.7808036699322423
119120,2023-09-13,47.5887,-0.0001428706495361,SBI Magnum Gilt Fund - Regular Plan - Growth,2.6349518160126473
119120,2023-09-14,47.5049,-0.0017609222357408,SBI Magnum Gilt Fund - Regular Plan - Growth,2.354344617802835
119120,2023-09-15,47.6177,0.0023744918945203,SBI Magnum Gilt Fund - Regular Plan - Growth,2.427773742299111
119120,2023-09-18,47.76,0.0029883845712832,SBI Magnum Gilt Fund - Regular Plan - Growth,2.829128002734891
119120,2023-09-19,47.5246,-0.0049288107202679,SBI Magnum Gilt Fund - Regular Plan - Growth,2.4826431757586045
119120,2023-09-20,47.5355,0.0002293549025136,SBI Magnum Gilt Fund - Regular Plan - Growth,2.32472291643241
119120,2023-09-21,47.6837,0.0031176699519306,SBI Magnum Gilt Fund - Regular Plan - Growth,2.4954030677862127
119120,2023-09-22,47.6749,-0.0001845494372291,SBI Magnum Gilt Fund - Regular Plan - Growth,2.389872262670792
119120,2023-09-25,47.7762,0.0021248078129163,SBI Magnum Gilt Fund - Regular Plan - Growth,2.5490712289391757
119120,2023-09-26,47.8322,0.0011721317308617,SBI Magnum Gilt Fund - Regular Plan - Growth,2.7766803395514272
119120,2023-09-27,47.8871,0.0011477623860076,SBI Magnum Gilt Fund - Regular Plan - Growth,2.848916218398313
119120,2023-09-28,47.868,-0.0003988548064091,SBI Magnum Gilt Fund - Regular Plan - Growth,2.7574803209241003
119120,2023-09-29,47.7351,-0.0027763850589119,SBI Magnum Gilt Fund - Regular Plan - Growth,2.6573388527055477
119120,2023-10-02,47.614,-0.0025369172788997,SBI Magnum Gilt Fund - Regular Plan - Growth,2.5061285721293
119120,2023-10-03,47.7128,0.0020750199521151,SBI Magnum Gilt Fund - Regular Plan - Growth,2.7671756606088556
119120,2023-10-04,47.7288,0.000335339783035,SBI Magnum Gilt Fund - Regular Plan - Growth,2.6094128392444897
119120,2023-10-05,47.7258,-6.285513149295596e-05,SBI Magnum Gilt Fund - Regular Plan - Growth,2.63467984485211
119120,2023-10-06,47.6885,-0.0007815479258598,SBI Magnum Gilt Fund - Regular Plan - Growth,2.3606685621457646
119120,2023-10-09,47.6654,-0.0004843935120626,SBI Magnum Gilt Fund - Regular Plan - Growth,2.0929691447849446
119120,2023-10-10,47.805,0.002928749155572,SBI Magnum Gilt Fund - Regular Plan - Growth,2.2609308750572854
119120,2023-10-11,47.7783,-0.0005585189833698,SBI Magnum Gilt Fund - Regular Plan - Growth,2.3767735255990536
119120,2023-10-12,47.6307,-0.0030892685591576,SBI Magnum Gilt Fund - Regular Plan - Growth,2.5236969364450035
119120,2023-10-13,47.7337,0.0021624708433847,SBI Magnum Gilt Fund - Regular Plan - Growth,2.9028315790419468
119120,2023-10-16,47.7227,-0.0002304451571949,SBI Magnum Gilt Fund - Regular Plan - Growth,3.1209224673509643
119120,2023-10-17,47.7401,0.0003646063613331,SBI Magnum Gilt Fund - Regular Plan - Growth,2.924701952054071
119120,2023-10-18,47.9476,0.0043464508871997,SBI Magnum Gilt Fund - Regular Plan - Growth,3.134909884581489
119120,2023-10-19,47.9588,0.000233588333931,SBI Magnum Gilt Fund - Regular Plan - Growth,3.069435166219144
119120,2023-10-20,48.0074,0.0010133698090861,SBI Magnum Gilt Fund - Regular Plan - Growth,3.567531504941273
119120,2023-10-23,47.8787,-0.0026808367043412,SBI Magnum Gilt Fund - Regular Plan - Growth,3.5716747114938214
119120,2023-10-24,47.8659,-0.0002673422628434,SBI Magnum Gilt Fund - Regular Plan - Growth,3.3954284250224043
119120,2023-10-25,47.9532,0.0018238453679968,SBI Magnum Gilt Fund - Regular Plan - Growth,3.445640963112484
119120,2023-10-26,47.7793,-0.0036264524578131,SBI Magnum Gilt Fund - Regular Plan - Growth,3.1687403731958987
119120,2023-10-27,47.8171,0.0007911375846862,SBI Magnum Gilt Fund - Regular Plan - Growth,3.1119932505793146
119120,2023-10-30,47.8429,0.0005395559329193,SBI Magnum Gilt Fund - Regular Plan - Growth,2.892885173677779
119120,2023-10-31,47.8616,0.0003908625940318,SBI Magnum Gilt Fund - Regular Plan - Growth,2.9379462125586646
119120,2023-11-01,48.0005,0.0029021177729118,SBI Magnum Gilt Fund - Regular Plan - Growth,3.0854962992543067
119120,2023-11-02,48.0547,0.0011291549046363,SBI Magnum Gilt Fund - Regular Plan - Growth,3.1083733044777624
119120,2023-11-03,48.2478,0.0040183374362965,SBI Magnum Gilt Fund - Regular Plan - Growth,3.007234077971274
119120,2023-11-06,48.1409,-0.0022156450656816,SBI Magnum Gilt Fund - Regular Plan - Growth,3.253927842202161
119120,2023-11-07,48.1712,0.0006294024415829,SBI Magnum Gilt Fund - Regular Plan - Growth,3.1656812334110715
119120,2023-11-08,48.1952,0.0004982230046168,SBI Magnum Gilt Fund - Regular Plan - Growth,3.2006267846021093
119120,2023-11-09,48.0793,-0.0024048037978885,SBI Magnum Gilt Fund - Regular Plan - Growth,2.9018907618722585
119120,2023-11-10,48.209,0.0026976266293394,SBI Magnum Gilt Fund - Regular Plan - Growth,3.174823615874678
119120,2023-11-13,48.5061,0.0061627496940406,SBI Magnum Gilt Fund - Regular Plan - Growth,3.4925226317781766
119120,2023-11-14,48.5179,0.0002432683724313,SBI Magnum Gilt Fund - Regular Plan - Growth,3.376584347425198
119120,2023-11-15,48.5935,0.0015581878028521,SBI Magnum Gilt Fund - Regular Plan - Growth,3.081942325907699
119120,2023-11-16,48.6178,0.000500066881373,SBI Magnum Gilt Fund - Regular Plan - Growth,2.9638169760294053
119120,2023-11-17,48.5443,-0.001511791977424,SBI Magnum Gilt Fund - Regular Plan - Growth,2.9912015318936676
119120,2023-11-20,48.3359,-0.0042929859942361,SBI Magnum Gilt Fund - Regular Plan - Growth,2.6964357828198
119120,2023-11-21,48.2638,-0.0014916449264418,SBI Magnum Gilt Fund - Regular Plan - Growth,2.6482451315391735
119120,2023-11-22,48.1086,-0.0032156605986267,SBI Magnum Gilt Fund - Regular Plan - Growth,2.7373952295892896
119120,2023-11-23,48.3294,0.0045896159938139,SBI Magnum Gilt Fund - Regular Plan - Growth,3.0500624876064184
119120,2023-11-24,48.3292,-4.138267803877049e-06,SBI Magnum Gilt Fund - Regular Plan - Growth,2.9105136422444966
119120,2023-11-27,48.3009,-0.0005855673174809,SBI Magnum Gilt Fund - Regular Plan - Growth,3.09728288306414
119120,2023-11-28,48.4231,0.0025299735615691,SBI Magnum Gilt Fund - Regular Plan - Growth,3.074253935584097
119120,2023-11-29,48.3002,-0.0025380448587554,SBI Magnum Gilt Fund - Regular Plan - Growth,2.7759967134935195
119120,2023-11-30,48.2207,-0.0016459559173667,SBI Magnum Gilt Fund - Regular Plan - Growth,2.769495913889866
119120,2023-12-01,48.2428,0.0004583093982459,SBI Magnum Gilt Fund - Regular Plan - Growth,2.8063807751887007
119120,2023-12-04,48.3818,0.0028812589650681,SBI Magnum Gilt Fund - Regular Plan - Growth,2.7288236032981463
119120,2023-12-05,48.4568,0.0015501696919089,SBI Magnum Gilt Fund - Regular Plan - Growth,2.692185585821702
119120,2023-12-06,48.501,0.0009121526803255,SBI Magnum Gilt Fund - Regular Plan - Growth,2.7335075763749495
119120,2023-12-07,48.5244,0.000482464279087,SBI Magnum Gilt Fund - Regular Plan - Growth,2.789820769905908
119120,2023-12-08,48.5873,0.0012962550799184,SBI Magnum Gilt Fund - Regular Plan - Growth,2.8444418568679906
119120,2023-12-11,48.6259,0.0007944462853461,SBI Magnum Gilt Fund - Regular Plan - Growth,2.9738553693572305
119120,2023-12-12,48.5137,-0.0023074123049651,SBI Magnum Gilt Fund - Regular Plan - Growth,3.223405539734166
119120,2023-12-13,48.5332,0.0004019483156303,SBI Magnum Gilt Fund - Regular Plan - Growth,2.9333723558246603
119120,2023-12-14,48.4159,-0.0024169022442369,SBI Magnum Gilt Fund - Regular Plan - Growth,2.6896929540162047
119120,2023-12-15,48.4396,0.0004895086118403,SBI Magnum Gilt Fund - Regular Plan - Growth,2.63418082918863
119120,2023-12-18,48.3948,-0.0009248631285146,SBI Magnum Gilt Fund - Regular Plan - Growth,2.553909345735527
119120,2023-12-19,48.7194,0.0067073321927149,SBI Magnum Gilt Fund - Regular Plan - Growth,3.0481848734288697
119120,2023-12-20,48.7284,0.0001847313390559,SBI Magnum Gilt Fund - Regular Plan - Growth,3.0745904552032175
119120,2023-12-21,48.5702,-0.0032465666839051,SBI Magnum Gilt Fund - Regular Plan - Growth,3.1193140708336196
119120,2023-12-22,48.5676,-5.353076577818694e-05,SBI Magnum Gilt Fund - Regular Plan - Growth,2.7708510876311023
119120,2023-12-25,48.6451,0.0015957140151048,SBI Magnum Gilt Fund - Regular Plan - Growth,3.114280502591531
119120,2023-12-26,48.8646,0.0045122735897347,SBI Magnum Gilt Fund - Regular Plan - Growth,3.5801231402143405
119120,2023-12-27,48.8061,-0.0011971856927101,SBI Magnum Gilt Fund - Regular Plan - Growth,3.549521437129387
119120,2023-12-28,48.6257,-0.0036962592790654,SBI Magnum Gilt Fund - Regular Plan - Growth,3.0081326819498333
119120,2023-12-29,48.7398,0.002346495783094,SBI Magnum Gilt Fund - Regular Plan - Growth,3.1419127924264134
119120,2024-01-01,48.5845,-0.0031863076992519,SBI Magnum Gilt Fund - Regular Plan - Growth,3.1093256570709467
119120,2024-01-02,48.545,-0.0008130164970309,SBI Magnum Gilt Fund - Regular Plan - Growth,2.8266068181269697
119120,2024-01-03,48.5273,-0.0003646101555259,SBI Magnum Gilt Fund - Regular Plan - Growth,2.654735441913065
119120,2024-01-04,48.5327,0.0001112775695331,SBI Magnum Gilt Fund - Regular Plan - Growth,2.5490269985525926
119120,2024-01-05,48.6309,0.0020233780523235,SBI Magnum Gilt Fund - Regular Plan - Growth,2.5446566830050377
119120,2024-01-08,48.5611,-0.0014353014235803,SBI Magnum Gilt Fund - Regular Plan - Growth,2.0523730996928395
119120,2024-01-09,48.5415,-0.0004036152393583,SBI Magnum Gilt Fund - Regular Plan - Growth,1.6444798015766329
119120,2024-01-10,48.5536,0.0002492712421331,SBI Magnum Gilt Fund - Regular Plan - Growth,1.7782587170605124
119120,2024-01-11,48.5858,0.000663184604231,SBI Magnum Gilt Fund - Regular Plan - Growth,1.522130526044045
119120,2024-01-12,48.6116,0.0005310193513332,SBI Magnum Gilt Fund - Regular Plan - Growth,1.467906320738559
119120,2024-01-15,48.679,0.0013865003414823,SBI Magnum Gilt Fund - Regular Plan - Growth,1.4562625730381842
119120,2024-01-16,48.7965,0.0024137718523387,SBI Magnum Gilt Fund - Regular Plan - Growth,1.9800115081806078
119120,2024-01-17,48.8588,0.0012767309130778,SBI Magnum Gilt Fund - Regular Plan - Growth,2.089930597323853
119120,2024-01-18,48.9286,0.0014286065151005,SBI Magnum Gilt Fund - Regular Plan - Growth,2.3488784958045503
119120,2024-01-19,48.7479,-0.0036931365295553,SBI Magnum Gilt Fund - Regular Plan - Growth,1.8459667292296442
119120,2024-01-22,48.768,0.0004123254540195,SBI Magnum Gilt Fund - Regular Plan - Growth,1.6588825211181155
119120,2024-01-23,48.8409,0.0014948326771653,SBI Magnum Gilt Fund - Regular Plan - Growth,2.2279556877497018
119120,2024-01-24,48.9447,0.0021252679618926,SBI Magnum Gilt Fund - Regular Plan - Growth,2.372218774250772
119120,2024-01-25,48.8733,-0.0014587892049597,SBI Magnum Gilt Fund - Regular Plan - Growth,2.014807959326791
119120,2024-01-26,48.8062,-0.001372937779933,SBI Magnum Gilt Fund - Regular Plan - Growth,1.9128295940030724
119120,2024-01-29,48.7496,-0.0011596887280713,SBI Magnum Gilt Fund - Regular Plan - Growth,1.650414048940571
119120,2024-01-30,48.8294,0.0016369365081969,SBI Magnum Gilt Fund - Regular Plan - Growth,1.685870322306239
119120,2024-01-31,48.9708,0.0028957963849647,SBI Magnum Gilt Fund - Regular Plan - Growth,1.8139438733226319
119120,2024-02-01,48.9345,-0.0007412580558209,SBI Magnum Gilt Fund - Regular Plan - Growth,1.785290885402907
119120,2024-02-02,49.0606,0.002576914038153,SBI Magnum Gilt Fund - Regular Plan - Growth,2.225224386118987
119120,2024-02-05,49.0899,0.000597220580262,SBI Magnum Gilt Fund - Regular Plan - Growth,2.501775150124493
119120,2024-02-06,49.0886,-2.6482025834218e-05,SBI Magnum Gilt Fund - Regular Plan - Growth,2.338925859274505
119120,2024-02-07,49.0765,-0.0002464930757853,SBI Magnum Gilt Fund - Regular Plan - Growth,2.290539653204524
119120,2024-02-08,49.1829,0.0021680437684021,SBI Magnum Gilt Fund - Regular Plan - Growth,2.463050358585092
119120,2024-02-09,49.2373,0.0011060754855853,SBI Magnum Gilt Fund - Regular Plan - Growth,2.6187354384849844
119120,2024-02-12,49.5347,0.0060401362381772,SBI Magnum Gilt Fund - Regular Plan - Growth,3.0387065021406854
119120,2024-02-13,49.4425,-0.0018613214574833,SBI Magnum Gilt Fund - Regular Plan - Growth,2.666303435369746
119120,2024-02-14,49.5213,0.001593770541538,SBI Magnum Gilt Fund - Regular Plan - Growth,2.8337798339018225
119120,2024-02-15,49.4694,-0.0010480338763318,SBI Magnum Gilt Fund - Regular Plan - Growth,3.028574254686927
119120,2024-02-16,49.3753,-0.0019021859978086,SBI Magnum Gilt Fund - Regular Plan - Growth,2.698740249417311
119120,2024-02-19,49.388,0.0002572136270564,SBI Magnum Gilt Fund - Regular Plan - Growth,2.738518127462614
119120,2024-02-20,49.4192,0.0006317324046327,SBI Magnum Gilt Fund - Regular Plan - Growth,2.759516140607405
119120,2024-02-21,49.7982,0.0076690840806812,SBI Magnum Gilt Fund - Regular Plan - Growth,2.9027694901246446
119120,2024-02-22,49.7893,-0.0001787213192445,SBI Magnum Gilt Fund - Regular Plan - Growth,2.8703939343524056
119120,2024-02-23,49.6619,-0.0025587827103412,SBI Magnum Gilt Fund - Regular Plan - Growth,2.5759766510870965
119120,2024-02-26,49.7103,0.0009745901787887,SBI Magnum Gilt Fund - Regular Plan - Growth,2.8791042855193307
119120,2024-02-27,49.4652,-0.0049305677093075,SBI Magnum Gilt Fund - Regular Plan - Growth,2.4530444154889803
119120,2024-02-28,49.4679,5.458382863099409e-05,SBI Magnum Gilt Fund - Regular Plan - Growth,2.326762225878578
119120,2024-02-29,49.484,0.000325463583455,SBI Magnum Gilt Fund - Regular Plan - Growth,2.6626543469568187
119120,2024-03-01,49.5974,0.0022916498262064,SBI Magnum Gilt Fund - Regular Plan - Growth,2.766106565271572
119120,2024-03-04,49.7334,0.0027420792218948,SBI Magnum Gilt Fund - Regular Plan - Growth,2.915696450336697
119120,2024-03-05,49.6845,-0.0009832426498088,SBI Magnum Gilt Fund - Regular Plan - Growth,2.807378660022162
119120,2024-03-06,49.6799,-9.25842063419502e-05,SBI Magnum Gilt Fund - Regular Plan - Growth,2.599737136061296
119120,2024-03-07,49.5982,-0.0016445282699845,SBI Magnum Gilt Fund - Regular Plan - Growth,2.38316041824188
119120,2024-03-08,49.4716,-0.002552511986322,SBI Magnum Gilt Fund - Regular Plan - Growth,1.9022833088989486
119120,2024-03-11,49.5244,0.0010672790045196,SBI Magnum Gilt Fund - Regular Plan - Growth,2.1618552420592745
119120,2024-03-12,49.3798,-0.0029197728796309,SBI Magnum Gilt Fund - Regular Plan - Growth,1.873656385203053
119120,2024-03-13,49.3424,-0.0007573947241585,SBI Magnum Gilt Fund - Regular Plan - Growth,1.7778571261617324
119120,2024-03-14,49.2328,-0.0022212133986186,SBI Magnum Gilt Fund - Regular Plan - Growth,1.79330098942743
119120,2024-03-15,49.3152,0.0016736809606603,SBI Magnum Gilt Fund - Regular Plan - Growth,1.7235460655838424
119120,2024-03-18,49.5537,0.0048362371033676,SBI Magnum Gilt Fund - Regular Plan - Growth,1.6474363747603429
119120,2024-03-19,49.4055,-0.0029906949430617,SBI Magnum Gilt Fund - Regular Plan - Growth,1.3859350284359278
119120,2024-03-20,49.1894,-0.0043740069425469,SBI Magnum Gilt Fund - Regular Plan - Growth,0.9209120006371206
119120,2024-03-21,49.188,-2.846141648393808e-05,SBI Magnum Gilt Fund - Regular Plan - Growth,0.881883865764931
119120,2024-03-22,49.204,0.0003252825892494,SBI Magnum Gilt Fund - Regular Plan - Growth,1.02060957775408
119120,2024-03-25,49.2452,0.0008373302983497,SBI Magnum Gilt Fund - Regular Plan - Growth,1.4295434869020653
119120,2024-03-26,49.2039,-0.0008386604176651,SBI Magnum Gilt Fund - Regular Plan - Growth,1.481748577447743
119120,2024-03-27,49.1931,-0.0002194947961441,SBI Magnum Gilt Fund - Regular Plan - Growth,1.7301783674609348
119120,2024-03-28,49.2527,0.0012115520266051,SBI Magnum Gilt Fund - Regular Plan - Growth,1.4998427633169138
119120,2024-03-29,49.3962,0.0029135458563693,SBI Magnum Gilt Fund - Regular Plan - Growth,1.7148086578386186
119120,2024-04-01,49.1675,-0.0046299108028553,SBI Magnum Gilt Fund - Regular Plan - Growth,1.3668564002228862
119120,2024-04-02,49.1358,-0.0006447348350027,SBI Magnum Gilt Fund - Regular Plan - Growth,1.1317993446273098
119120,2024-04-03,49.1763,0.0008242462725751,SBI Magnum Gilt Fund - Regular Plan - Growth,1.3983551112328425
119120,2024-04-04,49.0767,-0.0020253658774652,SBI Magnum Gilt Fund - Regular Plan - Growth,1.366977812255993
119120,2024-04-05,49.3054,0.0046600525300193,SBI Magnum Gilt Fund - Regular Plan - Growth,1.654914944445601
119120,2024-04-08,49.2406,-0.0013142576675171,SBI Magnum Gilt Fund - Regular Plan - Growth,1.3462953862034548
119120,2024-04-09,49.2495,0.0001807451574513,SBI Magnum Gilt Fund - Regular Plan - Growth,1.2453175113733352
119120,2024-04-10,49.3326,0.0016873267748911,SBI Magnum Gilt Fund - Regular Plan - Growth,1.3016141894339799
119120,2024-04-11,49.2733,-0.0012020448952619,SBI Magnum Gilt Fund - Regular Plan - Growth,1.172271750758138
119120,2024-04-12,49.0586,-0.0043573294258756,SBI Magnum Gilt Fund - Regular Plan - Growth,0.7322994209345426
119120,2024-04-15,49.0196,-0.0007949676509317,SBI Magnum Gilt Fund - Regular Plan - Growth,0.61461854379357
119120,2024-04-16,49.161,0.0028845604615297,SBI Magnum Gilt Fund - Regular Plan - Growth,0.9965674751172426
119120,2024-04-17,49.1333,-0.0005634547710584,SBI Magnum Gilt Fund - Regular Plan - Growth,0.9249564143133004
119120,2024-04-18,49.0426,-0.0018459985386692,SBI Magnum Gilt Fund - Regular Plan - Growth,0.9695272721971319
119120,2024-04-19,49.1712,0.0026222100785846,SBI Magnum Gilt Fund - Regular Plan - Growth,1.1206102764901353
119120,2024-04-22,49.1443,-0.000547068202525,SBI Magnum Gilt Fund - Regular Plan - Growth,1.1491444989987294
119120,2024-04-23,49.0952,-0.0009990985729779,SBI Magnum Gilt Fund - Regular Plan - Growth,0.607844487695571
119120,2024-04-24,49.1277,0.0006619791751536,SBI Magnum Gilt Fund - Regular Plan - Growth,0.6442587106627828
119120,2024-04-25,49.2372,0.0022288851299776,SBI Magnum Gilt Fund - Regular Plan - Growth,1.072319587509108
119120,2024-04-26,49.5478,0.0063082384863477,SBI Magnum Gilt Fund - Regular Plan - Growth,1.504585521919366
119120,2024-04-29,49.6654,0.0023734656230951,SBI Magnum Gilt Fund - Regular Plan - Growth,1.5581770563054762
119120,2024-04-30,49.8249,0.003211491299778,SBI Magnum Gilt Fund - Regular Plan - Growth,1.4756390455975823
119120,2024-05-01,49.7757,-0.0009874580781897,SBI Magnum Gilt Fund - Regular Plan - Growth,1.4921720473014923
119120,2024-05-02,49.6614,-0.0022963012072155,SBI Magnum Gilt Fund - Regular Plan - Growth,1.611856053022223
119120,2024-05-03,49.6834,0.0004429999959727,SBI Magnum Gilt Fund - Regular Plan - Growth,1.4747340459301774
119120,2024-05-06,49.711,0.0005555175370446,SBI Magnum Gilt Fund - Regular Plan - Growth,1.7806058122130195
119120,2024-05-07,49.5902,-0.0024300456639374,SBI Magnum Gilt Fund - Regular Plan - Growth,1.6456867067612038
119120,2024-05-08,49.5825,-0.0001552726143472,SBI Magnum Gilt Fund - Regular Plan - Growth,1.6620462994622012
119120,2024-05-09,49.6466,0.0012927948368879,SBI Magnum Gilt Fund - Regular Plan - Growth,1.7503514138098923
119120,2024-05-10,49.7059,0.0011944423183058,SBI Magnum Gilt Fund - Regular Plan - Growth,1.691093765843996
119120,2024-05-13,49.7833,0.0015571592104759,SBI Magnum Gilt Fund - Regular Plan - Growth,1.9224907320359146
119120,2024-05-14,49.8341,0.0010204225111634,SBI Magnum Gilt Fund - Regular Plan - Growth,2.0314473616797506
119120,2024-05-15,49.7847,-0.0009912890972245,SBI Magnum Gilt Fund - Regular Plan - Growth,1.9330746468945421
119120,2024-05-16,49.7345,-0.0010083419203089,SBI Magnum Gilt Fund - Regular Plan - Growth,1.802431927306155
119120,2024-05-17,49.5986,-0.0027325096261147,SBI Magnum Gilt Fund - Regular Plan - Growth,1.5391090236155014
119120,2024-05-20,49.8364,0.0047944901670611,SBI Magnum Gilt Fund - Regular Plan - Growth,1.7619619170974254
119120,2024-05-21,49.8523,0.0003190439116791,SBI Magnum Gilt Fund - Regular Plan - Growth,1.6140775248120167
119120,2024-05-22,49.8383,-0.0002808295705514,SBI Magnum Gilt Fund - Regular Plan - Growth,1.4992435561704824
119120,2024-05-23,49.736,-0.0020526382320423,SBI Magnum Gilt Fund - Regular Plan - Growth,1.2351308553962248
119120,2024-05-24,50.1196,0.0077127231783817,SBI Magnum Gilt Fund - Regular Plan - Growth,2.0040420949925792
119120,2024-05-27,49.9985,-0.0024162204008012,SBI Magnum Gilt Fund - Regular Plan - Growth,1.7896823851466526
119120,2024-05-28,49.9588,-0.0007940238207146,SBI Magnum Gilt Fund - Regular Plan - Growth,1.6276694134899223
119120,2024-05-29,50.0255,0.001335100122501,SBI Magnum Gilt Fund - Regular Plan - Growth,1.574886197619237
119120,2024-05-30,50.1155,0.0017990824679412,SBI Magnum Gilt Fund - Regular Plan - Growth,1.807879394812655
119120,2024-05-31,50.251,0.0027037543275034,SBI Magnum Gilt Fund - Regular Plan - Growth,2.0926940841544304
119120,2024-06-03,50.4948,0.0048516447433881,SBI Magnum Gilt Fund - Regular Plan - Growth,2.479780504726646
119120,2024-06-04,50.5737,0.0015625371325365,SBI Magnum Gilt Fund - Regular Plan - Growth,2.474970287996722
119120,2024-06-05,50.4537,-0.0023727747821497,SBI Magnum Gilt Fund - Regular Plan - Growth,2.104497390466494
119120,2024-06-06,50.4355,-0.0003607267653313,SBI Magnum Gilt Fund - Regular Plan - Growth,2.132355712831634
119120,2024-06-07,50.489,0.0010607607736614,SBI Magnum Gilt Fund - Regular Plan - Growth,2.0344786701842743
119120,2024-06-10,50.7673,0.0055120917427557,SBI Magnum Gilt Fund - Regular Plan - Growth,2.32509021703323
119120,2024-06-11,50.6033,-0.0032304258843783,SBI Magnum Gilt Fund - Regular Plan - Growth,2.0829251352398543
119120,2024-06-12,50.7714,0.0033219177405425,SBI Magnum Gilt Fund - Regular Plan - Growth,2.3090010491882778
119120,2024-06-13,50.8089,0.0007386048050674,SBI Magnum Gilt Fund - Regular Plan - Growth,2.2182992767239953
119120,2024-06-14,50.9308,0.0023991859693872,SBI Magnum Gilt Fund - Regular Plan - Growth,2.298906614005682
119120,2024-06-17,50.9323,2.945172665658191e-05,SBI Magnum Gilt Fund - Regular Plan - Growth,1.9462656630805697
119120,2024-06-18,50.8388,-0.0018357702283227,SBI Magnum Gilt Fund - Regular Plan - Growth,1.9482205139877158
119120,2024-06-19,50.9497,0.0021814047538495,SBI Magnum Gilt Fund - Regular Plan - Growth,1.9857293392145272
119120,2024-06-20,51.0483,0.0019352420132012,SBI Magnum Gilt Fund - Regular Plan - Growth,2.1907095048398273
119120,2024-06-21,51.1881,0.0027385828715158,SBI Magnum Gilt Fund - Regular Plan - Growth,2.5104842993797587
119120,2024-06-24,51.201,0.0002520116980313,SBI Magnum Gilt Fund - Regular Plan - Growth,2.5101217140140264
119120,2024-06-25,51.1383,-0.0012245854573152,SBI Magnum Gilt Fund - Regular Plan - Growth,2.376693581389373
119120,2024-06-26,50.9524,-0.0036352401233518,SBI Magnum Gilt Fund - Regular Plan - Growth,1.653055343927681
119120,2024-06-27,51.0723,0.0023531766904012,SBI Magnum Gilt Fund - Regular Plan - Growth,1.8266420036853193
119120,2024-06-28,51.1415,0.0013549419156764,SBI Magnum Gilt Fund - Regular Plan - Growth,2.118375456559086
119120,2024-07-01,51.0318,-0.0021450289881994,SBI Magnum Gilt Fund - Regular Plan - Growth,1.885653768634308
119120,2024-07-02,50.9771,-0.0010718806704838,SBI Magnum Gilt Fund - Regular Plan - Growth,2.2124297215895257
119120,2024-07-03,50.9318,-0.0008886343083462,SBI Magnum Gilt Fund - Regular Plan - Growth,2.1408260869942004
119120,2024-07-04,50.7563,-0.0034457843626182,SBI Magnum Gilt Fund - Regular Plan - Growth,1.841880929079063
119120,2024-07-05,50.6663,-0.0017731788960189,SBI Magnum Gilt Fund - Regular Plan - Growth,1.5500493136863334
119120,2024-07-08,50.5362,-0.0025677817405257,SBI Magnum Gilt Fund - Regular Plan - Growth,1.1674697265813223
119120,2024-07-09,50.4981,-0.0007539150153751,SBI Magnum Gilt Fund - Regular Plan - Growth,1.1844415399449064
119120,2024-07-10,50.4186,-0.0015743166574584,SBI Magnum Gilt Fund - Regular Plan - Growth,1.0751781696841622
119120,2024-07-11,50.2267,-0.0038061350374662,SBI Magnum Gilt Fund - Regular Plan - Growth,0.9101477905180069
119120,2024-07-12,50.4977,0.0053955366368882,SBI Magnum Gilt Fund - Regular Plan - Growth,1.4468220503336129
119120,2024-07-15,50.6719,0.0034496620638166,SBI Magnum Gilt Fund - Regular Plan - Growth,1.5990684849230863
119120,2024-07-16,50.5869,-0.0016774583151608,SBI Magnum Gilt Fund - Regular Plan - Growth,1.6939758550872546
119120,2024-07-17,50.6361,0.0009725838112237,SBI Magnum Gilt Fund - Regular Plan - Growth,1.8148174461114215
119120,2024-07-18,50.7039,0.0013389656786364,SBI Magnum Gilt Fund - Regular Plan - Growth,2.071332174661426
119120,2024-07-19,50.8709,0.0032936322452514,SBI Magnum Gilt Fund - Regular Plan - Growth,2.171008492781137
119120,2024-07-22,50.7805,-0.0017770473885855,SBI Magnum Gilt Fund - Regular Plan - Growth,1.737477273883515
119120,2024-07-23,50.935,0.0030425064739416,SBI Magnum Gilt Fund - Regular Plan - Growth,2.167790979263417
119120,2024-07-24,50.8793,-0.0010935506037106,SBI Magnum Gilt Fund - Regular Plan - Growth,2.443751126236045
119120,2024-07-25,50.7228,-0.0030759070977784,SBI Magnum Gilt Fund - Regular Plan - Growth,2.201307407940117
119120,2024-07-26,50.83,0.0021134479957731,SBI Magnum Gilt Fund - Regular Plan - Growth,2.3217348230196944
119120,2024-07-29,51.0101,0.0035431831595515,SBI Magnum Gilt Fund - Regular Plan - Growth,2.4913039909118684
119120,2024-07-30,51.3585,0.0068300199372279,SBI Magnum Gilt Fund - Regular Plan - Growth,2.9289824421345894
119120,2024-07-31,51.2181,-0.0027337246999036,SBI Magnum Gilt Fund - Regular Plan - Growth,2.7362633136429118
119120,2024-08-01,51.3231,0.0020500565229868,SBI Magnum Gilt Fund - Regular Plan - Growth,2.788211289675183
119120,2024-08-02,51.2847,-0.0007482011024274,SBI Magnum Gilt Fund - Regular Plan - Growth,2.5519511505684864
119120,2024-08-05,51.4008,0.0022638330730218,SBI Magnum Gilt Fund - Regular Plan - Growth,3.074713264973252
119120,2024-08-06,51.2253,-0.0034143437456226,SBI Magnum Gilt Fund - Regular Plan - Growth,2.8506657781582003
119120,2024-08-07,51.0771,-0.0028931016509419,SBI Magnum Gilt Fund - Regular Plan - Growth,2.574577608676948
119120,2024-08-08,50.9919,-0.0016680665112154,SBI Magnum Gilt Fund - Regular Plan - Growth,2.6020982751407504
119120,2024-08-09,51.0167,0.0004863517539059,SBI Magnum Gilt Fund - Regular Plan - Growth,2.3559567950687454
119120,2024-08-12,50.9489,-0.0013289765900185,SBI Magnum Gilt Fund - Regular Plan - Growth,2.35484942858612
119120,2024-08-13,51.0481,0.0019470489058643,SBI Magnum Gilt Fund - Regular Plan - Growth,2.470784412840831
119120,2024-08-14,51.195,0.0028776781114283,SBI Magnum Gilt Fund - Regular Plan - Growth,2.5425529025573987
119120,2024-08-15,51.2871,0.0017990038089656,SBI Magnum Gilt Fund - Regular Plan - Growth,2.7486145490475917
119120,2024-08-16,51.5114,0.0043734194368565,SBI Magnum Gilt Fund - Regular Plan - Growth,3.367300258378604
119120,2024-08-19,51.5802,0.0013356266768131,SBI Magnum Gilt Fund - Regular Plan - Growth,3.517088780807113
119120,2024-08-20,51.4369,-0.0027781978356035,SBI Magnum Gilt Fund - Regular Plan - Growth,3.113777118461345
119120,2024-08-21,51.6287,0.0037288405794284,SBI Magnum Gilt Fund - Regular Plan - Growth,3.381443247319158
119120,2024-08-22,51.5648,-0.0012376836914352,SBI Magnum Gilt Fund - Regular Plan - Growth,3.42998732323328
119120,2024-08-23,51.698,0.0025831575027925,SBI Magnum Gilt Fund - Regular Plan - Growth,3.427789080919019
119120,2024-08-26,51.9182,0.0042593523927423,SBI Magnum Gilt Fund - Regular Plan - Growth,3.716874677042901
119120,2024-08-27,51.9928,0.0014368757006213,SBI Magnum Gilt Fund - Regular Plan - Growth,3.8871385642744425
119120,2024-08-28,51.812,-0.0034774045637089,SBI Magnum Gilt Fund - Regular Plan - Growth,3.5594744936690947
119120,2024-08-29,51.707,-0.0020265575542345,SBI Magnum Gilt Fund - Regular Plan - Growth,3.2660795695154676
119120,2024-08-30,51.8945,0.0036262014814241,SBI Magnum Gilt Fund - Regular Plan - Growth,3.1482893913118453
119120,2024-09-02,51.8872,-0.0001406700131998,SBI Magnum Gilt Fund - Regular Plan - Growth,2.9859924495423655
119120,2024-09-03,51.9124,0.000485668912564,SBI Magnum Gilt Fund - Regular Plan - Growth,2.818880382265093
119120,2024-09-04,52.0266,0.002199859763756,SBI Magnum Gilt Fund - Regular Plan - Growth,3.034071181480981
119120,2024-09-05,52.1329,0.0020431856012115,SBI Magnum Gilt Fund - Regular Plan - Growth,3.3454417010939266
119120,2024-09-06,52.1844,0.0009878598735155,SBI Magnum Gilt Fund - Regular Plan - Growth,3.3822076607492444
119120,2024-09-09,52.1719,-0.0002395351867606,SBI Magnum Gilt Fund - Regular Plan - Growth,3.3260680438477372
119120,2024-09-10,52.1457,-0.0005021860426781,SBI Magnum Gilt Fund - Regular Plan - Growth,3.4808825980369567
119120,2024-09-11,52.2735,0.0024508252837722,SBI Magnum Gilt Fund - Regular Plan - Growth,3.6510238658336074
119120,2024-09-12,52.3614,0.0016815403598382,SBI Magnum Gilt Fund - Regular Plan - Growth,3.675546465966753
119120,2024-09-13,52.3424,-0.0003628627194842,SBI Magnum Gilt Fund - Regular Plan - Growth,3.5670431775989897
119120,2024-09-16,52.5004,0.0030185853151556,SBI Magnum Gilt Fund - Regular Plan - Growth,3.651898631659
119120,2024-09-17,52.4983,-3.999969524037805e-05,SBI Magnum Gilt Fund - Regular Plan - Growth,3.5788252768328452
119120,2024-09-18,52.4007,-0.0018591078187293,SBI Magnum Gilt Fund - Regular Plan - Growth,3.5092848440712117
119120,2024-09-19,52.3155,-0.0016259324780012,SBI Magnum Gilt Fund - Regular Plan - Growth,3.460474871455233
119120,2024-09-20,52.2016,-0.0021771750246103,SBI Magnum Gilt Fund - Regular Plan - Growth,3.508067931454044
119120,2024-09-23,52.1807,-0.0004003708698583,SBI Magnum Gilt Fund - Regular Plan - Growth,3.2004387140433797
119120,2024-09-24,52.3581,0.0033997244191816,SBI Magnum Gilt Fund - Regular Plan - Growth,3.3896526966566283
119120,2024-09-25,52.2669,-0.0017418508311035,SBI Magnum Gilt Fund - Regular Plan - Growth,3.276665965255368
119120,2024-09-26,52.3067,0.0007614761923895,SBI Magnum Gilt Fund - Regular Plan - Growth,3.4890877927520108
119120,2024-09-27,52.2351,-0.0013688494972918,SBI Magnum Gilt Fund - Regular Plan - Growth,2.990292653078975
119120,2024-09-30,52.2158,-0.000369483355062,SBI Magnum Gilt Fund - Regular Plan - Growth,3.1599335987139145
119120,2024-10-01,52.0324,-0.0035123468375471,SBI Magnum Gilt Fund - Regular Plan - Growth,2.9240506238820334
119120,2024-10-02,52.0183,-0.0002709850016527,SBI Magnum Gilt Fund - Regular Plan - Growth,2.810077953653974
119120,2024-10-03,52.0078,-0.0002018520405319,SBI Magnum Gilt Fund - Regular Plan - Growth,2.670829956573656
119120,2024-10-04,52.0935,0.0016478297486144,SBI Magnum Gilt Fund - Regular Plan - Growth,2.6042973410147696
119120,2024-10-07,52.1377,0.0008484743778014,SBI Magnum Gilt Fund - Regular Plan - Growth,2.360799423080042
119120,2024-10-08,51.9954,-0.0027293110359682,SBI Magnum Gilt Fund - Regular Plan - Growth,2.0315323963144114
119120,2024-10-09,52.1525,0.0030214211257151,SBI Magnum Gilt Fund - Regular Plan - Growth,2.4234542215132584
119120,2024-10-10,52.1951,0.0008168352427975,SBI Magnum Gilt Fund - Regular Plan - Growth,2.5097762272620665
119120,2024-10-11,52.2361,0.000785514349048,SBI Magnum Gilt Fund - Regular Plan - Growth,2.4904947822824584
119120,2024-10-14,52.2498,0.0002622707284809,SBI Magnum Gilt Fund - Regular Plan - Growth,2.164784042323317
119120,2024-10-15,52.1966,-0.0010181857155434,SBI Magnum Gilt Fund - Regular Plan - Growth,2.355577786581164
119120,2024-10-16,52.2402,0.0008353034488837,SBI Magnum Gilt Fund - Regular Plan - Growth,2.1877072795291737
119120,2024-10-17,52.3178,0.001485446074096,SBI Magnum Gilt Fund - Regular Plan - Growth,2.2417564892713555
119120,2024-10-18,52.1029,-0.0041075886218456,SBI Magnum Gilt Fund - Regular Plan - Growth,1.720917003424869
119120,2024-10-21,52.0471,-0.0010709576626252,SBI Magnum Gilt Fund - Regular Plan - Growth,1.6357917057236993
119120,2024-10-22,52.0285,-0.0003573686141975,SBI Magnum Gilt Fund - Regular Plan - Growth,1.7532603256488437
119120,2024-10-23,52.077,0.0009321814005784,SBI Magnum Gilt Fund - Regular Plan - Growth,1.665102071322812
119120,2024-10-24,52.2487,0.003297040920176,SBI Magnum Gilt Fund - Regular Plan - Growth,1.7560460558998183
119120,2024-10-25,52.1621,-0.0016574575061196,SBI Magnum Gilt Fund - Regular Plan - Growth,1.431322497187564
119120,2024-10-28,52.1116,-0.0009681358687629,SBI Magnum Gilt Fund - Regular Plan - Growth,1.338009150253305
119120,2024-10-29,52.0592,-0.0010055342764375,SBI Magnum Gilt Fund - Regular Plan - Growth,1.3551938058776263
119120,2024-10-30,51.969,-0.001732642837385,SBI Magnum Gilt Fund - Regular Plan - Growth,1.514672106043287
119120,2024-10-31,51.9384,-0.0005888125613345,SBI Magnum Gilt Fund - Regular Plan - Growth,1.2972103773174193
119120,2024-11-01,52.0543,0.0022314896107695,SBI Magnum Gilt Fund - Regular Plan - Growth,1.3598983236428763
119120,2024-11-04,51.9311,-0.0023667593263188,SBI Magnum Gilt Fund - Regular Plan - Growth,1.3415693656116932
119120,2024-11-05,52.0019,0.0013633448935224,SBI Magnum Gilt Fund - Regular Plan - Growth,1.5265226160261711
119120,2024-11-06,51.7942,-0.0039940848315158,SBI Magnum Gilt Fund - Regular Plan - Growth,1.26975661764004
119120,2024-11-07,51.7358,-0.0011275393769958,SBI Magnum Gilt Fund - Regular Plan - Growth,1.459471527449744
119120,2024-11-08,51.7076,-0.0005450771032824,SBI Magnum Gilt Fund - Regular Plan - Growth,1.557485873496741
119120,2024-11-11,51.9411,0.004515777177823,SBI Magnum Gilt Fund - Regular Plan - Growth,2.0720576233381234
119120,2024-11-12,51.92,-0.0004062293636445,SBI Magnum Gilt Fund - Regular Plan - Growth,2.099407804262587
119120,2024-11-13,51.6476,-0.0052465331278891,SBI Magnum Gilt Fund - Regular Plan - Growth,1.7759686390211178
119120,2024-11-14,51.4028,-0.0047398136602668,SBI Magnum Gilt Fund - Regular Plan - Growth,1.694122852560645
119120,2024-11-15,51.4219,0.0003715750892947,SBI Magnum Gilt Fund - Regular Plan - Growth,1.3654359904504887
119120,2024-11-18,51.5162,0.0018338490020788,SBI Magnum Gilt Fund - Regular Plan - Growth,1.2553789522804617
119120,2024-11-19,51.5797,0.0012326219713412,SBI Magnum Gilt Fund - Regular Plan - Growth,1.4768787965838703
119120,2024-11-20,51.6162,0.0007076427354171,SBI Magnum Gilt Fund - Regular Plan - Growth,1.457489020620106
119120,2024-11-21,51.7824,0.0032199193276529,SBI Magnum Gilt Fund - Regular Plan - Growth,1.5862514499881177
119120,2024-11-22,51.7268,-0.0010737238907428,SBI Magnum Gilt Fund - Regular Plan - Growth,1.2710179814620046
119120,2024-11-25,51.8584,0.0025441357284812,SBI Magnum Gilt Fund - Regular Plan - Growth,1.5929900609115544
119120,2024-11-26,51.6603,-0.0038200175863506,SBI Magnum Gilt Fund - Regular Plan - Growth,1.0699207346892186
119120,2024-11-27,51.5574,-0.0019918583515774,SBI Magnum Gilt Fund - Regular Plan - Growth,1.0000937600676
119120,2024-11-28,51.3378,-0.0042593303774045,SBI Magnum Gilt Fund - Regular Plan - Growth,0.9043190662014249
119120,2024-11-29,51.317,-0.000405159551052,SBI Magnum Gilt Fund - Regular Plan - Growth,0.7218794971372747
119120,2024-12-02,51.3256,0.0001675857902838,SBI Magnum Gilt Fund - Regular Plan - Growth,0.4786199631000368
119120,2024-12-03,51.3551,0.000574761912184,SBI Magnum Gilt Fund - Regular Plan - Growth,0.012498498896889677
119120,2024-12-04,51.3777,0.0004400731378186,SBI Magnum Gilt Fund - Regular Plan - Growth,0.26320061689002006
119120,2024-12-05,51.2725,-0.0020475809543828,SBI Magnum Gilt Fund - Regular Plan - Growth,-0.0603355245610978
119120,2024-12-06,51.2625,-0.0001950363255155,SBI Magnum Gilt Fund - Regular Plan - Growth,-0.01667338555341242
119120,2024-12-09,51.0841,-0.0034801267983419,SBI Magnum Gilt Fund - Regular Plan - Growth,-0.46696062997450005
119120,2024-12-10,51.2745,0.0037271871286761,SBI Magnum Gilt Fund - Regular Plan - Growth,0.09277022875860995
119120,2024-12-11,51.2499,-0.0004797706462278,SBI Magnum Gilt Fund - Regular Plan - Growth,0.2840686000822303
119120,2024-12-12,51.2014,-0.0009463433099381,SBI Magnum Gilt Fund - Regular Plan - Growth,0.3417713219530934
119120,2024-12-13,51.4215,0.0042987105821326,SBI Magnum Gilt Fund - Regular Plan - Growth,0.6307762416691203
119120,2024-12-16,51.2755,-0.0028392792897912,SBI Magnum Gilt Fund - Regular Plan - Growth,0.5100426174795157
119120,2024-12-17,51.1449,-0.0025470253824926,SBI Magnum Gilt Fund - Regular Plan - Growth,0.1634348642705368
119120,2024-12-18,51.0184,-0.002473364890732,SBI Magnum Gilt Fund - Regular Plan - Growth,-0.24782776265952275
119120,2024-12-19,51.0242,0.000113684474621,SBI Magnum Gilt Fund - Regular Plan - Growth,-0.37884718473166085
119120,2024-12-20,51.0943,0.0013738578948812,SBI Magnum Gilt Fund - Regular Plan - Growth,-0.6223885979060787
119120,2024-12-23,51.2043,0.0021528820240224,SBI Magnum Gilt Fund - Regular Plan - Growth,-0.5561983913208249
119120,2024-12-24,51.5519,0.0067884923727108,SBI Magnum Gilt Fund - Regular Plan - Growth,0.18649608269545867
119120,2024-12-25,51.2752,-0.005367406438948,SBI Magnum Gilt Fund - Regular Plan - Growth,-0.49099136980981867
119120,2024-12-26,51.3686,0.0018215433581927,SBI Magnum Gilt Fund - Regular Plan - Growth,-0.26349229996712437
119120,2024-12-27,51.3112,-0.0011174141401556,SBI Magnum Gilt Fund - Regular Plan - Growth,-0.5405790996265047
119120,2024-12-30,51.2501,-0.0011907731645331,SBI Magnum Gilt Fund - Regular Plan - Growth,-0.9638569428335084
119120,2024-12-31,51.1847,-0.0012760950710341,SBI Magnum Gilt Fund - Regular Plan - Growth,-1.1711542014650742
119120,2025-01-01,51.0822,-0.0020025515437229,SBI Magnum Gilt Fund - Regular Plan - Growth,-1.0676446079907165
119120,2025-01-02,51.3142,0.0045416994569535,SBI Magnum Gilt Fund - Regular Plan - Growth,-0.5543866853504825
119120,2025-01-03,51.4379,0.0024106387705546,SBI Magnum Gilt Fund - Regular Plan - Growth,-0.6507280966111486
119120,2025-01-06,51.4556,0.0003441042499789,SBI Magnum Gilt Fund - Regular Plan - Growth,-0.613908461089883
119120,2025-01-07,51.6458,0.0036963906746787,SBI Magnum Gilt Fund - Regular Plan - Growth,-0.3656704141724017
119120,2025-01-08,51.4641,-0.0035181950904041,SBI Magnum Gilt Fund - Regular Plan - Growth,-0.787211932049513
119120,2025-01-09,51.3065,-0.0030623288855726,SBI Magnum Gilt Fund - Regular Plan - Growth,-1.1614587955425562
119120,2025-01-10,51.0402,-0.0051903754884858,SBI Magnum Gilt Fund - Regular Plan - Growth,-1.5817962853573082
119120,2025-01-13,50.9649,-0.0014753076986374,SBI Magnum Gilt Fund - Regular Plan - Growth,-1.6686890639407543
119120,2025-01-14,51.0003,0.0006945956923294,SBI Magnum Gilt Fund - Regular Plan - Growth,-1.581145422766535
119120,2025-01-15,51.0281,0.0005450948327754,SBI Magnum Gilt Fund - Regular Plan - Growth,-1.729345471068418
119120,2025-01-16,51.0619,0.0006623801395702,SBI Magnum Gilt Fund - Regular Plan - Growth,-1.808311234566559
119120,2025-01-17,50.8952,-0.0032646650437997,SBI Magnum Gilt Fund - Regular Plan - Growth,-2.0025238575060325
119120,2025-01-20,51.0128,0.0023106304720286,SBI Magnum Gilt Fund - Regular Plan - Growth,-2.061758088133838
119120,2025-01-21,51.0582,0.0008899727127309,SBI Magnum Gilt Fund - Regular Plan - Growth,-1.9918435176500955
119120,2025-01-22,51.1673,0.002136777246358,SBI Magnum Gilt Fund - Regular Plan - Growth,-1.6974917238372116
119120,2025-01-23,50.9384,-0.0044735602621204,SBI Magnum Gilt Fund - Regular Plan - Growth,-1.8751773418796633
119120,2025-01-24,50.9929,0.0010699197462031,SBI Magnum Gilt Fund - Regular Plan - Growth,-1.647230091021507
119120,2025-01-27,50.8551,-0.0027023369920126,SBI Magnum Gilt Fund - Regular Plan - Growth,-1.8013351017480854
119120,2025-01-28,50.8187,-0.0007157590880757,SBI Magnum Gilt Fund - Regular Plan - Growth,-2.118752599344051
119120,2025-01-29,50.9017,0.0016332570490784,SBI Magnum Gilt Fund - Regular Plan - Growth,-1.8739057134236357
119120,2025-01-30,50.9279,0.0005147175831063,SBI Magnum Gilt Fund - Regular Plan - Growth,-1.8923630561137357
119120,2025-01-31,50.8333,-0.0018575279954602,SBI Magnum Gilt Fund - Regular Plan - Growth,-1.9250493314024535
119120,2025-02-03,50.8486,0.0003009838039236,SBI Magnum Gilt Fund - Regular Plan - Growth,-1.876511915929826
119120,2025-02-04,50.6673,-0.0035654865620685,SBI Magnum Gilt Fund - Regular Plan - Growth,-1.8797114528893315
119120,2025-02-05,50.8288,0.003187460156748,SBI Magnum Gilt Fund - Regular Plan - Growth,-1.614902165308018
119120,2025-02-06,50.8171,-0.000230184462352,SBI Magnum Gilt Fund - Regular Plan - Growth,-1.6169074828102858
119120,2025-02-07,50.9751,0.0031091896231778,SBI Magnum Gilt Fund - Regular Plan - Growth,-1.5032737120107393
119120,2025-02-10,50.922,-0.0010416850579989,SBI Magnum Gilt Fund - Regular Plan - Growth,-1.6367679038923513
119120,2025-02-11,50.8694,-0.001032952358509,SBI Magnum Gilt Fund - Regular Plan - Growth,-1.525186389226922
119120,2025-02-12,50.7861,-0.0016375266859841,SBI Magnum Gilt Fund - Regular Plan - Growth,-1.8690226402227164
119120,2025-02-13,50.9129,0.0024967461569209,SBI Magnum Gilt Fund - Regular Plan - Growth,-1.7391850878309796
119120,2025-02-14,50.8365,-0.0015006020085283,SBI Magnum Gilt Fund - Regular Plan - Growth,-1.900300944750296
119120,2025-02-17,50.9336,0.0019100449480196,SBI Magnum Gilt Fund - Regular Plan - Growth,-1.776547286455752
119120,2025-02-18,50.8991,-0.0006773524745944,SBI Magnum Gilt Fund - Regular Plan - Growth,-1.7531574274996773
119120,2025-02-19,50.6608,-0.0046818116626815,SBI Magnum Gilt Fund - Regular Plan - Growth,-2.108351123447106
119120,2025-02-20,50.6025,-0.0011507911442377,SBI Magnum Gilt Fund - Regular Plan - Growth,-2.2966151615125385
119120,2025-02-21,50.4668,-0.002681685687466,SBI Magnum Gilt Fund - Regular Plan - Growth,-2.214293553357272
119120,2025-02-24,50.4855,0.0003705406326535,SBI Magnum Gilt Fund - Regular Plan - Growth,-2.1133756192610047
119120,2025-02-25,50.3487,-0.0027096889205812,SBI Magnum Gilt Fund - Regular Plan - Growth,-2.266954699714028
119120,2025-02-26,50.4807,0.0026217161515589,SBI Magnum Gilt Fund - Regular Plan - Growth,-2.1357723572705787
119120,2025-02-27,50.4836,5.7447697833001854e-05,SBI Magnum Gilt Fund - Regular Plan - Growth,-2.387601469977909
119120,2025-02-28,50.4754,-0.0001624289868393,SBI Magnum Gilt Fund - Regular Plan - Growth,-2.286127076236523
119120,2025-03-03,50.5734,0.0019415398392088,SBI Magnum Gilt Fund - Regular Plan - Growth,-2.073064206367049
119120,2025-03-04,50.7108,0.0027168432417041,SBI Magnum Gilt Fund - Regular Plan - Growth,-1.7993081472777273
119120,2025-03-05,50.7227,0.0002346640163437,SBI Magnum Gilt Fund - Regular Plan - Growth,-1.6655891128638196
119120,2025-03-06,50.6387,-0.0016560632616166,SBI Magnum Gilt Fund - Regular Plan - Growth,-1.7369643350255999
119120,2025-03-07,50.4273,-0.00417467273054,SBI Magnum Gilt Fund - Regular Plan - Growth,-2.165371219977094
119120,2025-03-10,50.3546,-0.0014416794077811,SBI Magnum Gilt Fund - Regular Plan - Growth,-2.106901428935014
119120,2025-03-11,50.2907,-0.0012690002502253,SBI Magnum Gilt Fund - Regular Plan - Growth,-2.292717406951345
119120,2025-03-12,50.3186,0.0005547745408196,SBI Magnum Gilt Fund - Regular Plan - Growth,-1.9999761890370396
119120,2025-03-13,50.2893,-0.0005822896503481,SBI Magnum Gilt Fund - Regular Plan - Growth,-1.9628875277185787
119120,2025-03-14,50.3909,0.0020203104835423,SBI Magnum Gilt Fund - Regular Plan - Growth,-1.7751878755367083
119120,2025-03-17,50.3275,-0.001258163676378,SBI Magnum Gilt Fund - Regular Plan - Growth,-2.2211319375122125
119120,2025-03-18,50.3347,0.0001430629377576,SBI Magnum Gilt Fund - Regular Plan - Growth,-2.1816614051508605
119120,2025-03-19,50.4995,0.0032740832864803,SBI Magnum Gilt Fund - Regular Plan - Growth,-1.5939350443196019
119120,2025-03-20,50.5574,0.001146546005406,SBI Magnum Gilt Fund - Regular Plan - Growth,-1.1923113639459082
119120,2025-03-21,50.5642,0.0001345005874511,SBI Magnum Gilt Fund - Regular Plan - Growth,-1.2098700234992783
119120,2025-03-24,50.502,-0.0012301193334414,SBI Magnum Gilt Fund - Regular Plan - Growth,-1.4380090007745794
119120,2025-03-25,50.4359,-0.001308859055087,SBI Magnum Gilt Fund - Regular Plan - Growth,-1.6258055322853355
119120,2025-03-26,50.3423,-0.0018558209529322,SBI Magnum Gilt Fund - Regular Plan - Growth,-1.8110107065476773
119120,2025-03-27,50.2881,-0.0010766293951607,SBI Magnum Gilt Fund - Regular Plan - Growth,-2.1503390519444077
119120,2025-03-28,50.3983,0.0021913733070049,SBI Magnum Gilt Fund - Regular Plan - Growth,-1.897867045761459
119120,2025-03-31,50.3846,-0.0002718345658484,SBI Magnum Gilt Fund - Regular Plan - Growth,-2.1222501583541664
119120,2025-04-01,50.2278,-0.0031120620189502,SBI Magnum Gilt Fund - Regular Plan - Growth,-2.078935171610024
119120,2025-04-02,50.4665,0.00475234830114,SBI Magnum Gilt Fund - Regular Plan - Growth,-1.54166464186554
119120,2025-04-03,50.5217,0.0010937948936422,SBI Magnum Gilt Fund - Regular Plan - Growth,-1.167663242897728
119120,2025-04-04,50.3573,-0.0032540472707767,SBI Magnum Gilt Fund - Regular Plan - Growth,-1.3660310361596493
119120,2025-04-07,50.3156,-0.0008280825222956,SBI Magnum Gilt Fund - Regular Plan - Growth,-1.438751397273354
119120,2025-04-08,50.3441,0.0005664247271222,SBI Magnum Gilt Fund - Regular Plan - Growth,-1.4393813139937663
119120,2025-04-09,50.5752,0.0045904088065931,SBI Magnum Gilt Fund - Regular Plan - Growth,-1.1109304511185927
119120,2025-04-10,50.4486,-0.0025032031509515,SBI Magnum Gilt Fund - Regular Plan - Growth,-1.1416105267080383
119120,2025-04-11,50.5873,0.0027493329844634,SBI Magnum Gilt Fund - Regular Plan - Growth,-0.923363212610492
119120,2025-04-14,50.7805,0.0038191403771303,SBI Magnum Gilt Fund - Regular Plan - Growth,-0.4028180746179355
119120,2025-04-15,50.7146,-0.0012977422435779,SBI Magnum Gilt Fund - Regular Plan - Growth,-0.7680597581961296
119120,2025-04-16,50.6936,-0.0004140819409005,SBI Magnum Gilt Fund - Regular Plan - Growth,-0.7633794837432206
119120,2025-04-17,50.5759,-0.002321792099989,SBI Magnum Gilt Fund - Regular Plan - Growth,-0.8587208796446814
119120,2025-04-18,50.5644,-0.00022738102535,SBI Magnum Gilt Fund - Regular Plan - Growth,-1.204332762647081
119120,2025-04-21,50.5742,0.0001938122473519,SBI Magnum Gilt Fund - Regular Plan - Growth,-0.9902245884697658
119120,2025-04-22,50.6728,0.0019496106710537,SBI Magnum Gilt Fund - Regular Plan - Growth,-0.6617082179154757
119120,2025-04-23,50.8267,0.0030371323471369,SBI Magnum Gilt Fund - Regular Plan - Growth,-0.2563162609059763
119120,2025-04-24,50.7455,-0.0015975855209958,SBI Magnum Gilt Fund - Regular Plan - Growth,-0.3805687745847106
119120,2025-04-25,50.509,-0.0046605117695165,SBI Magnum Gilt Fund - Regular Plan - Growth,-0.8063931339969678
119120,2025-04-28,50.5207,0.0002316418856045,SBI Magnum Gilt Fund - Regular Plan - Growth,-0.9485924933246836
119120,2025-04-29,50.5725,0.001025322293634,SBI Magnum Gilt Fund - Regular Plan - Growth,-1.4280438273109413
119120,2025-04-30,50.6188,0.0009155173266104,SBI Magnum Gilt Fund - Regular Plan - Growth,-0.9805113899545941
119120,2025-05-01,50.5916,-0.0005373497593779,SBI Magnum Gilt Fund - Regular Plan - Growth,-1.168077822058021
119120,2025-05-02,50.622,0.0006008902663683,SBI Magnum Gilt Fund - Regular Plan - Growth,-1.0347661731631315
119120,2025-05-05,50.8301,0.004110860890522,SBI Magnum Gilt Fund - Regular Plan - Growth,-0.6109921857379268
119120,2025-05-06,50.8936,0.0012492597889832,SBI Magnum Gilt Fund - Regular Plan - Growth,-0.4177819768561773
119120,2025-05-07,50.8603,-0.0006543062388983,SBI Magnum Gilt Fund - Regular Plan - Growth,-0.3158846789211272
119120,2025-05-08,50.8107,-0.0009752203585116,SBI Magnum Gilt Fund - Regular Plan - Growth,-0.755735685630222
119120,2025-05-09,50.8035,-0.0001417024366914,SBI Magnum Gilt Fund - Regular Plan - Growth,-0.9628146266305584
119120,2025-05-12,51.028,0.004418986880825,SBI Magnum Gilt Fund - Regular Plan - Growth,-0.6266955206293917
119120,2025-05-13,51.019,-0.0001763737555852,SBI Magnum Gilt Fund - Regular Plan - Growth,-0.9406851075029447
119120,2025-05-14,51.0311,0.0002371665457967,SBI Magnum Gilt Fund - Regular Plan - Growth,-0.6543452653671149
119120,2025-05-15,50.9837,-0.0009288453511682,SBI Magnum Gilt Fund - Regular Plan - Growth,-0.4893018191258529
119120,2025-05-16,51.1396,0.0030578400547627,SBI Magnum Gilt Fund - Regular Plan - Growth,0.17628365905782947
119120,2025-05-19,51.4075,0.0052386017880468,SBI Magnum Gilt Fund - Regular Plan - Growth,0.7056856198703247
119120,2025-05-20,51.4806,0.0014219715022127,SBI Magnum Gilt Fund - Regular Plan - Growth,0.7623703909401698
119120,2025-05-21,51.5061,0.0004953322222351,SBI Magnum Gilt Fund - Regular Plan - Growth,0.7584513847020959
119120,2025-05-22,51.5256,0.0003785959332971,SBI Magnum Gilt Fund - Regular Plan - Growth,0.7360962397387686
119120,2025-05-23,51.2316,-0.0057059015324421,SBI Magnum Gilt Fund - Regular Plan - Growth,0.5287209564675625
119120,2025-05-26,51.3425,0.002164679611802,SBI Magnum Gilt Fund - Regular Plan - Growth,0.517758468950451
119120,2025-05-27,51.3746,0.0006252130301407,SBI Magnum Gilt Fund - Regular Plan - Growth,0.4974102219297057
119120,2025-05-28,51.4447,0.0013644875093916,SBI Magnum Gilt Fund - Regular Plan - Growth,0.4387028165040487
119120,2025-05-29,51.3673,-0.0015045281632509,SBI Magnum Gilt Fund - Regular Plan - Growth,0.6836036207278368
119120,2025-05-30,51.3322,-0.0006833140928178,SBI Magnum Gilt Fund - Regular Plan - Growth,0.5445467279204109
119120,2025-06-02,51.2937,-0.0007500165588071,SBI Magnum Gilt Fund - Regular Plan - Growth,0.7054417687028998
119120,2025-06-03,51.4406,0.0028638994652365,SBI Magnum Gilt Fund - Regular Plan - Growth,0.9845012025578378
119120,2025-06-04,51.4062,-0.0006687324797923,SBI Magnum Gilt Fund - Regular Plan - Growth,0.8029955430621063
119120,2025-06-05,51.6915,0.0055499142126824,SBI Magnum Gilt Fund - Regular Plan - Growth,1.1657890800241022
119120,2025-06-06,51.7624,0.0013715988121838,SBI Magnum Gilt Fund - Regular Plan - Growth,1.4190498909499145
119120,2025-06-09,51.611,-0.0029249030184071,SBI Magnum Gilt Fund - Regular Plan - Growth,1.157499735333929
119120,2025-06-10,51.6091,-3.6813857510975545e-05,SBI Magnum Gilt Fund - Regular Plan - Growth,1.4493321712466174
119120,2025-06-11,51.5391,-0.0013563499460366,SBI Magnum Gilt Fund - Regular Plan - Growth,1.104249452241268
119120,2025-06-12,51.2696,-0.0052290396999559,SBI Magnum Gilt Fund - Regular Plan - Growth,0.6913518740144893
119120,2025-06-13,51.4913,0.0043241999157397,SBI Magnum Gilt Fund - Regular Plan - Growth,0.7765456595374276
119120,2025-06-16,51.5974,0.0020605422663633,SBI Magnum Gilt Fund - Regular Plan - Growth,1.0075537919688748
119120,2025-06-17,51.6815,0.0016299270893493,SBI Magnum Gilt Fund - Regular Plan - Growth,1.206556855430765
119120,2025-06-18,51.7178,0.0007023789944176,SBI Magnum Gilt Fund - Regular Plan - Growth,1.3864209466625335
119120,2025-06-19,51.5528,-0.0031903909292352,SBI Magnum Gilt Fund - Regular Plan - Growth,0.9527540709879637
119120,2025-06-20,51.5047,-0.0009330240064554,SBI Magnum Gilt Fund - Regular Plan - Growth,0.9967624316380146
119120,2025-06-23,51.6288,0.0024094888427657,SBI Magnum Gilt Fund - Regular Plan - Growth,1.0320791457143321
119120,2025-06-24,51.5069,-0.0023610852857319,SBI Magnum Gilt Fund - Regular Plan - Growth,0.9011266360356531
119120,2025-06-25,51.194,-0.0060749142347917,SBI Magnum Gilt Fund - Regular Plan - Growth,0.7856291497422321
119120,2025-06-26,51.1794,-0.0002851896706645,SBI Magnum Gilt Fund - Regular Plan - Growth,0.8502153522465907
119120,2025-06-27,51.1757,-7.22947123257267e-05,SBI Magnum Gilt Fund - Regular Plan - Growth,1.0496817183380907
119120,2025-06-30,51.2078,0.0006272508241216,SBI Magnum Gilt Fund - Regular Plan - Growth,1.0684693851823313
119120,2025-07-01,51.3166,0.002124676318842,SBI Magnum Gilt Fund - Regular Plan - Growth,1.4322462303268155
119120,2025-07-02,51.4138,0.0018941239287091,SBI Magnum Gilt Fund - Regular Plan - Growth,1.3823415203265563
119120,2025-07-03,51.462,0.0009374914906115,SBI Magnum Gilt Fund - Regular Plan - Growth,1.4471318483243298
119120,2025-07-04,51.632,0.0033034083401344,SBI Magnum Gilt Fund - Regular Plan - Growth,1.6894733693930708
119120,2025-07-07,51.4495,-0.0035346296870157,SBI Magnum Gilt Fund - Regular Plan - Growth,1.2718103844309432
119120,2025-07-08,51.5296,0.0015568664418508,SBI Magnum Gilt Fund - Regular Plan - Growth,1.192396294911397
119120,2025-07-09,51.6258,0.0018668881574861,SBI Magnum Gilt Fund - Regular Plan - Growth,1.3084096288695493
119120,2025-07-10,51.4795,-0.0028338543906341,SBI Magnum Gilt Fund - Regular Plan - Growth,1.2156535239051347
119120,2025-07-11,51.2996,-0.0034945949358483,SBI Magnum Gilt Fund - Regular Plan - Growth,1.271719343319358
119120,2025-07-14,51.2179,-0.0015926050105653,SBI Magnum Gilt Fund - Regular Plan - Growth,1.2600695122559584
119120,2025-07-15,51.1472,-0.0013803767823359,SBI Magnum Gilt Fund - Regular Plan - Growth,1.2515320499367066
119120,2025-07-16,51.259,0.0021858479056526,SBI Magnum Gilt Fund - Regular Plan - Growth,1.3655603278904922
119120,2025-07-17,51.1943,-0.0012622173667063,SBI Magnum Gilt Fund - Regular Plan - Growth,1.3141990985596395
119120,2025-07-18,51.0986,-0.0018693487360897,SBI Magnum Gilt Fund - Regular Plan - Growth,1.030990105920038
119120,2025-07-21,51.0345,-0.001254437499266,SBI Magnum Gilt Fund - Regular Plan - Growth,1.0312707737010471
119120,2025-07-22,51.1932,0.0031096611116008,SBI Magnum Gilt Fund - Regular Plan - Growth,1.2364188012609847
119120,2025-07-23,51.2095,0.0003184016627209,SBI Magnum Gilt Fund - Regular Plan - Growth,1.0330177920670465
119120,2025-07-24,51.201,-0.000165984827034,SBI Magnum Gilt Fund - Regular Plan - Growth,0.9385004540680766
119120,2025-07-25,51.2014,7.812347414981602e-06,SBI Magnum Gilt Fund - Regular Plan - Growth,0.9292766254399283
119120,2025-07-28,51.3831,0.0035487310893842,SBI Magnum Gilt Fund - Regular Plan - Growth,1.2652229805224728
119120,2025-07-29,51.3008,-0.0016016939421715,SBI Magnum Gilt Fund - Regular Plan - Growth,1.243005555356593
119120,2025-07-30,51.4859,0.0036081308673547,SBI Magnum Gilt Fund - Regular Plan - Growth,1.6253998543798596
119120,2025-07-31,51.5279,0.0008157573238498,SBI Magnum Gilt Fund - Regular Plan - Growth,1.7631123763238707
119120,2025-08-01,51.5218,-0.0001183824685268,SBI Magnum Gilt Fund - Regular Plan - Growth,1.6030849606935964
119120,2025-08-04,51.8623,0.0066088529515662,SBI Magnum Gilt Fund - Regular Plan - Growth,2.023852292753525
119120,2025-08-05,51.7393,-0.0023716649666519,SBI Magnum Gilt Fund - Regular Plan - Growth,2.083404242212534
119120,2025-08-06,51.708,-0.0006049560005644,SBI Magnum Gilt Fund - Regular Plan - Growth,1.7397136606457166
119120,2025-08-07,51.5624,-0.0028158118666357,SBI Magnum Gilt Fund - Regular Plan - Growth,1.4516526180936338
119120,2025-08-08,51.7011,0.0026899446108017,SBI Magnum Gilt Fund - Regular Plan - Growth,1.8799142425074689
119120,2025-08-11,51.9364,0.0045511604201844,SBI Magnum Gilt Fund - Regular Plan - Growth,2.2269394481711635
119120,2025-08-12,52.1703,0.0045035851541499,SBI Magnum Gilt Fund - Regular Plan - Growth,2.4646069668775272
119120,2025-08-13,52.3464,0.0033754837522499,SBI Magnum Gilt Fund - Regular Plan - Growth,2.399124013279686
119120,2025-08-14,52.3353,-0.0002120489661181,SBI Magnum Gilt Fund - Regular Plan - Growth,2.575381565755507
119120,2025-08-15,52.3021,-0.0006343710650362,SBI Magnum Gilt Fund - Regular Plan - Growth,2.3491827785269583
119120,2025-08-18,52.0972,-0.0039176247225255,SBI Magnum Gilt Fund - Regular Plan - Growth,1.7993736146673815
119120,2025-08-19,52.3801,0.0054302342544321,SBI Magnum Gilt Fund - Regular Plan - Growth,2.222032031151659
119120,2025-08-20,52.457,0.0014681147993227,SBI Magnum Gilt Fund - Regular Plan - Growth,2.3491147698659334
119120,2025-08-21,52.407,-0.0009531616371505,SBI Magnum Gilt Fund - Regular Plan - Growth,2.4537407988835382
119120,2025-08-22,52.5977,0.0036388268742726,SBI Magnum Gilt Fund - Regular Plan - Growth,2.6956768444577603
119120,2025-08-25,52.484,-0.0021616914808062,SBI Magnum Gilt Fund - Regular Plan - Growth,2.5219638157864788
119120,2025-08-26,52.5528,0.00131087569545,SBI Magnum Gilt Fund - Regular Plan - Growth,2.4820457058236842
119120,2025-08-27,52.5449,-0.0001503250064697,SBI Magnum Gilt Fund - Regular Plan - Growth,2.2793530277043743
119120,2025-08-28,52.6446,0.0018974248690166,SBI Magnum Gilt Fund - Regular Plan - Growth,2.52034437789481
119120,2025-08-29,52.6512,0.0001253689837135,SBI Magnum Gilt Fund - Regular Plan - Growth,2.909605468240104
119120,2025-09-01,52.474,-0.0033655453247031,SBI Magnum Gilt Fund - Regular Plan - Growth,2.6264121601660553
119120,2025-09-02,52.499,0.0004764264207037,SBI Magnum Gilt Fund - Regular Plan - Growth,2.589505913359643
119120,2025-09-03,52.653,0.0029333892074134,SBI Magnum Gilt Fund - Regular Plan - Growth,2.7142344309900115
119120,2025-09-04,52.6642,0.0002127134256357,SBI Magnum Gilt Fund - Regular Plan - Growth,2.7676385787982554
119120,2025-09-05,52.7822,0.0022406112691353,SBI Magnum Gilt Fund - Regular Plan - Growth,2.8721673224442243
119120,2025-09-08,52.6584,-0.0023454876833478,SBI Magnum Gilt Fund - Regular Plan - Growth,2.4436325015359164
119120,2025-09-09,52.67,0.000220287741367,SBI Magnum Gilt Fund - Regular Plan - Growth,2.3745082070627155
119120,2025-09-10,52.6022,-0.0012872602999809,SBI Magnum Gilt Fund - Regular Plan - Growth,2.3276986179241157
119120,2025-09-11,52.7163,0.0021691107976471,SBI Magnum Gilt Fund - Regular Plan - Growth,2.5403810284697395
119120,2025-09-12,52.7356,0.0003661106716519,SBI Magnum Gilt Fund - Regular Plan - Growth,2.5758041063443513
119120,2025-09-15,52.8424,0.0020251973998588,SBI Magnum Gilt Fund - Regular Plan - Growth,2.4399492345481386
119120,2025-09-16,53.0026,0.0030316563971357,SBI Magnum Gilt Fund - Regular Plan - Growth,2.64716514038751
119120,2025-09-17,53.1102,0.0020300890899691,SBI Magnum Gilt Fund - Regular Plan - Growth,2.7647191292732405
119120,2025-09-18,53.162,0.0009753305391431,SBI Magnum Gilt Fund - Regular Plan - Growth,2.8996535301315722
119120,2025-09-19,53.0436,-0.0022271547345849,SBI Magnum Gilt Fund - Regular Plan - Growth,2.5354536897405704
119120,2025-09-22,53.0584,0.0002790157530785,SBI Magnum Gilt Fund - Regular Plan - Growth,2.239852543491894
119120,2025-09-23,53.0023,-0.0010573255130196,SBI Magnum Gilt Fund - Regular Plan - Growth,2.064301403750781
119120,2025-09-24,52.9715,-0.0005811068576269,SBI Magnum Gilt Fund - Regular Plan - Growth,1.9873776716182947
119120,2025-09-25,52.9367,-0.0006569570429381,SBI Magnum Gilt Fund - Regular Plan - Growth,1.9131803981733926
119120,2025-09-26,52.8212,-0.0021818511543032,SBI Magnum Gilt Fund - Regular Plan - Growth,2.2201129853748287
119120,2025-09-29,52.5763,-0.004636395992518,SBI Magnum Gilt Fund - Regular Plan - Growth,1.6973373687788393
119120,2025-09-30,52.5029,-0.0013960662884228,SBI Magnum Gilt Fund - Regular Plan - Growth,1.550930217274914
119120,2025-10-01,52.5435,0.0007732906182325,SBI Magnum Gilt Fund - Regular Plan - Growth,1.5105902039011248
119120,2025-10-02,52.3803,-0.0031059978874646,SBI Magnum Gilt Fund - Regular Plan - Growth,1.3875384260995256
119120,2025-10-03,52.3973,0.0003245494966619,SBI Magnum Gilt Fund - Regular Plan - Growth,1.4591761794678852
119120,2025-10-06,52.6638,0.0050861399346913,SBI Magnum Gilt Fund - Regular Plan - Growth,1.832411590271777
119120,2025-10-07,52.8149,0.0028691435103429,SBI Magnum Gilt Fund - Regular Plan - Growth,1.8327299102765602
119120,2025-10-08,53.0492,0.0044362481042281,SBI Magnum Gilt Fund - Regular Plan - Growth,2.154570328698665
119120,2025-10-09,53.1167,0.0012724037308762,SBI Magnum Gilt Fund - Regular Plan - Growth,1.9066813864826921
119120,2025-10-10,53.2884,0.0032325050313743,SBI Magnum Gilt Fund - Regular Plan - Growth,2.0228039497200094
119120,2025-10-13,53.2065,-0.0015369198549779,SBI Magnum Gilt Fund - Regular Plan - Growth,2.131517506450273
119120,2025-10-14,53.1353,-0.0013381823649365,SBI Magnum Gilt Fund - Regular Plan - Growth,2.0365790664743884
119120,2025-10-15,52.7849,-0.0065944861513909,SBI Magnum Gilt Fund - Regular Plan - Growth,1.612937556083807
119120,2025-10-16,52.9581,0.0032812414156322,SBI Magnum Gilt Fund - Regular Plan - Growth,2.2196176550963482
119120,2025-10-17,53.1792,0.0041749987254073,SBI Magnum Gilt Fund - Regular Plan - Growth,2.2116271632345574
119120,2025-10-20,53.1203,-0.0011075758943346,SBI Magnum Gilt Fund - Regular Plan - Growth,1.9978315669523137
119120,2025-10-21,53.1015,-0.0003539136638911,SBI Magnum Gilt Fund - Regular Plan - Growth,1.8649785603151177
119120,2025-10-22,53.0159,-0.0016120071937704,SBI Magnum Gilt Fund - Regular Plan - Growth,1.7025864206879273
119120,2025-10-23,53.0822,0.0012505682257586,SBI Magnum Gilt Fund - Regular Plan - Growth,2.02300920486909
119120,2025-10-24,53.2481,0.0031253414515599,SBI Magnum Gilt Fund - Regular Plan - Growth,2.2892838944743366
119120,2025-10-27,53.0299,-0.0040977987946988,SBI Magnum Gilt Fund - Regular Plan - Growth,1.8224844982754154
119120,2025-10-28,53.0998,0.001318124303459,SBI Magnum Gilt Fund - Regular Plan - Growth,2.080617257645735
119120,2025-10-29,53.078,-0.0004105476856786,SBI Magnum Gilt Fund - Regular Plan - Growth,2.551530700820555
119120,2025-10-30,53.1083,0.0005708579825915,SBI Magnum Gilt Fund - Regular Plan - Growth,2.6125453118346416
119120,2025-10-31,53.1849,0.001442335755428,SBI Magnum Gilt Fund - Regular Plan - Growth,2.7167598455133333
119120,2025-11-03,53.1749,-0.0001880232923253,SBI Magnum Gilt Fund - Regular Plan - Growth,2.658880770457489
119120,2025-11-04,53.1762,2.4447624725310035e-05,SBI Magnum Gilt Fund - Regular Plan - Growth,2.5180918549300966
119120,2025-11-05,53.1628,-0.0002519924327049,SBI Magnum Gilt Fund - Regular Plan - Growth,2.3714290092143298
119120,2025-11-06,53.3081,0.0027331141324384,SBI Magnum Gilt Fund - Regular Plan - Growth,2.4861137687947044
119120,2025-11-07,53.3797,0.0013431354709696,SBI Magnum Gilt Fund - Regular Plan - Growth,2.364913033918005
119120,2025-11-10,53.4246,0.000841143730669,SBI Magnum Gilt Fund - Regular Plan - Growth,2.7104616119453806
119120,2025-11-11,53.269,-0.0029125159570684,SBI Magnum Gilt Fund - Regular Plan - Growth,2.370364915560849
119120,2025-11-12,53.2334,-0.0006683061442864,SBI Magnum Gilt Fund - Regular Plan - Growth,2.1933075536891207
119120,2025-11-13,53.3694,0.0025547870322015,SBI Magnum Gilt Fund - Regular Plan - Growth,2.588261054744856
119120,2025-11-14,53.3897,0.0003803677762912,SBI Magnum Gilt Fund - Regular Plan - Growth,2.9054914824192903
119120,2025-11-17,53.4938,0.0019498142900222,SBI Magnum Gilt Fund - Regular Plan - Growth,3.1675637417985687
119120,2025-11-18,53.7478,0.0047482138116941,SBI Magnum Gilt Fund - Regular Plan - Growth,3.5634784277458182
119120,2025-11-19,53.904,0.0029061654616562,SBI Magnum Gilt Fund - Regular Plan - Growth,3.6054356107356003
119120,2025-11-20,53.9321,0.0005212971208072,SBI Magnum Gilt Fund - Regular Plan - Growth,3.744076373781534
119120,2025-11-21,53.8781,-0.0010012589904712,SBI Magnum Gilt Fund - Regular Plan - Growth,3.8185095852556623
119120,2025-11-24,53.5478,-0.0061305057156804,SBI Magnum Gilt Fund - Regular Plan - Growth,3.342412800443694
119120,2025-11-25,53.5404,-0.0001381942862266,SBI Magnum Gilt Fund - Regular Plan - Growth,3.1350179795977136
119120,2025-11-26,53.5117,-0.000536043809908,SBI Magnum Gilt Fund - Regular Plan - Growth,3.072890131920543
119120,2025-11-27,53.5797,0.0012707501350173,SBI Magnum Gilt Fund - Regular Plan - Growth,3.172193868411609
119120,2025-11-28,53.5742,-0.0001026508173805,SBI Magnum Gilt Fund - Regular Plan - Growth,3.164190720079494
119120,2025-12-01,53.5463,-0.0005207730586737,SBI Magnum Gilt Fund - Regular Plan - Growth,2.9030416306623525
119120,2025-12-02,53.3219,-0.0041907657485205,SBI Magnum Gilt Fund - Regular Plan - Growth,2.6814085750444603
119120,2025-12-03,53.211,-0.0020798208615971,SBI Magnum Gilt Fund - Regular Plan - Growth,2.2978872414960487
119120,2025-12-04,53.2902,0.0014884140497266,SBI Magnum Gilt Fund - Regular Plan - Growth,2.3422544660580162
119120,2025-12-05,53.5364,0.0046199864140124,SBI Magnum Gilt Fund - Regular Plan - Growth,2.6300528802726864
119120,2025-12-08,53.5385,3.922564834391018e-05,SBI Magnum Gilt Fund - Regular Plan - Growth,2.2569989952113616
119120,2025-12-09,53.5981,0.0011132175910792,SBI Magnum Gilt Fund - Regular Plan - Growth,2.5178711179065894
119120,2025-12-10,53.7422,0.0026885281381241,SBI Magnum Gilt Fund - Regular Plan - Growth,2.7407071876942433
119120,2025-12-11,53.6478,-0.0017565339714414,SBI Magnum Gilt Fund - Regular Plan - Growth,2.830089345651119
119120,2025-12-12,53.7128,0.0012116060677231,SBI Magnum Gilt Fund - Regular Plan - Growth,2.736458647110561
119120,2025-12-15,53.628,-0.0015787670722807,SBI Magnum Gilt Fund - Regular Plan - Growth,2.3289542753649277
119120,2025-12-16,53.7603,0.0024669948534348,SBI Magnum Gilt Fund - Regular Plan - Growth,2.2088386065401155
119120,2025-12-17,53.7962,0.0006677790116498,SBI Magnum Gilt Fund - Regular Plan - Growth,2.0293923650213235
119120,2025-12-18,53.8521,0.0010391068514132,SBI Magnum Gilt Fund - Regular Plan - Growth,2.1209368361945624
119120,2025-12-19,53.7613,-0.0016860995207244,SBI Magnum Gilt Fund - Regular Plan - Growth,2.037399234056495
119120,2025-12-22,53.8726,0.0020702624378503,SBI Magnum Gilt Fund - Regular Plan - Growth,2.5138568878329073
119120,2025-12-23,54.1718,0.0055538436979094,SBI Magnum Gilt Fund - Regular Plan - Growth,2.5198714723301263
119120,2025-12-24,54.0498,-0.0022520942630667,SBI Magnum Gilt Fund - Regular Plan - Growth,2.2309026728739005
119120,2025-12-25,54.019,-0.0005698448467894,SBI Magnum Gilt Fund - Regular Plan - Growth,2.2611280331664068
119120,2025-12-26,54.066,0.0008700642366574,SBI Magnum Gilt Fund - Regular Plan - Growth,2.0783133882857787
119120,2025-12-29,54.1887,0.0022694484518921,SBI Magnum Gilt Fund - Regular Plan - Growth,2.4158165134329783
119120,2025-12-30,54.1278,-0.0011238505444861,SBI Magnum Gilt Fund - Regular Plan - Growth,2.2304752953842892
119120,2025-12-31,53.7582,-0.0068282841719042,SBI Magnum Gilt Fund - Regular Plan - Growth,1.648036438832605
119120,2026-01-01,53.958,0.0037166422982912,SBI Magnum Gilt Fund - Regular Plan - Growth,1.7628989939019952
119120,2026-01-02,54.077,0.0022054190296156,SBI Magnum Gilt Fund - Regular Plan - Growth,1.9037670940912543
119120,2026-01-05,53.8554,-0.0040978604582353,SBI Magnum Gilt Fund - Regular Plan - Growth,1.8424067257660253
119120,2026-01-06,53.7884,-0.0012440720893355,SBI Magnum Gilt Fund - Regular Plan - Growth,1.7182485542583634
119120,2026-01-07,54.0167,0.0042444095752987,SBI Magnum Gilt Fund - Regular Plan - Growth,1.7962742572564319
119120,2026-01-08,54.2297,0.0039432249656126,SBI Magnum Gilt Fund - Regular Plan - Growth,2.032147261701281
119120,2026-01-09,54.3736,0.0026535274950811,SBI Magnum Gilt Fund - Regular Plan - Growth,2.057444269656672
119120,2026-01-12,54.365,-0.0001581649918342,SBI Magnum Gilt Fund - Regular Plan - Growth,2.2206484002389084
119120,2026-01-13,54.3919,0.0004948036420491,SBI Magnum Gilt Fund - Regular Plan - Growth,2.239586927399173
119120,2026-01-14,54.3895,-4.412421702504332e-05,SBI Magnum Gilt Fund - Regular Plan - Growth,2.3304921328154435
119120,2026-01-15,54.5599,0.0031329576480754,SBI Magnum Gilt Fund - Regular Plan - Growth,2.388120893167738
119120,2026-01-16,54.4552,-0.0019189917870083,SBI Magnum Gilt Fund - Regular Plan - Growth,2.220765987878712
119120,2026-01-19,54.3603,-0.0017427169489782,SBI Magnum Gilt Fund - Regular Plan - Growth,1.9599312171827776
119120,2026-01-20,54.5144,0.0028347893591462,SBI Magnum Gilt Fund - Regular Plan - Growth,1.9481497769131946
119120,2026-01-21,54.5239,0.000174265882042,SBI Magnum Gilt Fund - Regular Plan - Growth,1.8255348939243305
119120,2026-01-22,54.7293,0.0037671553208777,SBI Magnum Gilt Fund - Regular Plan - Growth,1.9978682001037025
119120,2026-01-23,54.6523,-0.0014069246272107,SBI Magnum Gilt Fund - Regular Plan - Growth,2.0597618724926963
119120,2026-01-26,54.6604,0.0001482096819347,SBI Magnum Gilt Fund - Regular Plan - Growth,2.0507796697894296
119120,2026-01-27,54.5491,-0.0020362090288399,SBI Magnum Gilt Fund - Regular Plan - Growth,1.9778738906401137
119120,2026-01-28,54.5657,0.0003043129950814,SBI Magnum Gilt Fund - Regular Plan - Growth,2.0395254196568002
119120,2026-01-29,54.3783,-0.0034343919348601,SBI Magnum Gilt Fund - Regular Plan - Growth,1.8304167000843696
119120,2026-01-30,54.3271,-0.0009415520529328,SBI Magnum Gilt Fund - Regular Plan - Growth,1.9212671133802561
119120,2026-02-02,54.1463,-0.0033279891619468,SBI Magnum Gilt Fund - Regular Plan - Growth,2.0286778318867342
119120,2026-02-03,54.2565,0.0020352267837322,SBI Magnum Gilt Fund - Regular Plan - Growth,2.2632356641880516
119120,2026-02-04,54.3701,0.0020937583515339,SBI Magnum Gilt Fund - Regular Plan - Growth,2.34785510738673
119120,2026-02-05,54.1491,-0.0040647341093726,SBI Magnum Gilt Fund - Regular Plan - Growth,2.268180448392786
119120,2026-02-06,54.3469,0.0036528769637906,SBI Magnum Gilt Fund - Regular Plan - Growth,2.471758116871563
119120,2026-02-09,54.7056,0.0066001924672796,SBI Magnum Gilt Fund - Regular Plan - Growth,2.5396426116567707
119120,2026-02-10,54.7276,0.0004021526132609,SBI Magnum Gilt Fund - Regular Plan - Growth,2.3877533754808646
119120,2026-02-11,54.6549,-0.0013283973717101,SBI Magnum Gilt Fund - Regular Plan - Growth,2.026569989742939
119120,2026-02-12,55.0609,0.0074284281921657,SBI Magnum Gilt Fund - Regular Plan - Growth,2.3483958024905283
119120,2026-02-13,54.8939,-0.0030330052723438,SBI Magnum Gilt Fund - Regular Plan - Growth,1.9379718529935193
119120,2026-02-16,54.9124,0.0003370137665568,SBI Magnum Gilt Fund - Regular Plan - Growth,2.0644462805051225
119120,2026-02-17,54.953,0.0007393594160882,SBI Magnum Gilt Fund - Regular Plan - Growth,2.203533254671423
119120,2026-02-18,55.1553,0.0036813276800173,SBI Magnum Gilt Fund - Regular Plan - Growth,2.9587471585028657
119120,2026-02-19,55.2211,0.0011929950521527,SBI Magnum Gilt Fund - Regular Plan - Growth,2.8359648999935936
119120,2026-02-20,55.1675,-0.0009706434678049,SBI Magnum Gilt Fund - Regular Plan - Growth,2.5145299252532025
119120,2026-02-23,55.0512,-0.0021081252549054,SBI Magnum Gilt Fund - Regular Plan - Growth,2.4383837848965504
119120,2026-02-24,55.0195,-0.0005758275932222,SBI Magnum Gilt Fund - Regular Plan - Growth,2.4225898228852247
119120,2026-02-25,54.8957,-0.0022501113241669,SBI Magnum Gilt Fund - Regular Plan - Growth,2.3735791895940683
119120,2026-02-26,54.9181,0.0004080465318778,SBI Magnum Gilt Fund - Regular Plan - Growth,2.3181180132418167
119120,2026-02-27,54.8557,-0.0011362374153512,SBI Magnum Gilt Fund - Regular Plan - Growth,2.0393439223700796
119120,2026-03-02,54.6652,-0.0034727475904965,SBI Magnum Gilt Fund - Regular Plan - Growth,2.090745006212813
119120,2026-03-03,54.854,0.0034537511982029,SBI Magnum Gilt Fund - Regular Plan - Growth,2.220190972924372
119120,2026-03-04,54.8009,-0.0009680242097203,SBI Magnum Gilt Fund - Regular Plan - Growth,2.1803565791111867
119120,2026-03-05,54.6417,-0.0029050617781823,SBI Magnum Gilt Fund - Regular Plan - Growth,1.928780504929911
119120,2026-03-06,54.6342,-0.0001372578085967,SBI Magnum Gilt Fund - Regular Plan - Growth,1.8245047571483455
119120,2026-03-09,54.6592,0.0004575888362967,SBI Magnum Gilt Fund - Regular Plan - Growth,1.8681506311082632
119120,2026-03-10,54.4347,-0.0041072683098178,SBI Magnum Gilt Fund - Regular Plan - Growth,1.5666164504260531
119120,2026-03-11,54.4958,0.0011224457928491,SBI Magnum Gilt Fund - Regular Plan - Growth,1.6568383245275726
119120,2026-03-12,54.3677,-0.0023506398658246,SBI Magnum Gilt Fund - Regular Plan - Growth,1.3204405385822033
119120,2026-03-13,54.6183,0.0046093544512642,SBI Magnum Gilt Fund - Regular Plan - Growth,1.5149058196812382
119120,2026-03-16,54.706,0.0016056889357596,SBI Magnum Gilt Fund - Regular Plan - Growth,1.562926882562884
119120,2026-03-17,54.6666,-0.0007202135049172,SBI Magnum Gilt Fund - Regular Plan - Growth,1.717597129926491
119120,2026-03-18,54.5796,-0.0015914653554456,SBI Magnum Gilt Fund - Regular Plan - Growth,1.6537883698947082
119120,2026-03-19,54.5808,2.1986236615978427e-05,SBI Magnum Gilt Fund - Regular Plan - Growth,1.4942125859465747
119120,2026-03-20,54.6807,0.001830313956556,SBI Magnum Gilt Fund - Regular Plan - Growth,1.5863484549246298
119120,2026-03-23,54.6928,0.0002212846580236,SBI Magnum Gilt Fund - Regular Plan - Growth,1.4763981704450517
119120,2026-03-24,54.6785,-0.0002614603750401,SBI Magnum Gilt Fund - Regular Plan - Growth,1.1660555305607792
119120,2026-03-25,54.7022,0.0004334427608656,SBI Magnum Gilt Fund - Regular Plan - Growth,1.0070877069882715
119120,2026-03-26,54.6346,-0.0012357821074837,SBI Magnum Gilt Fund - Regular Plan - Growth,0.8878762225601528
119120,2026-03-27,54.603,-0.0005783880544563,SBI Magnum Gilt Fund - Regular Plan - Growth,0.9168018640805008
119120,2026-03-30,54.3323,-0.0049576030621029,SBI Magnum Gilt Fund - Regular Plan - Growth,1.0064334264738064
119120,2026-03-31,54.4813,0.0027423834441022,SBI Magnum Gilt Fund - Regular Plan - Growth,1.1953164784824926
119120,2026-04-01,54.538,0.0010407240649543,SBI Magnum Gilt Fund - Regular Plan - Growth,1.3014792645933844
119120,2026-04-02,54.4473,-0.0016630606182844,SBI Magnum Gilt Fund - Regular Plan - Growth,1.1015890249014662
119120,2026-04-03,54.7241,0.0050838149917442,SBI Magnum Gilt Fund - Regular Plan - Growth,1.423338757731689
119120,2026-04-06,54.7517,0.0005043481756665,SBI Magnum Gilt Fund - Regular Plan - Growth,1.4916361425913436
119120,2026-04-07,54.6246,-0.0023213891075527,SBI Magnum Gilt Fund - Regular Plan - Growth,1.6321184552291237
119120,2026-04-08,54.7583,0.0024476151770447,SBI Magnum Gilt Fund - Regular Plan - Growth,1.93592135011622
119120,2026-04-09,54.8289,0.0012893022610269,SBI Magnum Gilt Fund - Regular Plan - Growth,1.9232788782297487
119120,2026-04-10,54.8991,0.0012803466784852,SBI Magnum Gilt Fund - Regular Plan - Growth,1.7248859868495237
119120,2026-04-13,54.8559,-0.0007868981458711,SBI Magnum Gilt Fund - Regular Plan - Growth,1.6673819925169684
119120,2026-04-14,54.9339,0.0014219072150853,SBI Magnum Gilt Fund - Regular Plan - Growth,1.6874369026238767
119120,2026-04-15,54.9134,-0.0003731757621432,SBI Magnum Gilt Fund - Regular Plan - Growth,1.486917024387037
119120,2026-04-16,55.0061,0.0016881125554053,SBI Magnum Gilt Fund - Regular Plan - Growth,1.7241586758645209
119120,2026-04-17,54.7583,-0.0045049549050015,SBI Magnum Gilt Fund - Regular Plan - Growth,1.311049770854381
119120,2026-04-20,54.7141,-0.0008071835685182,SBI Magnum Gilt Fund - Regular Plan - Growth,1.3651044387328026
119120,2026-04-21,54.9677,0.0046350026775547,SBI Magnum Gilt Fund - Regular Plan - Growth,1.4931542112767842
119120,2026-04-22,54.8773,-0.0016446021936519,SBI Magnum Gilt Fund - Regular Plan - Growth,1.336337063483962
119120,2026-04-23,54.8095,-0.0012354835241529,SBI Magnum Gilt Fund - Regular Plan - Growth,1.1846602482022155
119120,2026-04-24,54.7633,-0.0008429195668634,SBI Magnum Gilt Fund - Regular Plan - Growth,1.2427609738877547
119120,2026-04-27,54.6115,-0.0027719293760603,SBI Magnum Gilt Fund - Regular Plan - Growth,0.9186674017547102
119120,2026-04-28,54.324,-0.0052644589509536,SBI Magnum Gilt Fund - Regular Plan - Growth,0.2060117610881924
119120,2026-04-29,54.308,-0.0002945291215669,SBI Magnum Gilt Fund - Regular Plan - Growth,0.3364744347285006
119120,2026-04-30,54.3421,0.0006279001252118,SBI Magnum Gilt Fund - Regular Plan - Growth,0.41581120411776723
119120,2026-05-01,54.3504,0.0001527360922746,SBI Magnum Gilt Fund - Regular Plan - Growth,0.368496124031683
119120,2026-05-04,54.3461,-7.911625305423442e-05,SBI Magnum Gilt Fund - Regular Plan - Growth,0.21372903220656708
119120,2026-05-05,54.3676,0.0003956125646551,SBI Magnum Gilt Fund - Regular Plan - Growth,0.31510628762944165
119120,2026-05-06,54.5234,0.0028656773519522,SBI Magnum Gilt Fund - Regular Plan - Growth,0.9932462738763509
119120,2026-05-07,54.5129,-0.0001925778656503,SBI Magnum Gilt Fund - Regular Plan - Growth,0.7321034274051091
119120,2026-05-08,54.4496,-0.0011611930387119,SBI Magnum Gilt Fund - Regular Plan - Growth,0.4990082968267598
119120,2026-05-11,54.4266,-0.0004224089800475,SBI Magnum Gilt Fund - Regular Plan - Growth,0.7672859911992294
119120,2026-05-12,54.5217,0.0017473073827871,SBI Magnum Gilt Fund - Regular Plan - Growth,0.9786820496440155
119120,2026-05-13,54.7317,0.0038516774055099,SBI Magnum Gilt Fund - Regular Plan - Growth,0.9535130858718965
119120,2026-05-14,54.6607,-0.0012972372500762,SBI Magnum Gilt Fund - Regular Plan - Growth,0.588102194350312
119120,2026-05-15,54.69,0.0005360341159186,SBI Magnum Gilt Fund - Regular Plan - Growth,0.43858185974483377
119120,2026-05-18,54.7523,0.0011391479246662,SBI Magnum Gilt Fund - Regular Plan - Growth,0.5318221894015354
119120,2026-05-19,54.6311,-0.0022136056384844,SBI Magnum Gilt Fund - Regular Plan - Growth,0.33465539973604863
119120,2026-05-20,54.6495,0.0003368044941434,SBI Magnum Gilt Fund - Regular Plan - Growth,0.36201154090800103
119120,2026-05-21,54.4636,-0.0034016779659467,SBI Magnum Gilt Fund - Regular Plan - Growth,-0.10744475104769362
119120,2026-05-22,54.2369,-0.0041624130612005,SBI Magnum Gilt Fund - Regular Plan - Growth,-0.26507423407461606
119120,2026-05-25,54.3025,0.0012095086555463,SBI Magnum Gilt Fund - Regular Plan - Growth,-0.05597168661161473
119120,2026-05-26,54.2655,-0.0006813682611297,SBI Magnum Gilt Fund - Regular Plan - Growth,-0.3076059078105322
119120,2026-05-27,54.3087,0.0007960859109379,SBI Magnum Gilt Fund - Regular Plan - Growth,-0.26301630485300964
119120,2026-05-28,54.3218,0.0002412136545342,SBI Magnum Gilt Fund - Regular Plan - Growth,-0.5218409356630099
119120,2026-05-29,54.2038,-0.0021722402424073,SBI Magnum Gilt Fund - Regular Plan - Growth,-0.575818186207226
100016,2022-01-03,520.4608,,HDFC Top 100 Fund - Regular Plan - Growth,
100016,2022-01-04,515.0971,-0.0103056752785224,HDFC Top 100 Fund - Regular Plan - Growth,
100016,2022-01-05,521.7239,0.0128651471732224,HDFC Top 100 Fund - Regular Plan - Growth,
100016,2022-01-06,515.788,-0.011377473794089,HDFC Top 100 Fund - Regular Plan - Growth,
100016,2022-01-07,515.1639,-0.0012099932530419,HDFC Top 100 Fund - Regular Plan - Growth,
100016,2022-01-10,510.7136,-0.0086386099647122,HDFC Top 100 Fund - Regular Plan - Growth,
100016,2022-01-11,513.5542,0.0055620214539029,HDFC Top 100 Fund - Regular Plan - Growth,
100016,2022-01-12,512.3195,-0.0024042252989072,HDFC Top 100 Fund - Regular Plan - Growth,
100016,2022-01-13,510.2445,-0.0040502069509357,HDFC Top 100 Fund - Regular Plan - Growth,
100016,2022-01-14,514.3636,0.0080727964730633,HDFC Top 100 Fund - Regular Plan - Growth,
100016,2022-01-17,514.7627,0.0007759102704778,HDFC Top 100 Fund - Regular Plan - Growth,
100016,2022-01-18,517.3803,0.0050850615244655,HDFC Top 100 Fund - Regular Plan - Growth,
100016,2022-01-19,513.1866,-0.0081056429864068,HDFC Top 100 Fund - Regular Plan - Growth,
100016,2022-01-20,507.1294,-0.0118031141109297,HDFC Top 100 Fund - Regular Plan - Growth,
100016,2022-01-21,507.871,0.0014623486628857,HDFC Top 100 Fund - Regular Plan - Growth,
100016,2022-01-24,506.7062,-0.0022934957892849,HDFC Top 100 Fund - Regular Plan - Growth,
100016,2022-01-25,509.7762,0.006058737785328,HDFC Top 100 Fund - Regular Plan - Growth,
100016,2022-01-26,509.68,-0.0001887102614833,HDFC Top 100 Fund - Regular Plan - Growth,
100016,2022-01-27,510.8661,0.0023271464448282,HDFC Top 100 Fund - Regular Plan - Growth,
100016,2022-01-28,503.8641,-0.0137061355216171,HDFC Top 100 Fund - Regular Plan - Growth,
100016,2022-01-31,512.5903,0.0173185587145421,HDFC Top 100 Fund - Regular Plan - Growth,
100016,2022-02-01,512.1124,-0.0009323235340191,HDFC Top 100 Fund - Regular Plan - Growth,
100016,2022-02-02,515.5386,0.0066903281389008,HDFC Top 100 Fund - Regular Plan - Growth,
100016,2022-02-03,512.0153,-0.0068342118320527,HDFC Top 100 Fund - Regular Plan - Growth,
100016,2022-02-04,513.6729,0.0032374032572854,HDFC Top 100 Fund - Regular Plan - Growth,
100016,2022-02-07,508.0666,-0.0109141440009781,HDFC Top 100 Fund - Regular Plan - Growth,
100016,2022-02-08,510.3595,0.0045129910133829,HDFC Top 100 Fund - Regular Plan - Growth,
100016,2022-02-09,509.0223,-0.0026201138609157,HDFC Top 100 Fund - Regular Plan - Growth,
100016,2022-02-10,509.4161,0.0007736399760875,HDFC Top 100 Fund - Regular Plan - Growth,
100016,2022-02-11,512.826,0.0066937421098391,HDFC Top 100 Fund - Regular Plan - Growth,
100016,2022-02-14,507.5435,-0.0103007647818168,HDFC Top 100 Fund - Regular Plan - Growth,
100016,2022-02-15,504.7492,-0.005505537948964,HDFC Top 100 Fund - Regular Plan - Growth,
100016,2022-02-16,507.0506,0.0045594921200469,HDFC Top 100 Fund - Regular Plan - Growth,
100016,2022-02-17,516.7872,0.0192024227956737,HDFC Top 100 Fund - Regular Plan - Growth,
100016,2022-02-18,516.4246,-0.0007016427651457,HDFC Top 100 Fund - Regular Plan - Growth,
100016,2022-02-21,519.3918,0.0057456596761655,HDFC Top 100 Fund - Regular Plan - Growth,
100016,2022-02-22,519.1698,-0.0004274229974365,HDFC Top 100 Fund - Regular Plan - Growth,
100016,2022-02-23,528.4118,0.0178014976988261,HDFC Top 100 Fund - Regular Plan - Growth,
100016,2022-02-24,520.6004,-0.0147827887265196,HDFC Top 100 Fund - Regular Plan - Growth,
100016,2022-02-25,521.3038,0.0013511322695871,HDFC Top 100 Fund - Regular Plan - Growth,
100016,2022-02-28,514.1489,-0.0137250102531383,HDFC Top 100 Fund - Regular Plan - Growth,
100016,2022-03-01,503.1674,-0.0213585986472013,HDFC Top 100 Fund - Regular Plan - Growth,
100016,2022-03-02,504.7495,0.0031442816048894,HDFC Top 100 Fund - Regular Plan - Growth,
100016,2022-03-03,505.6316,0.0017475995518567,HDFC Top 100 Fund - Regular Plan - Growth,
100016,2022-03-04,504.6233,-0.0019941396067809,HDFC Top 100 Fund - Regular Plan - Growth,
100016,2022-03-07,504.411,-0.0004207098641698,HDFC Top 100 Fund - Regular Plan - Growth,
100016,2022-03-08,518.6513,0.0282315413422784,HDFC Top 100 Fund - Regular Plan - Growth,
100016,2022-03-09,517.7387,-0.0017595636991558,HDFC Top 100 Fund - Regular Plan - Growth,
100016,2022-03-10,520.3416,0.00502743951727,HDFC Top 100 Fund - Regular Plan - Growth,
100016,2022-03-11,517.6372,-0.0051973549683514,HDFC Top 100 Fund - Regular Plan - Growth,
100016,2022-03-14,519.2545,0.003124389050864,HDFC Top 100 Fund - Regular Plan - Growth,
100016,2022-03-15,518.432,-0.0015840016793305,HDFC Top 100 Fund - Regular Plan - Growth,
100016,2022-03-16,516.825,-0.0030997314980556,HDFC Top 100 Fund - Regular Plan - Growth,
100016,2022-03-17,525.4534,0.0166950128186522,HDFC Top 100 Fund - Regular Plan - Growth,
100016,2022-03-18,531.2109,0.010957203816742,HDFC Top 100 Fund - Regular Plan - Growth,
100016,2022-03-21,532.1264,0.0017234209614296,HDFC Top 100 Fund - Regular Plan - Growth,
100016,2022-03-22,521.6911,-0.0196105662113362,HDFC Top 100 Fund - Regular Plan - Growth,
100016,2022-03-23,520.3011,-0.0026644119479898,HDFC Top 100 Fund - Regular Plan - Growth,
100016,2022-03-24,533.1283,0.0246534170310228,HDFC Top 100 Fund - Regular Plan - Growth,
100016,2022-03-25,532.3194,-0.0015172707957915,HDFC Top 100 Fund - Regular Plan - Growth,
100016,2022-03-28,537.8012,0.0102979526953179,HDFC Top 100 Fund - Regular Plan - Growth,
100016,2022-03-29,544.965,0.0133205355436172,HDFC Top 100 Fund - Regular Plan - Growth,
100016,2022-03-30,546.3002,0.002450065600543,HDFC Top 100 Fund - Regular Plan - Growth,
100016,2022-03-31,542.5392,-0.0068844931779266,HDFC Top 100 Fund - Regular Plan - Growth,
100016,2022-04-01,531.285,-0.0207435702341878,HDFC Top 100 Fund - Regular Plan - Growth,
100016,2022-04-04,534.7762,0.0065712376596367,HDFC Top 100 Fund - Regular Plan - Growth,
100016,2022-04-05,531.2213,-0.0066474536450948,HDFC Top 100 Fund - Regular Plan - Growth,
100016,2022-04-06,532.3217,0.0020714530836769,HDFC Top 100 Fund - Regular Plan - Growth,
100016,2022-04-07,526.7582,-0.0104513868211646,HDFC Top 100 Fund - Regular Plan - Growth,
100016,2022-04-08,525.7986,-0.0018217087080941,HDFC Top 100 Fund - Regular Plan - Growth,
100016,2022-04-11,526.2264,0.000813619511349,HDFC Top 100 Fund - Regular Plan - Growth,
100016,2022-04-12,527.7466,0.0028888706457903,HDFC Top 100 Fund - Regular Plan - Growth,
100016,2022-04-13,522.8529,-0.0092728214639373,HDFC Top 100 Fund - Regular Plan - Growth,
100016,2022-04-14,528.6739,0.0111331504520679,HDFC Top 100 Fund - Regular Plan - Growth,
100016,2022-04-15,526.1696,-0.0047369465373646,HDFC Top 100 Fund - Regular Plan - Growth,
100016,2022-04-18,518.7241,-0.0141503804096624,HDFC Top 100 Fund - Regular Plan - Growth,
100016,2022-04-19,518.493,-0.0004455162195085,HDFC Top 100 Fund - Regular Plan - Growth,
100016,2022-04-20,518.9178,0.0008192974639966,HDFC Top 100 Fund - Regular Plan - Growth,
100016,2022-04-21,519.9214,0.0019340250035746,HDFC Top 100 Fund - Regular Plan - Growth,
100016,2022-04-22,526.4763,0.0126074825925612,HDFC Top 100 Fund - Regular Plan - Growth,
100016,2022-04-25,525.6507,-0.0015681617577087,HDFC Top 100 Fund - Regular Plan - Growth,
100016,2022-04-26,525.3674,-0.0005389510562814,HDFC Top 100 Fund - Regular Plan - Growth,
100016,2022-04-27,520.5493,-0.0091709154393667,HDFC Top 100 Fund - Regular Plan - Growth,
100016,2022-04-28,524.6005,0.007782548165947,HDFC Top 100 Fund - Regular Plan - Growth,
100016,2022-04-29,525.7251,0.0021437265118886,HDFC Top 100 Fund - Regular Plan - Growth,
100016,2022-05-02,524.0515,-0.0031834127759925,HDFC Top 100 Fund - Regular Plan - Growth,
100016,2022-05-03,515.5881,-0.0161499394620566,HDFC Top 100 Fund - Regular Plan - Growth,
100016,2022-05-04,522.4674,0.0133426275742205,HDFC Top 100 Fund - Regular Plan - Growth,
100016,2022-05-05,517.1078,-0.0102582476916263,HDFC Top 100 Fund - Regular Plan - Growth,
100016,2022-05-06,514.6837,-0.0046878039743356,HDFC Top 100 Fund - Regular Plan - Growth,
100016,2022-05-09,516.5793,0.0036830387284461,HDFC Top 100 Fund - Regular Plan - Growth,-0.06478670008912955
100016,2022-05-10,511.4204,-0.0099866564533267,HDFC Top 100 Fund - Regular Plan - Growth,-0.05888034861668132
100016,2022-05-11,504.9889,-0.0125757595903487,HDFC Top 100 Fund - Regular Plan - Growth,-0.5325205541313971
100016,2022-05-12,495.8735,-0.0180506937875268,HDFC Top 100 Fund - Regular Plan - Growth,-0.6490053425695433
100016,2022-05-13,499.2941,0.0068981302691111,HDFC Top 100 Fund - Regular Plan - Growth,-0.49827829942567936
100016,2022-05-16,497.1556,-0.0042830468054799,HDFC Top 100 Fund - Regular Plan - Growth,-0.41978241612952183
100016,2022-05-17,510.4206,0.0266817873518874,HDFC Top 100 Fund - Regular Plan - Growth,-0.029987705130696915
100016,2022-05-18,506.2251,-0.0082196917600896,HDFC Top 100 Fund - Regular Plan - Growth,-0.13229821137980866
100016,2022-05-19,502.3871,-0.0075816074706687,HDFC Top 100 Fund - Regular Plan - Growth,-0.194050056888502
100016,2022-05-20,500.1462,-0.0044605046586585,HDFC Top 100 Fund - Regular Plan - Growth,-0.4154329314203222
100016,2022-05-23,501.4785,0.0026638210987106,HDFC Top 100 Fund - Regular Plan - Growth,-0.3820082778583411
100016,2022-05-24,499.6609,-0.0036244824055268,HDFC Top 100 Fund - Regular Plan - Growth,-0.5359412486385601
100016,2022-05-25,502.6257,0.0059336241839214,HDFC Top 100 Fund - Regular Plan - Growth,-0.28880034748509187
100016,2022-05-26,498.5637,-0.0080815604932259,HDFC Top 100 Fund - Regular Plan - Growth,-0.22402215304949605
100016,2022-05-27,492.78,-0.0116007242404531,HDFC Top 100 Fund - Regular Plan - Growth,-0.4523351906173505
100016,2022-05-30,485.277,-0.0152258614391818,HDFC Top 100 Fund - Regular Plan - Growth,-0.6718256658079663
100016,2022-05-31,476.0989,-0.0189131156020169,HDFC Top 100 Fund - Regular Plan - Growth,-1.0888180269706496
100016,2022-06-01,474.1732,-0.0040447478454581,HDFC Top 100 Fund - Regular Plan - Growth,-1.154173236318414
100016,2022-06-02,473.1602,-0.0021363501775301,HDFC Top 100 Fund - Regular Plan - Growth,-1.2310430630774847
100016,2022-06-03,470.7754,-0.0050401534194972,HDFC Top 100 Fund - Regular Plan - Growth,-1.091380736568116
100016,2022-06-06,476.2119,0.0115479695837972,HDFC Top 100 Fund - Regular Plan - Growth,-1.2023051994385596
100016,2022-06-07,481.6458,0.0114106766336581,HDFC Top 100 Fund - Regular Plan - Growth,-0.9794900848766548
100016,2022-06-08,480.4735,-0.0024339462733817,HDFC Top 100 Fund - Regular Plan - Growth,-1.1403048574996608
100016,2022-06-09,473.1759,-0.0151883506582568,HDFC Top 100 Fund - Regular Plan - Growth,-1.273308200457503
100016,2022-06-10,471.0598,-0.0044721212555415,HDFC Top 100 Fund - Regular Plan - Growth,-1.405958131616539
100016,2022-06-13,468.8163,-0.0047626649525176,HDFC Top 100 Fund - Regular Plan - Growth,-1.3062963988562162
100016,2022-06-14,466.3477,-0.0052656018999339,HDFC Top 100 Fund - Regular Plan - Growth,-1.4757929012701807
100016,2022-06-15,463.7261,-0.0056215566196637,HDFC Top 100 Fund - Regular Plan - Growth,-1.5260454722440322
100016,2022-06-16,461.2993,-0.0052332616171484,HDFC Top 100 Fund - Regular Plan - Growth,-1.6283482160322544
100016,2022-06-17,459.9666,-0.0028890137054186,HDFC Top 100 Fund - Regular Plan - Growth,-1.7990173851187194
100016,2022-06-20,457.6317,-0.0050762381442478,HDFC Top 100 Fund - Regular Plan - Growth,-1.715076315587886
100016,2022-06-21,458.7099,0.0023560430800575,HDFC Top 100 Fund - Regular Plan - Growth,-1.5794021693840001
100016,2022-06-22,460.4075,0.0037008139567078,HDFC Top 100 Fund - Regular Plan - Growth,-1.5950712744859499
100016,2022-06-23,456.9604,-0.0074870630908489,HDFC Top 100 Fund - Regular Plan - Growth,-2.1018518096633767
100016,2022-06-24,462.3501,0.0117946763001783,HDFC Top 100 Fund - Regular Plan - Growth,-1.8624400991554144
100016,2022-06-27,458.6076,-0.0080945153899609,HDFC Top 100 Fund - Regular Plan - Growth,-2.1057435176855615
100016,2022-06-28,452.344,-0.013657863498119,HDFC Top 100 Fund - Regular Plan - Growth,-2.318919910806614
100016,2022-06-29,454.0998,0.0038815591673593,HDFC Top 100 Fund - Regular Plan - Growth,-2.6112428157351295
100016,2022-06-30,451.0707,-0.0066705600839287,HDFC Top 100 Fund - Regular Plan - Growth,-2.4882844291193695
100016,2022-07-01,452.584,0.0033549064481466,HDFC Top 100 Fund - Regular Plan - Growth,-2.4501889529749223
100016,2022-07-04,443.3196,-0.0204700121966309,HDFC Top 100 Fund - Regular Plan - Growth,-2.540278089714654
100016,2022-07-05,449.0289,0.0128785192443556,HDFC Top 100 Fund - Regular Plan - Growth,-1.956501960135515
100016,2022-07-06,451.9322,0.0064657308248978,HDFC Top 100 Fund - Regular Plan - Growth,-1.892772777050983
100016,2022-07-07,446.2213,-0.0126366300077755,HDFC Top 100 Fund - Regular Plan - Growth,-2.1346187998832873
100016,2022-07-08,440.6669,-0.0124476352876924,HDFC Top 100 Fund - Regular Plan - Growth,-2.303952354291791
100016,2022-07-11,447.4448,0.0153810054714795,HDFC Top 100 Fund - Regular Plan - Growth,-1.9950113331535242
100016,2022-07-12,444.7739,-0.0059692279360492,HDFC Top 100 Fund - Regular Plan - Growth,-2.717585164236229
100016,2022-07-13,441.7416,-0.0068176212677947,HDFC Top 100 Fund - Regular Plan - Growth,-2.805209073760143
100016,2022-07-14,433.2246,-0.0192805024475847,HDFC Top 100 Fund - Regular Plan - Growth,-3.198286393251043
100016,2022-07-15,432.1093,-0.0025744152109552,HDFC Top 100 Fund - Regular Plan - Growth,-3.1531800812310187
100016,2022-07-18,431.4649,-0.0014912893566512,HDFC Top 100 Fund - Regular Plan - Growth,-3.240678345028614
100016,2022-07-19,434.4201,0.0068492245835061,HDFC Top 100 Fund - Regular Plan - Growth,-3.0756420844189774
100016,2022-07-20,429.3142,-0.0117533696069771,HDFC Top 100 Fund - Regular Plan - Growth,-3.2126919516698593
100016,2022-07-21,423.8151,-0.012809033570285,HDFC Top 100 Fund - Regular Plan - Growth,-3.789348087832287
100016,2022-07-22,425.7236,0.0045031429979724,HDFC Top 100 Fund - Regular Plan - Growth,-3.935737167381575
100016,2022-07-25,429.7419,0.0094387532192248,HDFC Top 100 Fund - Regular Plan - Growth,-3.768353907106806
100016,2022-07-26,424.047,-0.0132519077148398,HDFC Top 100 Fund - Regular Plan - Growth,-3.692934293906177
100016,2022-07-27,428.3319,0.0101047761215147,HDFC Top 100 Fund - Regular Plan - Growth,-3.429619552469911
100016,2022-07-28,428.6948,0.0008472401892083,HDFC Top 100 Fund - Regular Plan - Growth,-4.0322145408861605
100016,2022-07-29,433.0659,0.01019629815897,HDFC Top 100 Fund - Regular Plan - Growth,-3.773798907193926
100016,2022-08-01,433.0211,-0.000103448458999,HDFC Top 100 Fund - Regular Plan - Growth,-4.007000098464357
100016,2022-08-02,423.7137,-0.0214941027123157,HDFC Top 100 Fund - Regular Plan - Growth,-4.631747276772712
100016,2022-08-03,423.3646,-0.0008239053870573,HDFC Top 100 Fund - Regular Plan - Growth,-4.700032082026366
100016,2022-08-04,427.5619,0.0099141496478447,HDFC Top 100 Fund - Regular Plan - Growth,-4.3461826729974655
100016,2022-08-05,424.424,-0.0073390542983367,HDFC Top 100 Fund - Regular Plan - Growth,-4.178312687681809
100016,2022-08-08,423.1925,-0.0029015795525229,HDFC Top 100 Fund - Regular Plan - Growth,-4.381291316322166
100016,2022-08-09,422.7537,-0.0010368803794963,HDFC Top 100 Fund - Regular Plan - Growth,-4.278524170974736
100016,2022-08-10,412.293,-0.0247441950241948,HDFC Top 100 Fund - Regular Plan - Growth,-4.649691073782756
100016,2022-08-11,418.6311,0.015372805262277,HDFC Top 100 Fund - Regular Plan - Growth,-4.105006418879968
100016,2022-08-12,415.5307,-0.0074060431726166,HDFC Top 100 Fund - Regular Plan - Growth,-4.200915270105152
100016,2022-08-15,417.6036,0.0049885604120223,HDFC Top 100 Fund - Regular Plan - Growth,-4.1137835639341205
100016,2022-08-16,417.4997,-0.00024880053716,HDFC Top 100 Fund - Regular Plan - Growth,-4.176737654765992
100016,2022-08-17,422.3739,0.0116747389279561,HDFC Top 100 Fund - Regular Plan - Growth,-3.7620108935344216
100016,2022-08-18,424.1079,0.0041053673060764,HDFC Top 100 Fund - Regular Plan - Growth,-3.9209289162974703
100016,2022-08-19,423.4485,-0.0015547930137588,HDFC Top 100 Fund - Regular Plan - Growth,-3.8642610064533343
100016,2022-08-22,420.3416,-0.0073371378101468,HDFC Top 100 Fund - Regular Plan - Growth,-3.766328231031359
100016,2022-08-23,423.5281,0.007580739094108,HDFC Top 100 Fund - Regular Plan - Growth,-3.59929636832118
100016,2022-08-24,416.803,-0.0158787575133739,HDFC Top 100 Fund - Regular Plan - Growth,-3.8628487079790794
100016,2022-08-25,419.4003,0.0062314810593973,HDFC Top 100 Fund - Regular Plan - Growth,-3.7732811843340044
100016,2022-08-26,415.5691,-0.0091349481628888,HDFC Top 100 Fund - Regular Plan - Growth,-4.208267131506397
100016,2022-08-29,420.401,0.0116271878732081,HDFC Top 100 Fund - Regular Plan - Growth,-3.9228873720074677
100016,2022-08-30,421.2166,0.0019400524737096,HDFC Top 100 Fund - Regular Plan - Growth,-3.874973661066125
100016,2022-08-31,423.8348,0.0062158044103672,HDFC Top 100 Fund - Regular Plan - Growth,-3.5940135338847643
100016,2022-09-01,424.3603,0.0012398698738282,HDFC Top 100 Fund - Regular Plan - Growth,-3.7301805882260437
100016,2022-09-02,418.068,-0.0148277301151875,HDFC Top 100 Fund - Regular Plan - Growth,-4.004112674241753
100016,2022-09-05,415.1206,-0.0070500492742806,HDFC Top 100 Fund - Regular Plan - Growth,-4.068382769361305
100016,2022-09-06,417.805,0.0064665545386086,HDFC Top 100 Fund - Regular Plan - Growth,-3.6887553055731765
100016,2022-09-07,418.6355,0.0019877694139609,HDFC Top 100 Fund - Regular Plan - Growth,-3.9447705426639583
100016,2022-09-08,423.2368,0.0109911844552124,HDFC Top 100 Fund - Regular Plan - Growth,-3.5348927819730305
100016,2022-09-09,424.9639,0.0040806943063551,HDFC Top 100 Fund - Regular Plan - Growth,-3.37028711648549
100016,2022-09-12,421.5737,-0.0079776188047974,HDFC Top 100 Fund - Regular Plan - Growth,-3.5803460659139694
100016,2022-09-13,418.8403,-0.0064838010530542,HDFC Top 100 Fund - Regular Plan - Growth,-3.526004157166444
100016,2022-09-14,419.437,0.001424648010232,HDFC Top 100 Fund - Regular Plan - Growth,-3.292118578625563
100016,2022-09-15,411.1759,-0.0196956873141854,HDFC Top 100 Fund - Regular Plan - Growth,-3.311080822089143
100016,2022-09-16,417.5046,0.0153917094849187,HDFC Top 100 Fund - Regular Plan - Growth,-3.116420156764176
100016,2022-09-19,419.3505,0.0044212686518902,HDFC Top 100 Fund - Regular Plan - Growth,-2.9550578601000868
100016,2022-09-20,424.1319,0.0114019179659974,HDFC Top 100 Fund - Regular Plan - Growth,-3.353394211876844
100016,2022-09-21,418.4765,-0.013334059522521,HDFC Top 100 Fund - Regular Plan - Growth,-3.4292168124606306
100016,2022-09-22,423.3133,0.0115581161666187,HDFC Top 100 Fund - Regular Plan - Growth,-3.0483431338913527
100016,2022-09-23,431.9494,0.0204012016631653,HDFC Top 100 Fund - Regular Plan - Growth,-2.5222164131000606
100016,2022-09-26,427.1671,-0.0110714356820498,HDFC Top 100 Fund - Regular Plan - Growth,-2.755106071862097
100016,2022-09-27,430.305,0.0073458372613433,HDFC Top 100 Fund - Regular Plan - Growth,-2.5499867625486243
100016,2022-09-28,430.5313,0.0005259060433877,HDFC Top 100 Fund - Regular Plan - Growth,-2.6530282835823447
100016,2022-09-29,424.9261,-0.0130192624787093,HDFC Top 100 Fund - Regular Plan - Growth,-2.726828365689974
100016,2022-09-30,426.9974,0.0048744946474221,HDFC Top 100 Fund - Regular Plan - Growth,-2.4451107686926346
100016,2022-10-03,430.3701,0.0078986429425564,HDFC Top 100 Fund - Regular Plan - Growth,-2.0494751165930345
100016,2022-10-04,428.3154,-0.0047742628960515,HDFC Top 100 Fund - Regular Plan - Growth,-1.8302969250865455
100016,2022-10-05,432.9656,0.0108569526101558,HDFC Top 100 Fund - Regular Plan - Growth,-1.5493920007068878
100016,2022-10-06,426.8679,-0.0140835669161706,HDFC Top 100 Fund - Regular Plan - Growth,-1.7462713796161295
100016,2022-10-07,421.495,-0.0125867979297576,HDFC Top 100 Fund - Regular Plan - Growth,-1.8678339633222187
100016,2022-10-10,422.2208,0.0017219658596188,HDFC Top 100 Fund - Regular Plan - Growth,-2.058839725701615
100016,2022-10-11,422.5333,0.0007401340720305,HDFC Top 100 Fund - Regular Plan - Growth,-2.269044540868492
100016,2022-10-12,420.0881,-0.0057869995098611,HDFC Top 100 Fund - Regular Plan - Growth,-2.3267419150731663
100016,2022-10-13,423.3166,0.0076852926802735,HDFC Top 100 Fund - Regular Plan - Growth,-1.929478432882571
100016,2022-10-14,425.5227,0.0052114658390434,HDFC Top 100 Fund - Regular Plan - Growth,-1.7518792030607708
100016,2022-10-17,428.9765,0.0081166057650978,HDFC Top 100 Fund - Regular Plan - Growth,-1.513932169132881
100016,2022-10-18,428.7321,-0.0005697281785831,HDFC Top 100 Fund - Regular Plan - Growth,-1.4313113226968563
100016,2022-10-19,431.2389,0.0058470079567169,HDFC Top 100 Fund - Regular Plan - Growth,-1.2239548929251398
100016,2022-10-20,429.769,-0.0034085515012676,HDFC Top 100 Fund - Regular Plan - Growth,-1.192149061377722
100016,2022-10-21,437.8501,0.0188033571523307,HDFC Top 100 Fund - Regular Plan - Growth,-0.7862025090358283
100016,2022-10-24,434.9481,-0.0066278390709514,HDFC Top 100 Fund - Regular Plan - Growth,-0.8127025142106605
100016,2022-10-25,443.3278,0.0192659767912539,HDFC Top 100 Fund - Regular Plan - Growth,-0.5054250791611198
100016,2022-10-26,443.6931,0.000823995246858,HDFC Top 100 Fund - Regular Plan - Growth,-0.5553145523219725
100016,2022-10-27,438.5694,-0.0115478469239211,HDFC Top 100 Fund - Regular Plan - Growth,-0.6227012575902899
100016,2022-10-28,444.122,0.012660710026737,HDFC Top 100 Fund - Regular Plan - Growth,-0.6071596155745553
100016,2022-10-31,444.8448,0.0016274807372749,HDFC Top 100 Fund - Regular Plan - Growth,-0.44209837150606324
100016,2022-11-01,448.4277,0.0080542697138417,HDFC Top 100 Fund - Regular Plan - Growth,-0.06984126724019729
100016,2022-11-02,453.5279,0.0113735168456363,HDFC Top 100 Fund - Regular Plan - Growth,0.05918357317025506
100016,2022-11-03,455.1164,0.0035025408580156,HDFC Top 100 Fund - Regular Plan - Growth,0.23422985102927912
100016,2022-11-04,452.9791,-0.0046961612457823,HDFC Top 100 Fund - Regular Plan - Growth,0.09571833329718411
100016,2022-11-07,457.1295,0.0091624536319667,HDFC Top 100 Fund - Regular Plan - Growth,0.6165090507767909
100016,2022-11-08,457.3685,0.000522827776374,HDFC Top 100 Fund - Regular Plan - Growth,0.40366005987923276
100016,2022-11-09,460.3808,0.0065861553648753,HDFC Top 100 Fund - Regular Plan - Growth,0.40575319373241675
100016,2022-11-10,451.9519,-0.0183085393656728,HDFC Top 100 Fund - Regular Plan - Growth,0.30252864500724075
100016,2022-11-11,453.9711,0.0044677320750281,HDFC Top 100 Fund - Regular Plan - Growth,0.6032532573096553
100016,2022-11-14,451.6546,-0.0051027477299765,HDFC Top 100 Fund - Regular Plan - Growth,0.24481257420400646
100016,2022-11-15,458.5248,0.0152111812876476,HDFC Top 100 Fund - Regular Plan - Growth,0.6160680506011866
100016,2022-11-16,461.2893,0.006029117727111,HDFC Top 100 Fund - Regular Plan - Growth,0.8438376517141734
100016,2022-11-17,462.5046,0.0026345722738418,HDFC Top 100 Fund - Regular Plan - Growth,1.259338530876583
100016,2022-11-18,464.7322,0.0048163845289321,HDFC Top 100 Fund - Regular Plan - Growth,1.3925632295819983
100016,2022-11-21,460.8957,-0.0082552919724521,HDFC Top 100 Fund - Regular Plan - Growth,1.264600430975798
100016,2022-11-22,467.7825,0.0149422092677369,HDFC Top 100 Fund - Regular Plan - Growth,1.3969474191063918
100016,2022-11-23,476.316,0.0182424524217985,HDFC Top 100 Fund - Regular Plan - Growth,1.9169948166995066
100016,2022-11-24,478.216,0.0039889485131721,HDFC Top 100 Fund - Regular Plan - Growth,2.238480157730084
100016,2022-11-25,485.221,0.0146481924486006,HDFC Top 100 Fund - Regular Plan - Growth,2.3971705239338474
100016,2022-11-28,483.0407,-0.0044934164020106,HDFC Top 100 Fund - Regular Plan - Growth,2.1539402017360505
100016,2022-11-29,479.9044,-0.0064928276230139,HDFC Top 100 Fund - Regular Plan - Growth,2.2938009816062084
100016,2022-11-30,480.3253,0.0008770496790611,HDFC Top 100 Fund - Regular Plan - Growth,2.138058234821035
100016,2022-12-01,482.4201,0.004361211037603,HDFC Top 100 Fund - Regular Plan - Growth,2.2000923730461044
100016,2022-12-02,480.9949,-0.0029542715985507,HDFC Top 100 Fund - Regular Plan - Growth,1.9708602755518445
100016,2022-12-05,483.5309,0.00527240517519,HDFC Top 100 Fund - Regular Plan - Growth,2.066056812180912
100016,2022-12-06,485.0894,0.003223165262034,HDFC Top 100 Fund - Regular Plan - Growth,2.5918844150737836
100016,2022-12-07,481.0854,-0.0082541486167292,HDFC Top 100 Fund - Regular Plan - Growth,2.4400644526064794
100016,2022-12-08,483.5409,0.005104083391431,HDFC Top 100 Fund - Regular Plan - Growth,2.3596404853799324
100016,2022-12-09,487.4889,0.0081647695158775,HDFC Top 100 Fund - Regular Plan - Growth,2.652936999128911
100016,2022-12-12,488.4785,0.0020299949393718,HDFC Top 100 Fund - Regular Plan - Growth,2.7481236609168187
100016,2022-12-13,493.7241,0.0107386507287423,HDFC Top 100 Fund - Regular Plan - Growth,2.9537303651479996
100016,2022-12-14,488.7036,-0.0101686346686338,HDFC Top 100 Fund - Regular Plan - Growth,3.3427381471067195
100016,2022-12-15,490.9778,0.004653536417575,HDFC Top 100 Fund - Regular Plan - Growth,3.1738868686111497
100016,2022-12-16,486.1873,-0.0097570602988567,HDFC Top 100 Fund - Regular Plan - Growth,3.1177913064249934
100016,2022-12-19,481.6822,-0.0092661819837744,HDFC Top 100 Fund - Regular Plan - Growth,2.820596838937815
100016,2022-12-20,479.2566,-0.0050356853543686,HDFC Top 100 Fund - Regular Plan - Growth,2.7211184128541888
100016,2022-12-21,475.5366,-0.0077620214306907,HDFC Top 100 Fund - Regular Plan - Growth,2.3511474354354687
100016,2022-12-22,473.4881,-0.0043077651646582,HDFC Top 100 Fund - Regular Plan - Growth,2.1860523817369506
100016,2022-12-23,472.8386,-0.0013717345800242,HDFC Top 100 Fund - Regular Plan - Growth,2.1897091276144183
100016,2022-12-26,476.5883,0.0079301901325314,HDFC Top 100 Fund - Regular Plan - Growth,2.4879154526833958
100016,2022-12-27,475.4855,-0.0023139468593752,HDFC Top 100 Fund - Regular Plan - Growth,2.301505125641972
100016,2022-12-28,469.1246,-0.0133776950085754,HDFC Top 100 Fund - Regular Plan - Growth,2.3623340609219854
100016,2022-12-29,474.1097,0.010626387957485,HDFC Top 100 Fund - Regular Plan - Growth,2.4372189407679654
100016,2022-12-30,470.8654,-0.0068429310769215,HDFC Top 100 Fund - Regular Plan - Growth,2.488618767313694
100016,2023-01-02,470.8644,-2.123749164861799e-06,HDFC Top 100 Fund - Regular Plan - Growth,2.2797414815924935
100016,2023-01-03,472.9663,0.0044639178498098,HDFC Top 100 Fund - Regular Plan - Growth,2.3273671494079267
100016,2023-01-04,474.0441,0.0022788092936008,HDFC Top 100 Fund - Regular Plan - Growth,2.2543300000558233
100016,2023-01-05,478.8877,0.0102176147746591,HDFC Top 100 Fund - Regular Plan - Growth,2.416262057436795
100016,2023-01-06,481.1631,0.0047514271091113,HDFC Top 100 Fund - Regular Plan - Growth,2.8456267400858866
100016,2023-01-09,477.7684,-0.0070551960447506,HDFC Top 100 Fund - Regular Plan - Growth,2.845507371706318
100016,2023-01-10,487.2879,0.0199249259683143,HDFC Top 100 Fund - Regular Plan - Growth,3.04537928001312
100016,2023-01-11,488.3757,0.0022323558619041,HDFC Top 100 Fund - Regular Plan - Growth,3.050067316091614
100016,2023-01-12,487.9931,-0.0007834132615525,HDFC Top 100 Fund - Regular Plan - Growth,2.838071861579187
100016,2023-01-13,492.4132,0.0090577100372934,HDFC Top 100 Fund - Regular Plan - Growth,2.924986839067782
100016,2023-01-16,493.7523,0.0027194640598586,HDFC Top 100 Fund - Regular Plan - Growth,3.1520115294417774
100016,2023-01-17,495.7495,0.0040449431830495,HDFC Top 100 Fund - Regular Plan - Growth,3.372088788030566
100016,2023-01-18,507.0277,0.0227497960159313,HDFC Top 100 Fund - Regular Plan - Growth,3.6817614404400913
100016,2023-01-19,506.06,-0.0019085742258262,HDFC Top 100 Fund - Regular Plan - Growth,4.147530449970257
100016,2023-01-20,504.9042,-0.0022839189028969,HDFC Top 100 Fund - Regular Plan - Growth,3.841657697563067
100016,2023-01-23,505.6844,0.0015452436323564,HDFC Top 100 Fund - Regular Plan - Growth,3.7859511865578743
100016,2023-01-24,510.7491,0.0100155353813564,HDFC Top 100 Fund - Regular Plan - Growth,3.7648352598282386
100016,2023-01-25,504.268,-0.0126894007253268,HDFC Top 100 Fund - Regular Plan - Growth,3.7828998887950864
100016,2023-01-26,495.8578,-0.0166780362822942,HDFC Top 100 Fund - Regular Plan - Growth,3.164079607589516
100016,2023-01-27,493.5515,-0.004651131836587,HDFC Top 100 Fund - Regular Plan - Growth,2.733912314844781
100016,2023-01-30,486.7415,-0.0137979521893865,HDFC Top 100 Fund - Regular Plan - Growth,2.664903458958052
100016,2023-01-31,485.1715,-0.0032255314165732,HDFC Top 100 Fund - Regular Plan - Growth,2.4572382004807003
100016,2023-02-01,487.5779,0.0049598956245369,HDFC Top 100 Fund - Regular Plan - Growth,2.5432346832072903
100016,2023-02-02,484.0122,-0.0073130878163263,HDFC Top 100 Fund - Regular Plan - Growth,2.68206387831003
100016,2023-02-03,478.2065,-0.0119949455819502,HDFC Top 100 Fund - Regular Plan - Growth,2.3157814465443667
100016,2023-02-06,478.7459,0.001127964592702,HDFC Top 100 Fund - Regular Plan - Growth,2.1884497980514657
100016,2023-02-07,482.6505,0.0081558923011142,HDFC Top 100 Fund - Regular Plan - Growth,2.4437131055993584
100016,2023-02-08,475.7347,-0.01432879485259,HDFC Top 100 Fund - Regular Plan - Growth,1.9230488002382762
100016,2023-02-09,479.4358,0.0077797562380881,HDFC Top 100 Fund - Regular Plan - Growth,2.3847620651954964
100016,2023-02-10,483.1532,0.0077536971582015,HDFC Top 100 Fund - Regular Plan - Growth,2.8219699190249496
100016,2023-02-13,487.4872,0.0089702396672524,HDFC Top 100 Fund - Regular Plan - Growth,2.9562767200024553
100016,2023-02-14,493.0082,0.0113254255701482,HDFC Top 100 Fund - Regular Plan - Growth,3.1477880892994663
100016,2023-02-15,502.9354,0.0201359733976027,HDFC Top 100 Fund - Regular Plan - Growth,3.594758904951553
100016,2023-02-16,501.6171,-0.0026212113921589,HDFC Top 100 Fund - Regular Plan - Growth,3.3958197388673046
100016,2023-02-17,502.3612,0.0014834023800225,HDFC Top 100 Fund - Regular Plan - Growth,3.3253173696444405
100016,2023-02-20,500.7778,-0.0031519153947398,HDFC Top 100 Fund - Regular Plan - Growth,3.107777799988083
100016,2023-02-21,501.045,0.0005335699785413,HDFC Top 100 Fund - Regular Plan - Growth,3.1302688143607087
100016,2023-02-22,508.1265,0.0141334610663712,HDFC Top 100 Fund - Regular Plan - Growth,3.262255543536905
100016,2023-02-23,502.3938,-0.0112820331157694,HDFC Top 100 Fund - Regular Plan - Growth,3.079093231660674
100016,2023-02-24,498.8505,-0.0070528338526469,HDFC Top 100 Fund - Regular Plan - Growth,2.620231887133022
100016,2023-02-27,505.2068,0.0127418936134171,HDFC Top 100 Fund - Regular Plan - Growth,2.986965979436773
100016,2023-02-28,510.0352,0.009557274367645,HDFC Top 100 Fund - Regular Plan - Growth,2.846695268973682
100016,2023-03-01,508.6667,-0.0026831481435006,HDFC Top 100 Fund - Regular Plan - Growth,2.7738200671332307
100016,2023-03-02,512.7785,0.0080834857088147,HDFC Top 100 Fund - Regular Plan - Growth,3.1921655852436372
100016,2023-03-03,514.5893,0.0035313493057917,HDFC Top 100 Fund - Regular Plan - Growth,3.0354515453244333
100016,2023-03-06,521.7123,0.0138421067052891,HDFC Top 100 Fund - Regular Plan - Growth,3.246732409285756
100016,2023-03-07,522.3246,0.001173635354198,HDFC Top 100 Fund - Regular Plan - Growth,3.118438735867436
100016,2023-03-08,527.3425,0.0096068613272282,HDFC Top 100 Fund - Regular Plan - Growth,3.0900553131727384
100016,2023-03-09,540.0526,0.0241021726866315,HDFC Top 100 Fund - Regular Plan - Growth,3.3837177122138073
100016,2023-03-10,543.1889,0.0058073972794501,HDFC Top 100 Fund - Regular Plan - Growth,3.5942306746391237
100016,2023-03-13,543.7057,0.0009514185580743,HDFC Top 100 Fund - Regular Plan - Growth,3.4468065944967217
100016,2023-03-14,547.4632,0.0069109078679883,HDFC Top 100 Fund - Regular Plan - Growth,3.565700725975013
100016,2023-03-15,545.984,-0.0027019167681041,HDFC Top 100 Fund - Regular Plan - Growth,3.3851652278601336
100016,2023-03-16,557.892,0.0218101629351776,HDFC Top 100 Fund - Regular Plan - Growth,4.173396541157898
100016,2023-03-17,559.067,0.002106142407491,HDFC Top 100 Fund - Regular Plan - Growth,4.128667019125508
100016,2023-03-20,558.0108,-0.0018892190023735,HDFC Top 100 Fund - Regular Plan - Growth,4.202075549750134
100016,2023-03-21,554.1991,-0.0068308713738156,HDFC Top 100 Fund - Regular Plan - Growth,3.7940870040358794
100016,2023-03-22,559.8766,0.0102445132083397,HDFC Top 100 Fund - Regular Plan - Growth,3.863335136012083
100016,2023-03-23,564.466,0.0081971634463735,HDFC Top 100 Fund - Regular Plan - Growth,3.9624373457522086
100016,2023-03-24,562.2856,-0.003862765870752,HDFC Top 100 Fund - Regular Plan - Growth,3.785269303402153
100016,2023-03-27,565.443,0.0056152958567672,HDFC Top 100 Fund - Regular Plan - Growth,4.083046771772941
100016,2023-03-28,558.258,-0.0127068510884384,HDFC Top 100 Fund - Regular Plan - Growth,3.5268845287722965
100016,2023-03-29,559.4579,0.0021493646306904,HDFC Top 100 Fund - Regular Plan - Growth,3.2732438164395594
100016,2023-03-30,561.9861,0.0045190174274059,HDFC Top 100 Fund - Regular Plan - Growth,3.283187266297566
100016,2023-03-31,570.8065,0.0156950501088906,HDFC Top 100 Fund - Regular Plan - Growth,3.2974413221338805
100016,2023-04-03,567.2319,-0.0062623673696778,HDFC Top 100 Fund - Regular Plan - Growth,3.2564132055850896
100016,2023-04-04,561.1622,-0.0107005617984461,HDFC Top 100 Fund - Regular Plan - Growth,3.153518902625229
100016,2023-04-05,557.0355,-0.0073538452875122,HDFC Top 100 Fund - Regular Plan - Growth,2.97440853935466
100016,2023-04-06,550.7921,-0.0112082623100322,HDFC Top 100 Fund - Regular Plan - Growth,2.6410479658288084
100016,2023-04-07,557.6109,0.0123799887471152,HDFC Top 100 Fund - Regular Plan - Growth,2.919306829084859
100016,2023-04-10,565.5706,0.0142746492222443,HDFC Top 100 Fund - Regular Plan - Growth,3.0630780849033945
100016,2023-04-11,567.4627,0.0033454709279443,HDFC Top 100 Fund - Regular Plan - Growth,3.0653362410944975
100016,2023-04-12,573.9037,0.0113505257702399,HDFC Top 100 Fund - Regular Plan - Growth,3.442192799912798
100016,2023-04-13,574.8786,0.0016987170495676,HDFC Top 100 Fund - Regular Plan - Growth,3.3793524201064455
100016,2023-04-14,574.693,-0.0003228507723196,HDFC Top 100 Fund - Regular Plan - Growth,3.2245033651244692
100016,2023-04-17,573.3032,-0.0024183346586786,HDFC Top 100 Fund - Regular Plan - Growth,3.1356072922686895
100016,2023-04-18,572.031,-0.002219070118569,HDFC Top 100 Fund - Regular Plan - Growth,2.900391636803545
100016,2023-04-19,564.5669,-0.0130484187045805,HDFC Top 100 Fund - Regular Plan - Growth,2.8307437501132697
100016,2023-04-20,566.1761,0.0028503265069206,HDFC Top 100 Fund - Regular Plan - Growth,2.797707820204694
100016,2023-04-21,566.2668,0.0001601975074538,HDFC Top 100 Fund - Regular Plan - Growth,3.0128752847472127
100016,2023-04-24,570.2955,0.0071144909078193,HDFC Top 100 Fund - Regular Plan - Growth,3.3500477855377233
100016,2023-04-25,571.0606,0.0013415851957452,HDFC Top 100 Fund - Regular Plan - Growth,3.485258247761171
100016,2023-04-26,570.536,-0.0009186415592321,HDFC Top 100 Fund - Regular Plan - Growth,3.640215924270439
100016,2023-04-27,566.4614,-0.0071417053437468,HDFC Top 100 Fund - Regular Plan - Growth,3.5738423307396863
100016,2023-04-28,567.1145,0.0011529470498783,HDFC Top 100 Fund - Regular Plan - Growth,3.6258439784457144
100016,2023-05-01,571.1134,0.0070513097443283,HDFC Top 100 Fund - Regular Plan - Growth,3.611052442061356
100016,2023-05-02,565.6753,-0.0095219268187367,HDFC Top 100 Fund - Regular Plan - Growth,3.4430972677723037
100016,2023-05-03,566.404,0.001288194835447,HDFC Top 100 Fund - Regular Plan - Growth,3.789194633552253
100016,2023-05-04,567.8622,0.0025744874683089,HDFC Top 100 Fund - Regular Plan - Growth,3.6490924053349802
100016,2023-05-05,564.5686,-0.0057999986616472,HDFC Top 100 Fund - Regular Plan - Growth,3.674314563709609
100016,2023-05-08,561.939,-0.0046577156434133,HDFC Top 100 Fund - Regular Plan - Growth,3.571640687024862
100016,2023-05-09,563.3736,0.002552946138282,HDFC Top 100 Fund - Regular Plan - Growth,3.5352776934454755
100016,2023-05-10,558.0581,-0.0094351244005754,HDFC Top 100 Fund - Regular Plan - Growth,3.2737280151161374
100016,2023-05-11,560.0718,0.0036084056480858,HDFC Top 100 Fund - Regular Plan - Growth,3.158904070173518
100016,2023-05-12,555.9534,-0.0073533429106769,HDFC Top 100 Fund - Regular Plan - Growth,2.905513355448332
100016,2023-05-15,561.4787,0.0099384228965953,HDFC Top 100 Fund - Regular Plan - Growth,3.2410051883105586
100016,2023-05-16,573.4711,0.0213586018490103,HDFC Top 100 Fund - Regular Plan - Growth,3.2569536269563115
100016,2023-05-17,569.4279,-0.0070503988779904,HDFC Top 100 Fund - Regular Plan - Growth,3.0590426093337117
100016,2023-05-18,572.4122,0.0052408742177894,HDFC Top 100 Fund - Regular Plan - Growth,3.175009358427269
100016,2023-05-19,569.0487,-0.005876010329619,HDFC Top 100 Fund - Regular Plan - Growth,2.8839198806406268
100016,2023-05-22,574.5931,0.0097432785629771,HDFC Top 100 Fund - Regular Plan - Growth,3.0073416586122215
100016,2023-05-23,568.5103,-0.0105862740085114,HDFC Top 100 Fund - Regular Plan - Growth,2.6981609587019775
100016,2023-05-24,571.2196,0.0047656128657651,HDFC Top 100 Fund - Regular Plan - Growth,2.4257439574260724
100016,2023-05-25,567.1312,-0.0071573174309844,HDFC Top 100 Fund - Regular Plan - Growth,2.312075170831027
100016,2023-05-26,566.3889,-0.0013088682125053,HDFC Top 100 Fund - Regular Plan - Growth,2.3322359494274134
100016,2023-05-29,561.5519,-0.0085400684935739,HDFC Top 100 Fund - Regular Plan - Growth,2.1196625307377186
100016,2023-05-30,565.9312,0.0077985667932027,HDFC Top 100 Fund - Regular Plan - Growth,2.0812538776217306
100016,2023-05-31,562.059,-0.0068421744551281,HDFC Top 100 Fund - Regular Plan - Growth,2.215587237466308
100016,2023-06-01,565.0931,0.0053981877347397,HDFC Top 100 Fund - Regular Plan - Growth,2.711766448761789
100016,2023-06-02,563.6716,-0.0025155147001442,HDFC Top 100 Fund - Regular Plan - Growth,2.7593537765714085
100016,2023-06-05,563.3934,-0.0004935497903388,HDFC Top 100 Fund - Regular Plan - Growth,3.0821466638973343
100016,2023-06-06,564.4191,0.0018205751079085,HDFC Top 100 Fund - Regular Plan - Growth,3.192012097164628
100016,2023-06-07,560.929,-0.006183525681537,HDFC Top 100 Fund - Regular Plan - Growth,2.9505741350766272
100016,2023-06-08,562.2606,0.0023739189808336,HDFC Top 100 Fund - Regular Plan - Growth,3.169086276442739
100016,2023-06-09,570.1945,0.0141107166321097,HDFC Top 100 Fund - Regular Plan - Growth,3.7209594891377633
100016,2023-06-12,566.5874,-0.0063260869755845,HDFC Top 100 Fund - Regular Plan - Growth,3.5476130819274023
100016,2023-06-13,572.7685,0.0109093495548966,HDFC Top 100 Fund - Regular Plan - Growth,3.592888168756896
100016,2023-06-14,580.6856,0.0138225129349816,HDFC Top 100 Fund - Regular Plan - Growth,4.214999707777891
100016,2023-06-15,576.8184,-0.0066597139656985,HDFC Top 100 Fund - Regular Plan - Growth,3.9006811472660665
100016,2023-06-16,569.7576,-0.0122409409963343,HDFC Top 100 Fund - Regular Plan - Growth,3.4417749753981934
100016,2023-06-19,571.5717,0.0031839856107227,HDFC Top 100 Fund - Regular Plan - Growth,3.335840704064053
100016,2023-06-20,569.1125,-0.0043025223257204,HDFC Top 100 Fund - Regular Plan - Growth,3.028035566691718
100016,2023-06-21,578.8674,0.0171405477827319,HDFC Top 100 Fund - Regular Plan - Growth,2.9897781108325328
100016,2023-06-22,579.3439,0.0008231591552745,HDFC Top 100 Fund - Regular Plan - Growth,3.065477974844595
100016,2023-06-23,575.5565,-0.0065373951464751,HDFC Top 100 Fund - Regular Plan - Growth,2.883771349208733
100016,2023-06-26,570.057,-0.0095551001508974,HDFC Top 100 Fund - Regular Plan - Growth,2.7300631804426185
100016,2023-06-27,575.8598,0.0101793329438983,HDFC Top 100 Fund - Regular Plan - Growth,2.911831582046073
100016,2023-06-28,573.262,-0.0045111674751389,HDFC Top 100 Fund - Regular Plan - Growth,2.5550819383576386
100016,2023-06-29,573.7795,0.000902728595302,HDFC Top 100 Fund - Regular Plan - Growth,2.8417622258767516
100016,2023-06-30,578.9351,0.0089853332159828,HDFC Top 100 Fund - Regular Plan - Growth,3.1816878580083756
100016,2023-07-03,576.7654,-0.003747743054446,HDFC Top 100 Fund - Regular Plan - Growth,2.858542933287943
100016,2023-07-04,576.8293,0.0001107902797219,HDFC Top 100 Fund - Regular Plan - Growth,2.673225795303674
100016,2023-07-05,577.0426,0.0003697801065236,HDFC Top 100 Fund - Regular Plan - Growth,2.7413759201705568
100016,2023-07-06,580.8301,0.0065636401887834,HDFC Top 100 Fund - Regular Plan - Growth,2.713098095881622
100016,2023-07-07,584.1654,0.0057422988237008,HDFC Top 100 Fund - Regular Plan - Growth,2.7568701846150745
100016,2023-07-10,583.3333,-0.0014244253425484,HDFC Top 100 Fund - Regular Plan - Growth,2.4628514470107232
100016,2023-07-11,583.962,0.0010777714901584,HDFC Top 100 Fund - Regular Plan - Growth,2.4607872779276456
100016,2023-07-12,582.3508,-0.0027590836390037,HDFC Top 100 Fund - Regular Plan - Growth,2.205371685861025
100016,2023-07-13,575.1079,-0.012437348759545,HDFC Top 100 Fund - Regular Plan - Growth,1.461861959198145
100016,2023-07-14,576.7133,0.0027914761734277,HDFC Top 100 Fund - Regular Plan - Growth,1.3974626925506703
100016,2023-07-17,586.7206,0.0173522961929264,HDFC Top 100 Fund - Regular Plan - Growth,1.721218754903538
100016,2023-07-18,582.4661,-0.0072513220091471,HDFC Top 100 Fund - Regular Plan - Growth,1.4096861567451868
100016,2023-07-19,578.8072,-0.00628173897159,HDFC Top 100 Fund - Regular Plan - Growth,1.327762110270522
100016,2023-07-20,574.6758,-0.0071377826675272,HDFC Top 100 Fund - Regular Plan - Growth,0.7258507167579515
100016,2023-07-21,578.6584,0.0069301682792282,HDFC Top 100 Fund - Regular Plan - Growth,0.8309367746486261
100016,2023-07-24,581.2514,0.0044810547984786,HDFC Top 100 Fund - Regular Plan - Growth,0.9722070862171465
100016,2023-07-25,580.7388,-0.0008818903489953,HDFC Top 100 Fund - Regular Plan - Growth,1.1100882055482544
100016,2023-07-26,576.3533,-0.0075515877361732,HDFC Top 100 Fund - Regular Plan - Growth,0.7133768977961586
100016,2023-07-27,577.1207,0.0013314749824457,HDFC Top 100 Fund - Regular Plan - Growth,0.5622261940519645
100016,2023-07-28,569.5056,-0.0131949867679327,HDFC Top 100 Fund - Regular Plan - Growth,0.3461480742652761
100016,2023-07-31,570.5207,0.0017824232105883,HDFC Top 100 Fund - Regular Plan - Growth,0.26144170039670395
100016,2023-08-01,575.2193,0.0082356345703142,HDFC Top 100 Fund - Regular Plan - Growth,0.7358060530875624
100016,2023-08-02,569.2005,-0.0104634875776942,HDFC Top 100 Fund - Regular Plan - Growth,0.44703132137851603
100016,2023-08-03,561.849,-0.0129154840868902,HDFC Top 100 Fund - Regular Plan - Growth,0.057399558543261904
100016,2023-08-04,570.0239,0.0145499947494789,HDFC Top 100 Fund - Regular Plan - Growth,0.032297093881626014
100016,2023-08-07,567.2493,-0.0048675152041871,HDFC Top 100 Fund - Regular Plan - Growth,0.06317490195663919
100016,2023-08-08,573.2563,0.0105897001547645,HDFC Top 100 Fund - Regular Plan - Growth,0.5342117303795803
100016,2023-08-09,572.7737,-0.0008418572983848,HDFC Top 100 Fund - Regular Plan - Growth,0.6817345396174845
100016,2023-08-10,572.2513,-0.0009120530499217,HDFC Top 100 Fund - Regular Plan - Growth,0.9216812726744302
100016,2023-08-11,574.7646,0.0043919515779169,HDFC Top 100 Fund - Regular Plan - Growth,0.7507176180434642
100016,2023-08-14,570.5953,-0.0072539262160543,HDFC Top 100 Fund - Regular Plan - Growth,0.26399007635915317
100016,2023-08-15,571.5572,0.0016857832512815,HDFC Top 100 Fund - Regular Plan - Growth,0.22586320778921348
100016,2023-08-16,569.9315,-0.0028443347402498,HDFC Top 100 Fund - Regular Plan - Growth,-0.10315374499551873
100016,2023-08-17,563.6234,-0.0110681722277152,HDFC Top 100 Fund - Regular Plan - Growth,-0.3969244420020441
100016,2023-08-18,565.5951,0.0034982578792861,HDFC Top 100 Fund - Regular Plan - Growth,-0.3082518863473857
100016,2023-08-21,564.5744,-0.0018046478832649,HDFC Top 100 Fund - Regular Plan - Growth,-0.2941612879337289
100016,2023-08-22,564.0841,-0.0008684417855289,HDFC Top 100 Fund - Regular Plan - Growth,-0.2630890011247568
100016,2023-08-23,558.3838,-0.010105408041106,HDFC Top 100 Fund - Regular Plan - Growth,-0.19642788433619923
100016,2023-08-24,566.5681,0.0146571229322913,HDFC Top 100 Fund - Regular Plan - Growth,0.07639748201260137
100016,2023-08-25,571.2603,0.0082817934860788,HDFC Top 100 Fund - Regular Plan - Growth,0.259783713716744
100016,2023-08-28,576.4358,0.0090597928825089,HDFC Top 100 Fund - Regular Plan - Growth,0.3029571096436524
100016,2023-08-29,575.1817,-0.0021756108832935,HDFC Top 100 Fund - Regular Plan - Growth,0.22347994690939385
100016,2023-08-30,566.7691,-0.0146259868837969,HDFC Top 100 Fund - Regular Plan - Growth,-0.08420278084162121
100016,2023-08-31,576.9127,0.0178972353997421,HDFC Top 100 Fund - Regular Plan - Growth,0.45940513896009044
100016,2023-09-01,576.8994,-2.3053747993384555e-05,HDFC Top 100 Fund - Regular Plan - Growth,0.4339919290179141
100016,2023-09-04,573.398,-0.0060693424191462,HDFC Top 100 Fund - Regular Plan - Growth,0.1502282605404443
100016,2023-09-05,575.8066,0.0042005727260994,HDFC Top 100 Fund - Regular Plan - Growth,0.4503058511753478
100016,2023-09-06,582.0642,0.0108675378156486,HDFC Top 100 Fund - Regular Plan - Growth,0.6529014140737941
100016,2023-09-07,582.2461,0.0003125084827411,HDFC Top 100 Fund - Regular Plan - Growth,0.6043217140486199
100016,2023-09-08,589.1525,0.0118616509410711,HDFC Top 100 Fund - Regular Plan - Growth,0.9782074723461234
100016,2023-09-11,595.1135,0.0101179236275836,HDFC Top 100 Fund - Regular Plan - Growth,1.288154473554224
100016,2023-09-12,589.7951,-0.0089367826473437,HDFC Top 100 Fund - Regular Plan - Growth,1.035777315738967
100016,2023-09-13,586.6033,-0.005411709931127,HDFC Top 100 Fund - Regular Plan - Growth,1.1268331406656136
100016,2023-09-14,591.8832,0.0090008017343237,HDFC Top 100 Fund - Regular Plan - Growth,1.23541051723673
100016,2023-09-15,578.1898,-0.0231353077769397,HDFC Top 100 Fund - Regular Plan - Growth,0.866882506072274
100016,2023-09-18,577.7262,-0.0008018128303197,HDFC Top 100 Fund - Regular Plan - Growth,0.6524953383317077
100016,2023-09-19,570.7762,-0.0120299200555555,HDFC Top 100 Fund - Regular Plan - Growth,-0.03293983035036809
100016,2023-09-20,568.6757,-0.0036800763591754,HDFC Top 100 Fund - Regular Plan - Growth,0.03791407037312216
100016,2023-09-21,567.4716,-0.0021173755094512,HDFC Top 100 Fund - Regular Plan - Growth,-0.11720408768682493
100016,2023-09-22,565.9735,-0.0026399559026389,HDFC Top 100 Fund - Regular Plan - Growth,-0.04906174774912654
100016,2023-09-25,563.5143,-0.0043450797608013,HDFC Top 100 Fund - Regular Plan - Growth,-0.3490765680999515
100016,2023-09-26,558.376,-0.0091183134128096,HDFC Top 100 Fund - Regular Plan - Growth,-0.31858950525837026
100016,2023-09-27,570.0712,0.0209450262905281,HDFC Top 100 Fund - Regular Plan - Growth,0.02553173368105904
100016,2023-09-28,579.8367,0.0171303163534659,HDFC Top 100 Fund - Regular Plan - Growth,0.5172240585279638
100016,2023-09-29,574.2208,-0.009685313123505,HDFC Top 100 Fund - Regular Plan - Growth,0.3450429932181886
100016,2023-10-02,582.5895,0.0145740105548248,HDFC Top 100 Fund - Regular Plan - Growth,0.8028169386036937
100016,2023-10-03,580.8402,-0.0030026287806423,HDFC Top 100 Fund - Regular Plan - Growth,0.5892895663292291
100016,2023-10-04,581.8024,0.0016565657817761,HDFC Top 100 Fund - Regular Plan - Growth,0.7620609066084091
100016,2023-10-05,581.7779,-4.211051724778425e-05,HDFC Top 100 Fund - Regular Plan - Growth,0.6540320711961847
100016,2023-10-06,578.7012,-0.0052884442671337,HDFC Top 100 Fund - Regular Plan - Growth,0.5972376705599206
100016,2023-10-09,584.0455,0.0092349903542621,HDFC Top 100 Fund - Regular Plan - Growth,0.7881202263268426
100016,2023-10-10,584.996,0.0016274416976074,HDFC Top 100 Fund - Regular Plan - Growth,0.7842924568669841
100016,2023-10-11,582.8431,-0.0036801961039049,HDFC Top 100 Fund - Regular Plan - Growth,0.8358950098505307
100016,2023-10-12,576.473,-0.0109293564597403,HDFC Top 100 Fund - Regular Plan - Growth,0.5647291140722643
100016,2023-10-13,572.2429,-0.0073378978720599,HDFC Top 100 Fund - Regular Plan - Growth,0.14084309136424822
100016,2023-10-16,564.3101,-0.013862644691616,HDFC Top 100 Fund - Regular Plan - Growth,-0.009947058933955819
100016,2023-10-17,564.6621,0.0006237705119933,HDFC Top 100 Fund - Regular Plan - Growth,-0.21548692312274279
100016,2023-10-18,559.0226,-0.0099873889180803,HDFC Top 100 Fund - Regular Plan - Growth,-0.6962922292288688
100016,2023-10-19,558.0026,-0.0018246131730631,HDFC Top 100 Fund - Regular Plan - Growth,-0.6006365617231841
100016,2023-10-20,565.0774,0.0126787939697772,HDFC Top 100 Fund - Regular Plan - Growth,-0.09758716683105761
100016,2023-10-23,571.3805,0.0111544011492938,HDFC Top 100 Fund - Regular Plan - Growth,0.06249881264345892
100016,2023-10-24,571.5127,0.0002313694639561,HDFC Top 100 Fund - Regular Plan - Growth,0.1533123585346505
100016,2023-10-25,571.3686,-0.0002521378790006,HDFC Top 100 Fund - Regular Plan - Growth,-0.19901154604820548
100016,2023-10-26,581.22,0.0172417595226619,HDFC Top 100 Fund - Regular Plan - Growth,0.13379070798088208
100016,2023-10-27,584.1967,0.0051214686349401,HDFC Top 100 Fund - Regular Plan - Growth,0.3675704470286114
100016,2023-10-30,582.8108,-0.0023723174061065,HDFC Top 100 Fund - Regular Plan - Growth,0.5148178728092755
100016,2023-10-31,575.8241,-0.0119879384527533,HDFC Top 100 Fund - Regular Plan - Growth,0.0675581885864199
100016,2023-11-01,578.126,0.0039975749538789,HDFC Top 100 Fund - Regular Plan - Growth,0.23865512942246567
100016,2023-11-02,582.6704,0.0078605701871219,HDFC Top 100 Fund - Regular Plan - Growth,0.37693372168093214
100016,2023-11-03,579.7325,-0.0050421301648411,HDFC Top 100 Fund - Regular Plan - Growth,0.09647129081304862
100016,2023-11-06,581.5232,0.0030888383866698,HDFC Top 100 Fund - Regular Plan - Growth,0.23394907619915462
100016,2023-11-07,579.9607,-0.0026869091379329,HDFC Top 100 Fund - Regular Plan - Growth,0.1776046779171128
100016,2023-11-08,579.3189,-0.0011066267076372,HDFC Top 100 Fund - Regular Plan - Growth,0.14792652864405764
100016,2023-11-09,567.0393,-0.0211966155428382,HDFC Top 100 Fund - Regular Plan - Growth,-0.39826202829567586
100016,2023-11-10,566.2233,-0.0014390536952201,HDFC Top 100 Fund - Regular Plan - Growth,-0.539774071609471
100016,2023-11-13,571.3794,0.0091061247391268,HDFC Top 100 Fund - Regular Plan - Growth,-0.3316958149490237
100016,2023-11-14,568.4997,-0.0050399086841423,HDFC Top 100 Fund - Regular Plan - Growth,-0.45006539008509694
100016,2023-11-15,569.0566,0.0009795959434983,HDFC Top 100 Fund - Regular Plan - Growth,-0.37755488787928626
100016,2023-11-16,565.5671,-0.0061320789531305,HDFC Top 100 Fund - Regular Plan - Growth,-0.2570340200123095
100016,2023-11-17,567.6605,0.0037014175683132,HDFC Top 100 Fund - Regular Plan - Growth,-0.23910728199401077
100016,2023-11-20,566.87,-0.0013925576995403,HDFC Top 100 Fund - Regular Plan - Growth,-0.6194996863683365
100016,2023-11-21,562.4839,-0.0077374001093726,HDFC Top 100 Fund - Regular Plan - Growth,-0.6289111233894282
100016,2023-11-22,569.4269,0.0123434644084925,HDFC Top 100 Fund - Regular Plan - Growth,-0.2541394723338816
100016,2023-11-23,574.4072,0.0087461621500493,HDFC Top 100 Fund - Regular Plan - Growth,0.060687888045789166
100016,2023-11-24,571.6459,-0.0048072169011809,HDFC Top 100 Fund - Regular Plan - Growth,-0.17190227988005422
100016,2023-11-27,574.4572,0.0049179045979337,HDFC Top 100 Fund - Regular Plan - Growth,-0.16319297439060299
100016,2023-11-28,577.4842,0.0052693220661175,HDFC Top 100 Fund - Regular Plan - Growth,-0.041196964979942505
100016,2023-11-29,581.0643,0.0061994769727033,HDFC Top 100 Fund - Regular Plan - Growth,0.23113895486278968
100016,2023-11-30,572.7421,-0.0143223391972281,HDFC Top 100 Fund - Regular Plan - Growth,-0.07782625052950841
100016,2023-12-01,578.1473,0.0094374064696831,HDFC Top 100 Fund - Regular Plan - Growth,0.36637918991041074
100016,2023-12-04,575.5467,-0.0044981616276682,HDFC Top 100 Fund - Regular Plan - Growth,0.2426522056453193
100016,2023-12-05,574.0293,-0.0026364498310909,HDFC Top 100 Fund - Regular Plan - Growth,0.029442612457072904
100016,2023-12-06,587.8432,0.0240647994797478,HDFC Top 100 Fund - Regular Plan - Growth,0.6881381830992
100016,2023-12-07,589.7144,0.0031831617683082,HDFC Top 100 Fund - Regular Plan - Growth,1.0071808784469582
100016,2023-12-08,588.0119,-0.0028869907195754,HDFC Top 100 Fund - Regular Plan - Growth,0.678825207219958
100016,2023-12-11,576.9838,-0.0187548925455419,HDFC Top 100 Fund - Regular Plan - Growth,0.39786910529114833
100016,2023-12-12,584.4006,0.0128544336946723,HDFC Top 100 Fund - Regular Plan - Growth,0.4396878959958863
100016,2023-12-13,577.8064,-0.0112836982029108,HDFC Top 100 Fund - Regular Plan - Growth,0.2385670841104142
100016,2023-12-14,573.0112,-0.0082989734970052,HDFC Top 100 Fund - Regular Plan - Growth,0.0984822704151951
100016,2023-12-15,571.634,-0.0024034434230953,HDFC Top 100 Fund - Regular Plan - Growth,-0.0294320197883424
100016,2023-12-18,579.1181,0.0130924682576614,HDFC Top 100 Fund - Regular Plan - Growth,0.3512356468692924
100016,2023-12-19,583.3816,0.0073620562023533,HDFC Top 100 Fund - Regular Plan - Growth,0.4559772843374939
100016,2023-12-20,582.8708,-0.0008755846944779,HDFC Top 100 Fund - Regular Plan - Growth,0.4929390996094839
100016,2023-12-21,584.7593,0.0032399976118206,HDFC Top 100 Fund - Regular Plan - Growth,0.7657328699955761
100016,2023-12-22,581.9713,-0.0047677736805553,HDFC Top 100 Fund - Regular Plan - Growth,0.6096871487589695
100016,2023-12-25,582.9892,0.0017490553228312,HDFC Top 100 Fund - Regular Plan - Growth,0.6765377407645611
100016,2023-12-26,583.6674,0.0011633148607212,HDFC Top 100 Fund - Regular Plan - Growth,0.7147426264824975
100016,2023-12-27,588.9793,0.0091009023289632,HDFC Top 100 Fund - Regular Plan - Growth,1.0781837176225246
100016,2023-12-28,594.3311,0.0090865672189159,HDFC Top 100 Fund - Regular Plan - Growth,0.9812140845375993
100016,2023-12-29,597.2339,0.0048841462275825,HDFC Top 100 Fund - Regular Plan - Growth,0.9191732604604764
100016,2024-01-01,595.6357,-0.0026760034887501,HDFC Top 100 Fund - Regular Plan - Growth,0.6987347392457629
100016,2024-01-02,599.8546,0.0070830207121566,HDFC Top 100 Fund - Regular Plan - Growth,0.8735643368223176
100016,2024-01-03,599.6775,-0.0002952382127269,HDFC Top 100 Fund - Regular Plan - Growth,1.1645696311596492
100016,2024-01-04,594.2894,-0.0089849961020715,HDFC Top 100 Fund - Regular Plan - Growth,0.6535169803241434
100016,2024-01-05,592.485,-0.0030362311695277,HDFC Top 100 Fund - Regular Plan - Growth,0.5938530728620647
100016,2024-01-08,593.2328,0.0012621416575946,HDFC Top 100 Fund - Regular Plan - Growth,0.7398699207290337
100016,2024-01-09,598.3226,0.0085797683472659,HDFC Top 100 Fund - Regular Plan - Growth,0.823081977328533
100016,2024-01-10,597.6632,-0.0011020810512589,HDFC Top 100 Fund - Regular Plan - Growth,0.5927425463474012
100016,2024-01-11,591.6287,-0.0100968237629487,HDFC Top 100 Fund - Regular Plan - Growth,0.3841282239404211
100016,2024-01-12,592.2302,0.0010166849579811,HDFC Top 100 Fund - Regular Plan - Growth,0.17306197818321456
100016,2024-01-15,593.129,0.0015176531017837,HDFC Top 100 Fund - Regular Plan - Growth,0.002776953436214162
100016,2024-01-16,594.4085,0.0021572035762877,HDFC Top 100 Fund - Regular Plan - Growth,0.225265556124421
100016,2024-01-17,599.5594,0.0086655894052658,HDFC Top 100 Fund - Regular Plan - Growth,0.5060933810043035
100016,2024-01-18,605.2836,0.009547344266473,HDFC Top 100 Fund - Regular Plan - Growth,0.5166552838657006
100016,2024-01-19,602.4306,-0.0047134929808109,HDFC Top 100 Fund - Regular Plan - Growth,0.9204335840818141
100016,2024-01-22,599.4751,-0.0049059592922404,HDFC Top 100 Fund - Regular Plan - Growth,0.8333481235592276
100016,2024-01-23,594.3074,-0.008620374724488,HDFC Top 100 Fund - Regular Plan - Growth,0.9092860698367495
100016,2024-01-24,598.2899,0.0067010775904858,HDFC Top 100 Fund - Regular Plan - Growth,1.124089735894296
100016,2024-01-25,606.2963,0.0133821413331562,HDFC Top 100 Fund - Regular Plan - Growth,1.4298649640757637
100016,2024-01-26,604.9258,-0.0022604459238824,HDFC Top 100 Fund - Regular Plan - Growth,1.4379460490971936
100016,2024-01-29,603.9507,-0.0016119332321418,HDFC Top 100 Fund - Regular Plan - Growth,1.4965778901616318
100016,2024-01-30,612.1297,0.013542496101089,HDFC Top 100 Fund - Regular Plan - Growth,1.9551643990622756
100016,2024-01-31,615.1823,0.0049868516427158,HDFC Top 100 Fund - Regular Plan - Growth,1.677160402551749
100016,2024-02-01,617.8723,0.004372687575699,HDFC Top 100 Fund - Regular Plan - Growth,1.4370412475845482
100016,2024-02-02,611.7323,-0.0099373284738609,HDFC Top 100 Fund - Regular Plan - Growth,1.4309561288059867
100016,2024-02-05,615.7225,0.0065227878272897,HDFC Top 100 Fund - Regular Plan - Growth,1.2742522116559913
100016,2024-02-06,611.0129,-0.0076489002756924,HDFC Top 100 Fund - Regular Plan - Growth,1.1669935248442944
100016,2024-02-07,605.2447,-0.0094403898837487,HDFC Top 100 Fund - Regular Plan - Growth,0.9175762795604812
100016,2024-02-08,603.7079,-0.0025391383022436,HDFC Top 100 Fund - Regular Plan - Growth,0.8630002470601529
100016,2024-02-09,600.907,-0.0046394953585996,HDFC Top 100 Fund - Regular Plan - Growth,0.8775274215740718
100016,2024-02-12,600.0432,-0.0014374936554243,HDFC Top 100 Fund - Regular Plan - Growth,0.6511307293667902
100016,2024-02-13,592.7717,-0.0121182941494878,HDFC Top 100 Fund - Regular Plan - Growth,0.34788525133126397
100016,2024-02-14,598.1139,0.0090122386072073,HDFC Top 100 Fund - Regular Plan - Growth,0.6171426733949458
100016,2024-02-15,604.4037,0.0105160572258895,HDFC Top 100 Fund - Regular Plan - Growth,1.0775251118921563
100016,2024-02-16,594.4189,-0.0165200841755269,HDFC Top 100 Fund - Regular Plan - Growth,0.864824638569285
100016,2024-02-19,599.8798,0.0091869555291732,HDFC Top 100 Fund - Regular Plan - Growth,1.3637886181756287
100016,2024-02-20,595.9144,-0.0066103242682951,HDFC Top 100 Fund - Regular Plan - Growth,1.204957139676979
100016,2024-02-21,600.7451,0.0081063656122422,HDFC Top 100 Fund - Regular Plan - Growth,1.5954034014907008
100016,2024-02-22,600.6923,-8.78908542074619e-05,HDFC Top 100 Fund - Regular Plan - Growth,1.633143154819175
100016,2024-02-23,601.1548,0.0007699449451907,HDFC Top 100 Fund - Regular Plan - Growth,1.3961511564109492
100016,2024-02-26,600.484,-0.0011158523561651,HDFC Top 100 Fund - Regular Plan - Growth,1.142475597823344
100016,2024-02-27,607.2508,0.011268909746138,HDFC Top 100 Fund - Regular Plan - Growth,1.369002338043446
100016,2024-02-28,600.9583,-0.0103622753564096,HDFC Top 100 Fund - Regular Plan - Growth,1.1402072186465744
100016,2024-02-29,604.5003,0.0058939197611549,HDFC Top 100 Fund - Regular Plan - Growth,0.9176348755829066
100016,2024-03-01,610.7152,0.0102810536239601,HDFC Top 100 Fund - Regular Plan - Growth,1.0233267830916002
100016,2024-03-04,614.9028,0.0068568786236202,HDFC Top 100 Fund - Regular Plan - Growth,1.2195435233910903
100016,2024-03-05,627.9635,0.0212402675674918,HDFC Top 100 Fund - Regular Plan - Growth,1.8956453761373997
100016,2024-03-06,625.3634,-0.0041405272758687,HDFC Top 100 Fund - Regular Plan - Growth,1.7216016352104666
100016,2024-03-07,630.9909,0.0089987677564757,HDFC Top 100 Fund - Regular Plan - Growth,1.7431984167760834
100016,2024-03-08,630.7261,-0.0004196573991797,HDFC Top 100 Fund - Regular Plan - Growth,1.8455061883063717
100016,2024-03-11,637.9534,0.0114586981575679,HDFC Top 100 Fund - Regular Plan - Growth,2.0053201464304315
100016,2024-03-12,638.2393,0.0004481518556056,HDFC Top 100 Fund - Regular Plan - Growth,2.0731942456244745
100016,2024-03-13,636.388,-0.0029006361720438,HDFC Top 100 Fund - Regular Plan - Growth,2.0338204255841896
100016,2024-03-14,644.0928,0.0121070793289628,HDFC Top 100 Fund - Regular Plan - Growth,2.8185953740073697
100016,2024-03-15,641.6375,-0.0038120283288369,HDFC Top 100 Fund - Regular Plan - Growth,2.7628441522801803
100016,2024-03-18,634.0199,-0.011872124057587,HDFC Top 100 Fund - Regular Plan - Growth,2.288767090192487
100016,2024-03-19,631.4621,-0.004034258230696,HDFC Top 100 Fund - Regular Plan - Growth,2.312454576976442
100016,2024-03-20,635.2466,0.0059932337981962,HDFC Top 100 Fund - Regular Plan - Growth,2.415173750846298
100016,2024-03-21,643.4252,0.0128746852009913,HDFC Top 100 Fund - Regular Plan - Growth,2.8033669951937488
100016,2024-03-22,644.3884,0.0014969883057114,HDFC Top 100 Fund - Regular Plan - Growth,2.7577299966378694
100016,2024-03-25,652.2598,0.0122153036895138,HDFC Top 100 Fund - Regular Plan - Growth,3.020624447530938
100016,2024-03-26,644.8262,-0.0113966857991248,HDFC Top 100 Fund - Regular Plan - Growth,2.9246142636419905
100016,2024-03-27,642.6418,-0.0033875794749034,HDFC Top 100 Fund - Regular Plan - Growth,2.6153515927907645
100016,2024-03-28,641.3391,-0.0020271012560962,HDFC Top 100 Fund - Regular Plan - Growth,2.3968654096127535
100016,2024-03-29,641.0221,-0.0004942782998884,HDFC Top 100 Fund - Regular Plan - Growth,2.4948832037308453
100016,2024-04-01,641.8287,0.0012583029508654,HDFC Top 100 Fund - Regular Plan - Growth,2.4198960090564
100016,2024-04-02,646.0847,0.0066310528027182,HDFC Top 100 Fund - Regular Plan - Growth,2.446261270414498
100016,2024-04-03,643.8872,-0.003401256832115,HDFC Top 100 Fund - Regular Plan - Growth,2.2433318811289236
100016,2024-04-04,645.0099,0.0017436283870839,HDFC Top 100 Fund - Regular Plan - Growth,2.636484510575073
100016,2024-04-05,645.0859,0.0001178276488469,HDFC Top 100 Fund - Regular Plan - Growth,2.448296137954484
100016,2024-04-08,640.17,-0.0076205354976757,HDFC Top 100 Fund - Regular Plan - Growth,2.3711598199682338
100016,2024-04-09,639.8586,-0.0004864332911569,HDFC Top 100 Fund - Regular Plan - Growth,2.42021434396371
100016,2024-04-10,639.3782,-0.0007507908778596,HDFC Top 100 Fund - Regular Plan - Growth,1.9717185884211084
100016,2024-04-11,638.7775,-0.000939506539322,HDFC Top 100 Fund - Regular Plan - Growth,1.8782805718860025
100016,2024-04-12,639.2861,0.000796208382418,HDFC Top 100 Fund - Regular Plan - Growth,1.9646841669165835
100016,2024-04-15,640.043,0.0011839769392765,HDFC Top 100 Fund - Regular Plan - Growth,2.5126872111128917
100016,2024-04-16,637.9365,-0.0032911851234994,HDFC Top 100 Fund - Regular Plan - Growth,2.15699116856362
100016,2024-04-17,645.4701,0.0118093258498297,HDFC Top 100 Fund - Regular Plan - Growth,2.721086459807527
100016,2024-04-18,639.1767,-0.0097501030644177,HDFC Top 100 Fund - Regular Plan - Growth,2.6778857647203003
100016,2024-04-19,635.4532,-0.0058254626615769,HDFC Top 100 Fund - Regular Plan - Growth,2.586105785306735
100016,2024-04-22,651.5612,0.0253488376484687,HDFC Top 100 Fund - Regular Plan - Growth,2.7565880827388987
100016,2024-04-23,645.957,-0.0086011874249111,HDFC Top 100 Fund - Regular Plan - Growth,2.378295095756914
100016,2024-04-24,638.6202,-0.011358031571761,HDFC Top 100 Fund - Regular Plan - Growth,2.1103953427076734
100016,2024-04-25,643.1019,0.0070177861583458,HDFC Top 100 Fund - Regular Plan - Growth,2.188997861260008
100016,2024-04-26,631.7543,-0.0176451041429049,HDFC Top 100 Fund - Regular Plan - Growth,1.8492992968542024
100016,2024-04-29,630.7702,-0.0015577258437337,HDFC Top 100 Fund - Regular Plan - Growth,1.7765544468645962
100016,2024-04-30,643.1525,0.0196304454459008,HDFC Top 100 Fund - Regular Plan - Growth,2.1162699809919188
100016,2024-05-01,634.7763,-0.0130236607958454,HDFC Top 100 Fund - Regular Plan - Growth,1.6319025971377839
100016,2024-05-02,624.0991,-0.016820413742605,HDFC Top 100 Fund - Regular Plan - Growth,1.0704933647009387
100016,2024-05-03,616.2197,-0.0126252385238178,HDFC Top 100 Fund - Regular Plan - Growth,0.703090245615393
100016,2024-05-06,621.4418,0.0084744126161495,HDFC Top 100 Fund - Regular Plan - Growth,0.9255410147980849
100016,2024-05-07,627.9608,0.0104901215206314,HDFC Top 100 Fund - Regular Plan - Growth,0.9902807532909758
100016,2024-05-08,625.451,-0.0039967462937176,HDFC Top 100 Fund - Regular Plan - Growth,0.9144795338897966
100016,2024-05-09,629.5556,0.0065626244102254,HDFC Top 100 Fund - Regular Plan - Growth,1.2319140103756867
100016,2024-05-10,637.6509,0.0128587530632717,HDFC Top 100 Fund - Regular Plan - Growth,1.537774986600796
100016,2024-05-13,648.116,0.0164119583301771,HDFC Top 100 Fund - Regular Plan - Growth,1.8095468017235896
100016,2024-05-14,647.0433,-0.0016551049503482,HDFC Top 100 Fund - Regular Plan - Growth,1.6142275493368659
100016,2024-05-15,634.3697,-0.0195869426358329,HDFC Top 100 Fund - Regular Plan - Growth,1.2150970532782626
100016,2024-05-16,630.1188,-0.0067009820929341,HDFC Top 100 Fund - Regular Plan - Growth,1.2854899309684842
100016,2024-05-17,628.0754,-0.0032428805488743,HDFC Top 100 Fund - Regular Plan - Growth,1.2022433356663684
100016,2024-05-20,626.9661,-0.0017661892186828,HDFC Top 100 Fund - Regular Plan - Growth,1.138698921223587
100016,2024-05-21,626.2512,-0.0011402530376043,HDFC Top 100 Fund - Regular Plan - Growth,1.0752525554877264
100016,2024-05-22,632.7878,0.0104376646304229,HDFC Top 100 Fund - Regular Plan - Growth,1.1069813526275976
100016,2024-05-23,640.2703,0.0118246590721251,HDFC Top 100 Fund - Regular Plan - Growth,1.1471846246530457
100016,2024-05-24,639.6315,-0.0009977036261092,HDFC Top 100 Fund - Regular Plan - Growth,1.2203639327532914
100016,2024-05-27,646.1915,0.0102559051578918,HDFC Top 100 Fund - Regular Plan - Growth,1.5051208042465059
100016,2024-05-28,648.5674,0.00367677383562,HDFC Top 100 Fund - Regular Plan - Growth,1.7494932022365743
100016,2024-05-29,649.2714,0.0010854692974082,HDFC Top 100 Fund - Regular Plan - Growth,1.645309909713154
100016,2024-05-30,654.8208,0.0085471191246064,HDFC Top 100 Fund - Regular Plan - Growth,1.562488199030138
100016,2024-05-31,655.5763,0.0011537507666219,HDFC Top 100 Fund - Regular Plan - Growth,1.6296872006241747
100016,2024-06-03,667.9269,0.0188393021529302,HDFC Top 100 Fund - Regular Plan - Growth,1.9846660927394797
100016,2024-06-04,659.8477,-0.0120959344503118,HDFC Top 100 Fund - Regular Plan - Growth,1.4966370590789067
100016,2024-06-05,657.1955,-0.0040194123583365,HDFC Top 100 Fund - Regular Plan - Growth,1.3253581538832808
100016,2024-06-06,656.8013,-0.0005998215142983,HDFC Top 100 Fund - Regular Plan - Growth,1.2320275358013932
100016,2024-06-07,659.692,0.0044011788649018,HDFC Top 100 Fund - Regular Plan - Growth,1.5140569830012065
100016,2024-06-10,667.4546,0.0117670064211783,HDFC Top 100 Fund - Regular Plan - Growth,1.605082187681241
100016,2024-06-11,667.6553,0.0003006946090415,HDFC Top 100 Fund - Regular Plan - Growth,1.7645281040039928
100016,2024-06-12,659.6735,-0.0119549713751991,HDFC Top 100 Fund - Regular Plan - Growth,1.7099518045949724
100016,2024-06-13,664.9362,0.0079777344398404,HDFC Top 100 Fund - Regular Plan - Growth,1.905472406484961
100016,2024-06-14,669.7236,0.007199788490986,HDFC Top 100 Fund - Regular Plan - Growth,2.1296292266705255
100016,2024-06-17,658.6916,-0.0164724671491344,HDFC Top 100 Fund - Regular Plan - Growth,1.8092214351864149
100016,2024-06-18,659.0094,0.0004824716149409,HDFC Top 100 Fund - Regular Plan - Growth,2.0663004365279147
100016,2024-06-19,650.1674,-0.0134171075556737,HDFC Top 100 Fund - Regular Plan - Growth,1.6292845887642597
100016,2024-06-20,646.701,-0.0053315499977391,HDFC Top 100 Fund - Regular Plan - Growth,1.338655462835175
100016,2024-06-21,641.9035,-0.0074184205683924,HDFC Top 100 Fund - Regular Plan - Growth,1.5314646244778671
100016,2024-06-24,646.8347,0.0076821516006688,HDFC Top 100 Fund - Regular Plan - Growth,1.5051404315217018
100016,2024-06-25,647.8357,0.0015475360242731,HDFC Top 100 Fund - Regular Plan - Growth,1.6662672717247657
100016,2024-06-26,640.8626,-0.0107636859160431,HDFC Top 100 Fund - Regular Plan - Growth,1.299385212685455
100016,2024-06-27,646.1893,0.0083117660478235,HDFC Top 100 Fund - Regular Plan - Growth,1.453463611041914
100016,2024-06-28,638.3989,-0.0120559099322752,HDFC Top 100 Fund - Regular Plan - Growth,1.1984050785492828
100016,2024-07-01,640.5906,0.0034331199505512,HDFC Top 100 Fund - Regular Plan - Growth,1.2831621403919808
100016,2024-07-02,636.3365,-0.006640902941754,HDFC Top 100 Fund - Regular Plan - Growth,0.9518820069230636
100016,2024-07-03,634.6149,-0.0027054867982584,HDFC Top 100 Fund - Regular Plan - Growth,1.1032678447214437
100016,2024-07-04,637.7724,0.0049754583448953,HDFC Top 100 Fund - Regular Plan - Growth,1.086527694746094
100016,2024-07-05,641.0427,0.0051276913206028,HDFC Top 100 Fund - Regular Plan - Growth,0.9937873209214553
100016,2024-07-08,648.9807,0.0123829504649222,HDFC Top 100 Fund - Regular Plan - Growth,1.0917133605020632
100016,2024-07-09,648.8447,-0.000209559390595,HDFC Top 100 Fund - Regular Plan - Growth,0.7065811111094845
100016,2024-07-10,650.9364,0.0032237298077646,HDFC Top 100 Fund - Regular Plan - Growth,0.8503635873071294
100016,2024-07-11,648.7629,-0.0033390358873771,HDFC Top 100 Fund - Regular Plan - Growth,0.6130447553352777
100016,2024-07-12,650.1403,0.0021231177060219,HDFC Top 100 Fund - Regular Plan - Growth,0.6625581401277093
100016,2024-07-15,653.0019,0.0044015114891353,HDFC Top 100 Fund - Regular Plan - Growth,0.528758945660665
100016,2024-07-16,652.7726,-0.0003511475234604,HDFC Top 100 Fund - Regular Plan - Growth,0.513031635475383
100016,2024-07-17,642.8023,-0.0152737722140912,HDFC Top 100 Fund - Regular Plan - Growth,0.2655627411767385
100016,2024-07-18,645.0168,0.0034450716806708,HDFC Top 100 Fund - Regular Plan - Growth,0.09884821206270482
100016,2024-07-19,647.4278,0.0037378871372033,HDFC Top 100 Fund - Regular Plan - Growth,0.24630169802030027
100016,2024-07-22,643.8879,-0.0054676367001851,HDFC Top 100 Fund - Regular Plan - Growth,0.3743047341570789
100016,2024-07-23,636.9641,-0.0107531140125477,HDFC Top 100 Fund - Regular Plan - Growth,0.2403547778426244
100016,2024-07-24,645.642,0.0136238447347347,HDFC Top 100 Fund - Regular Plan - Growth,0.38560042684096385
100016,2024-07-25,648.781,0.004861827452365,HDFC Top 100 Fund - Regular Plan - Growth,0.23276088320945307
100016,2024-07-26,647.8057,-0.0015032807680864,HDFC Top 100 Fund - Regular Plan - Growth,0.17414525223985208
100016,2024-07-29,641.6731,-0.009466727446208,HDFC Top 100 Fund - Regular Plan - Growth,-0.25041577495675105
100016,2024-07-30,637.3679,-0.0067093353297809,HDFC Top 100 Fund - Regular Plan - Growth,-0.15940428141241164
100016,2024-07-31,645.0648,0.0120760709787863,HDFC Top 100 Fund - Regular Plan - Growth,0.14433746786167787
100016,2024-08-01,646.1817,0.0017314539562536,HDFC Top 100 Fund - Regular Plan - Growth,0.21783135238450543
100016,2024-08-02,643.3834,-0.0043305157047931,HDFC Top 100 Fund - Regular Plan - Growth,0.14264783388875438
100016,2024-08-05,646.6154,0.0050234432532763,HDFC Top 100 Fund - Regular Plan - Growth,0.21581424110779074
100016,2024-08-06,642.3191,-0.0066442896349204,HDFC Top 100 Fund - Regular Plan - Growth,-0.04294584711563435
100016,2024-08-07,651.2134,0.0138471672413289,HDFC Top 100 Fund - Regular Plan - Growth,0.2897176478446055
100016,2024-08-08,659.3693,0.0125241587473476,HDFC Top 100 Fund - Regular Plan - Growth,0.4924298407915657
100016,2024-08-09,657.0006,-0.0035923722866684,HDFC Top 100 Fund - Regular Plan - Growth,0.42127425797901713
100016,2024-08-12,653.7051,-0.0050159771543586,HDFC Top 100 Fund - Regular Plan - Growth,0.47194942179891763
100016,2024-08-13,639.1138,-0.0223209211615452,HDFC Top 100 Fund - Regular Plan - Growth,0.05334352793906456
100016,2024-08-14,631.1428,-0.012471957263323,HDFC Top 100 Fund - Regular Plan - Growth,-0.16182049005947638
100016,2024-08-15,624.0528,-0.0112335908767396,HDFC Top 100 Fund - Regular Plan - Growth,-0.3477853144164218
100016,2024-08-16,625.1196,0.0017094707370914,HDFC Top 100 Fund - Regular Plan - Growth,-0.3311293093726888
100016,2024-08-19,623.6453,-0.0023584286910856,HDFC Top 100 Fund - Regular Plan - Growth,-0.39545967529763276
100016,2024-08-20,616.6077,-0.0112846196387593,HDFC Top 100 Fund - Regular Plan - Growth,-0.5371618357579601
100016,2024-08-21,615.398,-0.0019618632722231,HDFC Top 100 Fund - Regular Plan - Growth,-0.7926721446931657
100016,2024-08-22,618.4657,0.0049849040783362,HDFC Top 100 Fund - Regular Plan - Growth,-0.5261546113368212
100016,2024-08-23,621.6721,0.0051844427265732,HDFC Top 100 Fund - Regular Plan - Growth,-0.3249592063484457
100016,2024-08-26,611.6591,-0.0161065616423835,HDFC Top 100 Fund - Regular Plan - Growth,-1.111102980923711
100016,2024-08-27,611.2828,-0.000615211970197,HDFC Top 100 Fund - Regular Plan - Growth,-0.9652241350788465
100016,2024-08-28,604.1821,-0.0116160637924049,HDFC Top 100 Fund - Regular Plan - Growth,-0.9697341194982585
100016,2024-08-29,609.3203,0.0085043896533842,HDFC Top 100 Fund - Regular Plan - Growth,-0.9402564913871835
100016,2024-08-30,613.8653,0.0074591311006708,HDFC Top 100 Fund - Regular Plan - Growth,-0.4755320349399819
100016,2024-09-02,609.337,-0.0073766997417837,HDFC Top 100 Fund - Regular Plan - Growth,-0.5847340264053523
100016,2024-09-03,605.5466,-0.0062205314957075,HDFC Top 100 Fund - Regular Plan - Growth,-1.1037121559944163
100016,2024-09-04,603.3994,-0.00354588730248,HDFC Top 100 Fund - Regular Plan - Growth,-0.9282110418241887
100016,2024-09-05,591.8348,-0.0191657466016705,HDFC Top 100 Fund - Regular Plan - Growth,-0.9688774297130243
100016,2024-09-06,593.8972,0.0034847562191342,HDFC Top 100 Fund - Regular Plan - Growth,-0.6593317884663091
100016,2024-09-09,592.7756,-0.0018885423268537,HDFC Top 100 Fund - Regular Plan - Growth,-0.8689969470706953
100016,2024-09-10,598.1777,0.0091132293569435,HDFC Top 100 Fund - Regular Plan - Growth,-0.8981931419890089
100016,2024-09-11,592.7168,-0.0091292269838877,HDFC Top 100 Fund - Regular Plan - Growth,-0.996036760103471
100016,2024-09-12,589.7935,-0.004932034995465,HDFC Top 100 Fund - Regular Plan - Growth,-1.226920746109808
100016,2024-09-13,582.3095,-0.0126891869781542,HDFC Top 100 Fund - Regular Plan - Growth,-1.7406692119323357
100016,2024-09-16,577.4725,-0.0083065792332084,HDFC Top 100 Fund - Regular Plan - Growth,-2.2758742195639408
100016,2024-09-17,571.7791,-0.0098591707830243,HDFC Top 100 Fund - Regular Plan - Growth,-2.429371132167026
100016,2024-09-18,577.1211,0.00934276891198,HDFC Top 100 Fund - Regular Plan - Growth,-1.8764705394249828
100016,2024-09-19,573.8741,-0.0056262021956916,HDFC Top 100 Fund - Regular Plan - Growth,-1.8559401647836804
100016,2024-09-20,574.7993,0.0016122003066527,HDFC Top 100 Fund - Regular Plan - Growth,-1.7558079746390165
100016,2024-09-23,573.168,-0.002838034075546,HDFC Top 100 Fund - Regular Plan - Growth,-1.7774725580282467
100016,2024-09-24,567.0793,-0.0106228889261089,HDFC Top 100 Fund - Regular Plan - Growth,-1.9587938488163052
100016,2024-09-25,566.5304,-0.0009679422260696,HDFC Top 100 Fund - Regular Plan - Growth,-2.2142548142352543
100016,2024-09-26,569.8255,0.005816280997454,HDFC Top 100 Fund - Regular Plan - Growth,-2.3602878109936944
100016,2024-09-27,564.0792,-0.0100843152859955,HDFC Top 100 Fund - Regular Plan - Growth,-2.5343684899440477
100016,2024-09-30,568.4118,0.0076808363080929,HDFC Top 100 Fund - Regular Plan - Growth,-2.5984388632881723
100016,2024-10-01,564.4593,-0.0069535854111403,HDFC Top 100 Fund - Regular Plan - Growth,-2.818610547674413
100016,2024-10-02,562.3501,-0.0037366733084209,HDFC Top 100 Fund - Regular Plan - Growth,-2.919314720681608
100016,2024-10-03,565.2797,0.0052095660692512,HDFC Top 100 Fund - Regular Plan - Growth,-3.0019691027292783
100016,2024-10-04,562.2719,-0.0053209057392298,HDFC Top 100 Fund - Regular Plan - Growth,-3.1357490873823246
100016,2024-10-07,562.7485,0.0008476326133317,HDFC Top 100 Fund - Regular Plan - Growth,-3.632805667525538
100016,2024-10-08,561.4784,-0.0022569584814532,HDFC Top 100 Fund - Regular Plan - Growth,-3.4511206189736123
100016,2024-10-09,562.4094,0.0016581225564511,HDFC Top 100 Fund - Regular Plan - Growth,-3.325624982550762
100016,2024-10-10,551.0083,-0.0202718873475443,HDFC Top 100 Fund - Regular Plan - Growth,-3.6494396519997983
100016,2024-10-11,542.4682,-0.0154990405770656,HDFC Top 100 Fund - Regular Plan - Growth,-4.02534913604043
100016,2024-10-14,545.7045,0.0059658796589368,HDFC Top 100 Fund - Regular Plan - Growth,-4.189479950525602
100016,2024-10-15,551.0032,0.0097098338019934,HDFC Top 100 Fund - Regular Plan - Growth,-3.947750527238712
100016,2024-10-16,546.8785,-0.007485800445442,HDFC Top 100 Fund - Regular Plan - Growth,-3.8752369489631335
100016,2024-10-17,545.9844,-0.001634915250828,HDFC Top 100 Fund - Regular Plan - Growth,-4.110923999900093
100016,2024-10-18,547.6879,0.0031200525143209,HDFC Top 100 Fund - Regular Plan - Growth,-4.21802972664155
100016,2024-10-21,551.3308,0.0066514158885013,HDFC Top 100 Fund - Regular Plan - Growth,-3.765925889950442
100016,2024-10-22,541.8388,-0.017216524090437,HDFC Top 100 Fund - Regular Plan - Growth,-4.071571268473626
100016,2024-10-23,537.8987,-0.0072717199285101,HDFC Top 100 Fund - Regular Plan - Growth,-3.9742244837958474
100016,2024-10-24,536.6,-0.0024143951268146,HDFC Top 100 Fund - Regular Plan - Growth,-3.915413279039572
100016,2024-10-25,540.2165,0.0067396571002609,HDFC Top 100 Fund - Regular Plan - Growth,-3.5995741546802207
100016,2024-10-28,552.5367,0.0228060416518192,HDFC Top 100 Fund - Regular Plan - Growth,-3.148010395957293
100016,2024-10-29,551.7113,-0.0014938374229258,HDFC Top 100 Fund - Regular Plan - Growth,-3.212723908530887
100016,2024-10-30,545.189,-0.0118219438318556,HDFC Top 100 Fund - Regular Plan - Growth,-3.2294405907552615
100016,2024-10-31,547.4089,0.0040717989541243,HDFC Top 100 Fund - Regular Plan - Growth,-3.332988295433957
100016,2024-11-01,554.1093,0.0122402101975322,HDFC Top 100 Fund - Regular Plan - Growth,-2.8162286346217877
100016,2024-11-04,554.9236,0.001469565661504,HDFC Top 100 Fund - Regular Plan - Growth,-2.8596260020754922
100016,2024-11-05,550.7883,-0.0074520168181708,HDFC Top 100 Fund - Regular Plan - Growth,-2.874256993815526
100016,2024-11-06,555.748,0.0090047301295252,HDFC Top 100 Fund - Regular Plan - Growth,-2.614123309501094
100016,2024-11-07,559.2982,0.0063881471458284,HDFC Top 100 Fund - Regular Plan - Growth,-2.581713954776574
100016,2024-11-08,554.5459,-0.0084968984345024,HDFC Top 100 Fund - Regular Plan - Growth,-2.8558552660251832
100016,2024-11-11,556.7015,0.0038871444185233,HDFC Top 100 Fund - Regular Plan - Growth,-3.065043682068423
100016,2024-11-12,561.9091,0.0093543847106571,HDFC Top 100 Fund - Regular Plan - Growth,-2.8442353224858326
100016,2024-11-13,568.0897,0.0109992879631244,HDFC Top 100 Fund - Regular Plan - Growth,-2.6603364565146097
100016,2024-11-14,568.0499,-7.005935858372947e-05,HDFC Top 100 Fund - Regular Plan - Growth,-2.595051851899597
100016,2024-11-15,566.551,-0.0026386766373868,HDFC Top 100 Fund - Regular Plan - Growth,-2.6928583617522057
100016,2024-11-18,573.0119,0.0114039159757901,HDFC Top 100 Fund - Regular Plan - Growth,-2.5282103531907554
100016,2024-11-19,567.2214,-0.0101053747749391,HDFC Top 100 Fund - Regular Plan - Growth,-2.708104566970054
100016,2024-11-20,569.7135,0.0043935225292979,HDFC Top 100 Fund - Regular Plan - Growth,-2.345293874746284
100016,2024-11-21,563.1618,-0.0114999907848418,HDFC Top 100 Fund - Regular Plan - Growth,-2.629470285592205
100016,2024-11-22,568.7714,0.0099609028879443,HDFC Top 100 Fund - Regular Plan - Growth,-2.487330911966907
100016,2024-11-25,567.7713,-0.0017583514220299,HDFC Top 100 Fund - Regular Plan - Growth,-2.416866376377229
100016,2024-11-26,574.4553,0.0117723456610081,HDFC Top 100 Fund - Regular Plan - Growth,-1.9604265232910638
100016,2024-11-27,577.2481,0.0048616489394388,HDFC Top 100 Fund - Regular Plan - Growth,-2.1605003623843393
100016,2024-11-28,571.349,-0.0102193493577544,HDFC Top 100 Fund - Regular Plan - Growth,-2.453678769201147
100016,2024-11-29,578.8713,0.0131658583457745,HDFC Top 100 Fund - Regular Plan - Growth,-2.130713738570344
100016,2024-12-02,587.1478,0.0142976513086758,HDFC Top 100 Fund - Regular Plan - Growth,-1.6466059762262226
100016,2024-12-03,592.0396,0.0083314627083674,HDFC Top 100 Fund - Regular Plan - Growth,-1.3508506225304298
100016,2024-12-04,588.3799,-0.0061815121826308,HDFC Top 100 Fund - Regular Plan - Growth,-1.7193124325287756
100016,2024-12-05,587.0969,-0.0021805639519637,HDFC Top 100 Fund - Regular Plan - Growth,-1.7962539016949297
100016,2024-12-06,588.1537,0.0018000435703202,HDFC Top 100 Fund - Regular Plan - Growth,-1.6771901115204924
100016,2024-12-09,584.8165,-0.0056740270442912,HDFC Top 100 Fund - Regular Plan - Growth,-1.8875873929994984
100016,2024-12-10,593.9167,0.0155607784664077,HDFC Top 100 Fund - Regular Plan - Growth,-1.430955157063575
100016,2024-12-11,594.98,0.0017903184066048,HDFC Top 100 Fund - Regular Plan - Growth,-1.6861193067925968
100016,2024-12-12,581.2624,-0.0230555648929376,HDFC Top 100 Fund - Regular Plan - Growth,-2.3326196476089933
100016,2024-12-13,583.3055,0.003514935767392,HDFC Top 100 Fund - Regular Plan - Growth,-2.1943120699018226
100016,2024-12-16,581.8173,-0.0025513217344942,HDFC Top 100 Fund - Regular Plan - Growth,-2.149069003879649
100016,2024-12-17,581.733,-0.0001448908446003,HDFC Top 100 Fund - Regular Plan - Growth,-1.7791069708007008
100016,2024-12-18,580.1441,-0.002731321757576,HDFC Top 100 Fund - Regular Plan - Growth,-1.6020615797873143
100016,2024-12-19,584.5895,0.0076625790040785,HDFC Top 100 Fund - Regular Plan - Growth,-1.2302179970664402
100016,2024-12-20,590.6954,0.010444765087296,HDFC Top 100 Fund - Regular Plan - Growth,-1.0475777188406177
100016,2024-12-23,592.4773,0.0030166139773561,HDFC Top 100 Fund - Regular Plan - Growth,-0.9408378063537599
100016,2024-12-24,591.0119,-0.0024733437044761,HDFC Top 100 Fund - Regular Plan - Growth,-0.7731639897468373
100016,2024-12-25,591.1013,0.0001512659897373,HDFC Top 100 Fund - Regular Plan - Growth,-0.731249966728945
100016,2024-12-26,591.5085,0.0006888836143652,HDFC Top 100 Fund - Regular Plan - Growth,-0.8183354581511317
100016,2024-12-27,587.6404,-0.0065393819361851,HDFC Top 100 Fund - Regular Plan - Growth,-1.051699394295327
100016,2024-12-30,590.9532,0.0056374612773391,HDFC Top 100 Fund - Regular Plan - Growth,-0.627888358601277
100016,2024-12-31,593.6618,0.004583442479032,HDFC Top 100 Fund - Regular Plan - Growth,-0.5218174137728276
100016,2025-01-01,602.0925,0.0142011832326081,HDFC Top 100 Fund - Regular Plan - Growth,-0.0005457843880785246
100016,2025-01-02,609.1095,0.0116543554354191,HDFC Top 100 Fund - Regular Plan - Growth,0.06242238156532155
100016,2025-01-03,605.7497,-0.0055159211931516,HDFC Top 100 Fund - Regular Plan - Growth,-0.19731317331667134
100016,2025-01-06,610.4627,0.0077804413274988,HDFC Top 100 Fund - Regular Plan - Growth,0.10618880877156223
100016,2025-01-07,605.6767,-0.0078399548408117,HDFC Top 100 Fund - Regular Plan - Growth,0.0736503718792743
100016,2025-01-08,609.72,0.0066756736721091,HDFC Top 100 Fund - Regular Plan - Growth,0.27731964862565656
100016,2025-01-09,607.2615,-0.0040321787049794,HDFC Top 100 Fund - Regular Plan - Growth,0.5945973060329964
100016,2025-01-10,602.1167,-0.0084721326808959,HDFC Top 100 Fund - Regular Plan - Growth,0.348055158055118
100016,2025-01-13,603.917,0.0029899519478533,HDFC Top 100 Fund - Regular Plan - Growth,0.44733813325600336
100016,2025-01-14,590.1432,-0.0228074387705595,HDFC Top 100 Fund - Regular Plan - Growth,-0.19644785314445468
100016,2025-01-15,581.4,-0.0148153871806029,HDFC Top 100 Fund - Regular Plan - Growth,-0.30574007255227187
100016,2025-01-16,580.7902,-0.001048847609219,HDFC Top 100 Fund - Regular Plan - Growth,-0.230201941306512
100016,2025-01-17,581.5125,0.0012436504610442,HDFC Top 100 Fund - Regular Plan - Growth,0.042971789177835
100016,2025-01-20,579.9206,-0.0027375163904473,HDFC Top 100 Fund - Regular Plan - Growth,0.15386126601458103
100016,2025-01-21,572.1938,-0.0133238929605191,HDFC Top 100 Fund - Regular Plan - Growth,0.08450531274402921
100016,2025-01-22,568.3745,-0.0066748363928444,HDFC Top 100 Fund - Regular Plan - Growth,-0.23279092489378433
100016,2025-01-23,570.6332,0.0039739643492098,HDFC Top 100 Fund - Regular Plan - Growth,-0.04250438482788355
100016,2025-01-24,573.8645,0.0056626568520725,HDFC Top 100 Fund - Regular Plan - Growth,0.03780164464320916
100016,2025-01-27,574.0785,0.0003729103298775,HDFC Top 100 Fund - Regular Plan - Growth,0.10145143315888827
100016,2025-01-28,580.2646,0.0107757040195721,HDFC Top 100 Fund - Regular Plan - Growth,0.5256433456633275
100016,2025-01-29,582.6023,0.0040286793300849,HDFC Top 100 Fund - Regular Plan - Growth,0.6241516614497483
100016,2025-01-30,579.0731,-0.0060576485880677,HDFC Top 100 Fund - Regular Plan - Growth,0.38872419948604897
100016,2025-01-31,577.9405,-0.0019558843261755,HDFC Top 100 Fund - Regular Plan - Growth,0.5536126137183636
100016,2025-02-03,571.1287,-0.0117863344063966,HDFC Top 100 Fund - Regular Plan - Growth,0.16448148828278203
100016,2025-02-04,570.8787,-0.0004377297096083,HDFC Top 100 Fund - Regular Plan - Growth,0.2946142694869983
100016,2025-02-05,576.8028,0.0103771606822957,HDFC Top 100 Fund - Regular Plan - Growth,0.5716927508589257
100016,2025-02-06,580.5988,0.0065811053621791,HDFC Top 100 Fund - Regular Plan - Growth,0.5981506761126194
100016,2025-02-07,588.1256,0.0129638573142072,HDFC Top 100 Fund - Regular Plan - Growth,0.9508271664181023
100016,2025-02-10,586.8593,-0.0021531115122348,HDFC Top 100 Fund - Regular Plan - Growth,0.8916702857077639
100016,2025-02-11,594.1742,0.0124644868028844,HDFC Top 100 Fund - Regular Plan - Growth,1.168927679604151
100016,2025-02-12,593.4682,-0.0011882037288054,HDFC Top 100 Fund - Regular Plan - Growth,1.1135789205851065
100016,2025-02-13,601.5307,0.0135853951399587,HDFC Top 100 Fund - Regular Plan - Growth,1.8045985114062624
100016,2025-02-14,601.7251,0.000323175525372,HDFC Top 100 Fund - Regular Plan - Growth,2.159559607931981
100016,2025-02-17,605.8024,0.0067760178194329,HDFC Top 100 Fund - Regular Plan - Growth,2.174551283493351
100016,2025-02-18,614.0516,0.0136169813787465,HDFC Top 100 Fund - Regular Plan - Growth,2.2399030382794725
100016,2025-02-19,613.3213,-0.0011893137319405,HDFC Top 100 Fund - Regular Plan - Growth,2.3781938289360443
100016,2025-02-20,614.8208,0.0024448849241009,HDFC Top 100 Fund - Regular Plan - Growth,2.461678124674069
100016,2025-02-21,622.17,0.0119534017066436,HDFC Top 100 Fund - Regular Plan - Growth,2.6188832680615315
100016,2025-02-24,621.7613,-0.0006568944179242,HDFC Top 100 Fund - Regular Plan - Growth,2.4769878203779467
100016,2025-02-25,614.8775,-0.0110714513753106,HDFC Top 100 Fund - Regular Plan - Growth,2.636690175166892
100016,2025-02-26,626.9322,0.0196050432809786,HDFC Top 100 Fund - Regular Plan - Growth,3.125552056550622
100016,2025-02-27,624.6624,-0.0036204871914378,HDFC Top 100 Fund - Regular Plan - Growth,3.0989592133421784
100016,2025-02-28,625.8604,0.0019178359382603,HDFC Top 100 Fund - Regular Plan - Growth,3.0083777623494665
100016,2025-03-03,632.5999,0.0107683758231069,HDFC Top 100 Fund - Regular Plan - Growth,2.843903421308448
100016,2025-03-04,629.5389,-0.0048387614351504,HDFC Top 100 Fund - Regular Plan - Growth,2.7687433721159076
100016,2025-03-05,624.29,-0.0083376896963794,HDFC Top 100 Fund - Regular Plan - Growth,2.8575133837061104
100016,2025-03-06,626.0114,0.002757372375018,HDFC Top 100 Fund - Regular Plan - Growth,2.8315337300549066
100016,2025-03-07,616.5078,-0.0151811931859388,HDFC Top 100 Fund - Regular Plan - Growth,2.2404096244220524
100016,2025-03-10,615.2618,-0.0020210612096067,HDFC Top 100 Fund - Regular Plan - Growth,2.1677191838324674
100016,2025-03-11,616.911,0.0026804849577852,HDFC Top 100 Fund - Regular Plan - Growth,2.386834943569248
100016,2025-03-12,615.7616,-0.0018631536801902,HDFC Top 100 Fund - Regular Plan - Growth,2.17300931397439
100016,2025-03-13,607.7501,-0.0130107171346833,HDFC Top 100 Fund - Regular Plan - Growth,1.7524338424417845
100016,2025-03-14,616.673,0.0146818569013811,HDFC Top 100 Fund - Regular Plan - Growth,2.2069093232390853
100016,2025-03-17,617.5549,0.0014300934206621,HDFC Top 100 Fund - Regular Plan - Growth,2.158595359722128
100016,2025-03-18,625.7215,0.0132240874455049,HDFC Top 100 Fund - Regular Plan - Growth,2.2238457919198646
100016,2025-03-19,624.6103,-0.001775869935746,HDFC Top 100 Fund - Regular Plan - Growth,1.9807706914134269
100016,2025-03-20,620.1013,-0.007218901129232,HDFC Top 100 Fund - Regular Plan - Growth,1.8277612197054225
100016,2025-03-21,621.8959,0.0028940432797026,HDFC Top 100 Fund - Regular Plan - Growth,1.940116728927053
100016,2025-03-24,621.0338,-0.001386244868313,HDFC Top 100 Fund - Regular Plan - Growth,1.6961744490746868
100016,2025-03-25,614.9337,-0.0098224927532124,HDFC Top 100 Fund - Regular Plan - Growth,1.7026678545671867
100016,2025-03-26,623.278,0.0135694303304567,HDFC Top 100 Fund - Regular Plan - Growth,1.8681091457634138
100016,2025-03-27,620.1867,-0.0049597450896711,HDFC Top 100 Fund - Regular Plan - Growth,2.0167940424662243
100016,2025-03-28,610.5174,-0.0155909502735225,HDFC Top 100 Fund - Regular Plan - Growth,1.4800642090999365
100016,2025-03-31,618.0294,0.0123043176165005,HDFC Top 100 Fund - Regular Plan - Growth,1.7447228260911367
100016,2025-04-01,615.6043,-0.0039239233602803,HDFC Top 100 Fund - Regular Plan - Growth,1.4446766685228594
100016,2025-04-02,612.6292,-0.0048328122464381,HDFC Top 100 Fund - Regular Plan - Growth,1.250803519407513
100016,2025-04-03,603.4761,-0.0149406851648599,HDFC Top 100 Fund - Regular Plan - Growth,1.1469382324441588
100016,2025-04-04,613.1294,0.0159961595827904,HDFC Top 100 Fund - Regular Plan - Growth,1.196049091713449
100016,2025-04-07,606.5091,-0.0107975575791995,HDFC Top 100 Fund - Regular Plan - Growth,0.7080528566870615
100016,2025-04-08,607.1349,0.0010318064477516,HDFC Top 100 Fund - Regular Plan - Growth,0.5671351366929751
100016,2025-04-09,612.357,0.0086012186089119,HDFC Top 100 Fund - Regular Plan - Growth,0.8574196880900272
100016,2025-04-10,614.9559,0.004244092906589,HDFC Top 100 Fund - Regular Plan - Growth,0.9835383618125894
100016,2025-04-11,614.9496,-1.0244637054457328e-05,HDFC Top 100 Fund - Regular Plan - Growth,0.9479743442949397
100016,2025-04-14,606.1024,-0.0143868700784585,HDFC Top 100 Fund - Regular Plan - Growth,0.766608984897879
100016,2025-04-15,602.1001,-0.0066033396336988,HDFC Top 100 Fund - Regular Plan - Growth,0.3399234469987507
100016,2025-04-16,603.4093,0.0021743892751389,HDFC Top 100 Fund - Regular Plan - Growth,0.3474544895271138
100016,2025-04-17,599.544,-0.00640576802512,HDFC Top 100 Fund - Regular Plan - Growth,0.700324976234414
100016,2025-04-18,600.9302,0.0023120905221301,HDFC Top 100 Fund - Regular Plan - Growth,0.6760716381170032
100016,2025-04-21,604.8661,0.0065496791474284,HDFC Top 100 Fund - Regular Plan - Growth,0.8601534190193684
100016,2025-04-22,610.3371,0.0090449770618654,HDFC Top 100 Fund - Regular Plan - Growth,1.0418752557971012
100016,2025-04-23,604.0841,-0.010245157962706,HDFC Top 100 Fund - Regular Plan - Growth,0.8826291749108345
100016,2025-04-24,616.2187,0.0200876003854428,HDFC Top 100 Fund - Regular Plan - Growth,1.1061795853971708
100016,2025-04-25,620.7238,0.0073108784267663,HDFC Top 100 Fund - Regular Plan - Growth,1.048392499896485
100016,2025-04-28,621.0347,0.0005008668912003,HDFC Top 100 Fund - Regular Plan - Growth,0.9991940416076166
100016,2025-04-29,627.3545,0.0101762429699983,HDFC Top 100 Fund - Regular Plan - Growth,1.2416883465354582
100016,2025-04-30,640.9097,0.0216069224019275,HDFC Top 100 Fund - Regular Plan - Growth,1.6148848603570891
100016,2025-05-01,633.1555,-0.0120987402749561,HDFC Top 100 Fund - Regular Plan - Growth,1.3563394767823749
100016,2025-05-02,632.225,-0.0014696231810351,HDFC Top 100 Fund - Regular Plan - Growth,1.4564823045514559
100016,2025-05-05,619.4211,-0.0202521254300288,HDFC Top 100 Fund - Regular Plan - Growth,0.9420368281208618
100016,2025-05-06,620.7946,0.0022173929819309,HDFC Top 100 Fund - Regular Plan - Growth,0.8991947259049256
100016,2025-05-07,623.1197,0.0037453611870978,HDFC Top 100 Fund - Regular Plan - Growth,0.7142574708460534
100016,2025-05-08,623.226,0.0001705932263096,HDFC Top 100 Fund - Regular Plan - Growth,0.5042482280975239
100016,2025-05-09,619.9585,-0.0052428813945503,HDFC Top 100 Fund - Regular Plan - Growth,0.5094796826025558
100016,2025-05-12,609.1676,-0.0174058424878439,HDFC Top 100 Fund - Regular Plan - Growth,0.035546233287565336
100016,2025-05-13,611.493,0.0038173402525021,HDFC Top 100 Fund - Regular Plan - Growth,0.25198509887053777
100016,2025-05-14,619.7122,0.0134412004716324,HDFC Top 100 Fund - Regular Plan - Growth,0.3744397399762399
100016,2025-05-15,616.8086,-0.0046854007392465,HDFC Top 100 Fund - Regular Plan - Growth,0.36228436023728
100016,2025-05-16,619.5266,0.004406553345722,HDFC Top 100 Fund - Regular Plan - Growth,0.6014379625827068
100016,2025-05-19,611.3329,-0.0132257436565275,HDFC Top 100 Fund - Regular Plan - Growth,0.2987957643017359
100016,2025-05-20,614.1197,0.0045585637547069,HDFC Top 100 Fund - Regular Plan - Growth,0.8249474678851219
100016,2025-05-21,612.3086,-0.002949099336823,HDFC Top 100 Fund - Regular Plan - Growth,1.0642834564117312
100016,2025-05-22,608.5191,-0.0061888727350881,HDFC Top 100 Fund - Regular Plan - Growth,0.9631156538081983
100016,2025-05-23,604.7641,-0.006170718388297,HDFC Top 100 Fund - Regular Plan - Growth,0.8191792997222003
100016,2025-05-26,602.9794,-0.0029510680280128,HDFC Top 100 Fund - Regular Plan - Growth,0.815038343791417
100016,2025-05-27,605.3287,0.0038961530029051,HDFC Top 100 Fund - Regular Plan - Growth,1.156677985230288
100016,2025-05-28,598.6729,-0.0109953484776122,HDFC Top 100 Fund - Regular Plan - Growth,1.0675959248633047
100016,2025-05-29,596.8877,-0.0029819288629902,HDFC Top 100 Fund - Regular Plan - Growth,0.9342427811009776
100016,2025-05-30,596.9773,0.0001501119892401,HDFC Top 100 Fund - Regular Plan - Growth,0.8300805840524659
100016,2025-06-02,591.524,-0.0091348532012859,HDFC Top 100 Fund - Regular Plan - Growth,0.6436953659315907
100016,2025-06-03,601.2816,0.016495695863566,HDFC Top 100 Fund - Regular Plan - Growth,0.7454393716604085
100016,2025-06-04,597.0806,-0.0069867429836536,HDFC Top 100 Fund - Regular Plan - Growth,0.5359444892768115
100016,2025-06-05,593.8721,-0.0053736463720307,HDFC Top 100 Fund - Regular Plan - Growth,0.5491222653241964
100016,2025-06-06,589.0741,-0.0080791806855381,HDFC Top 100 Fund - Regular Plan - Growth,0.431896481755326
100016,2025-06-09,598.8008,0.0165118446049485,HDFC Top 100 Fund - Regular Plan - Growth,0.9564318140685447
100016,2025-06-10,602.0383,0.0054066394032874,HDFC Top 100 Fund - Regular Plan - Growth,1.0639153247235773
100016,2025-06-11,597.3941,-0.0077141271576909,HDFC Top 100 Fund - Regular Plan - Growth,0.7284365875889731
100016,2025-06-12,603.5621,0.010324842511836,HDFC Top 100 Fund - Regular Plan - Growth,0.7952718557981794
100016,2025-06-13,604.9433,0.002288414067086,HDFC Top 100 Fund - Regular Plan - Growth,0.6027307457319833
100016,2025-06-16,606.6302,0.0027885258006823,HDFC Top 100 Fund - Regular Plan - Growth,0.6954711604560577
100016,2025-06-17,605.1021,-0.0025189975705133,HDFC Top 100 Fund - Regular Plan - Growth,0.4180654624588749
100016,2025-06-18,601.4263,-0.006074677314787,HDFC Top 100 Fund - Regular Plan - Growth,0.32477358737408124
100016,2025-06-19,603.5317,0.0035006783042246,HDFC Top 100 Fund - Regular Plan - Growth,0.13582198088090242
100016,2025-06-20,600.9473,-0.0042821280141539,HDFC Top 100 Fund - Regular Plan - Growth,0.04782940312067136
100016,2025-06-23,610.9685,0.0166756718933589,HDFC Top 100 Fund - Regular Plan - Growth,0.2331178847754964
100016,2025-06-24,604.4792,-0.0106213331783879,HDFC Top 100 Fund - Regular Plan - Growth,-0.2233098150063398
100016,2025-06-25,613.0403,0.014162770199537,HDFC Top 100 Fund - Regular Plan - Growth,0.06562788015898932
100016,2025-06-26,612.7548,-0.0004657116342922,HDFC Top 100 Fund - Regular Plan - Growth,0.011388316308149654
100016,2025-06-27,614.6902,0.0031585227892134,HDFC Top 100 Fund - Regular Plan - Growth,-0.15387223745557396
100016,2025-06-30,619.5429,0.0078945459029606,HDFC Top 100 Fund - Regular Plan - Growth,0.006880585102906434
100016,2025-07-01,616.4268,-0.0050296759110629,HDFC Top 100 Fund - Regular Plan - Growth,0.12077364539616497
100016,2025-07-02,621.4637,0.0081711242924547,HDFC Top 100 Fund - Regular Plan - Growth,-0.09667299154020641
100016,2025-07-03,607.1131,-0.0230916142004754,HDFC Top 100 Fund - Regular Plan - Growth,-0.45589216231572716
100016,2025-07-04,603.5816,-0.0058168733305211,HDFC Top 100 Fund - Regular Plan - Growth,-0.5988964756530468
100016,2025-07-07,598.9916,-0.0076046055744576,HDFC Top 100 Fund - Regular Plan - Growth,-0.9447268469332093
100016,2025-07-08,592.712,-0.0104836194697888,HDFC Top 100 Fund - Regular Plan - Growth,-1.0448775780454715
100016,2025-07-09,591.8947,-0.0013789158984465,HDFC Top 100 Fund - Regular Plan - Growth,-0.919021632620171
100016,2025-07-10,594.2182,0.0039255293213473,HDFC Top 100 Fund - Regular Plan - Growth,-0.8967304496389186
100016,2025-07-11,598.2205,0.006735404603898,HDFC Top 100 Fund - Regular Plan - Growth,-0.49351614948526756
100016,2025-07-14,599.802,0.0026436740298936,HDFC Top 100 Fund - Regular Plan - Growth,-0.4055255432718323
100016,2025-07-15,596.5986,-0.0053407624516089,HDFC Top 100 Fund - Regular Plan - Growth,-0.5559407151184075
100016,2025-07-16,598.8522,0.0037774141608779,HDFC Top 100 Fund - Regular Plan - Growth,-0.44945643961573495
100016,2025-07-17,599.8183,0.00161325281931,HDFC Top 100 Fund - Regular Plan - Growth,-0.17650584653281087
100016,2025-07-18,605.1025,0.0088096678610838,HDFC Top 100 Fund - Regular Plan - Growth,-0.2906446160820617
100016,2025-07-21,609.5773,0.0073951107457002,HDFC Top 100 Fund - Regular Plan - Growth,-0.17572163265215393
100016,2025-07-22,610.0558,0.0007849701752344,HDFC Top 100 Fund - Regular Plan - Growth,-0.41814994075588985
100016,2025-07-23,605.5598,-0.007369817646189,HDFC Top 100 Fund - Regular Plan - Growth,-0.5245275536083952
100016,2025-07-24,602.3934,-0.0052288807810557,HDFC Top 100 Fund - Regular Plan - Growth,-0.48697467017921225
100016,2025-07-25,599.7889,-0.004323586546599,HDFC Top 100 Fund - Regular Plan - Growth,-0.6259517588766909
100016,2025-07-28,598.4322,-0.0022619625004731,HDFC Top 100 Fund - Regular Plan - Growth,-0.6427262617303845
100016,2025-07-29,600.1581,0.0028840359860315,HDFC Top 100 Fund - Regular Plan - Growth,-0.39994127576942956
100016,2025-07-30,604.2671,0.0068465292728698,HDFC Top 100 Fund - Regular Plan - Growth,-0.5353897440889924
100016,2025-07-31,604.3064,6.503746439290303e-05,HDFC Top 100 Fund - Regular Plan - Growth,-0.4377126216837193
100016,2025-08-01,604.7042,0.0006582753384705,HDFC Top 100 Fund - Regular Plan - Growth,-0.12123822376763017
100016,2025-08-04,605.7814,0.0017813668236468,HDFC Top 100 Fund - Regular Plan - Growth,-0.33461686762328247
100016,2025-08-05,603.3426,-0.0040258746802064,HDFC Top 100 Fund - Regular Plan - Growth,-0.3366521827711121
100016,2025-08-06,598.7474,-0.0076162366124984,HDFC Top 100 Fund - Regular Plan - Growth,-0.39177498684326295
100016,2025-08-07,589.8535,-0.0148541772373457,HDFC Top 100 Fund - Regular Plan - Growth,-0.3901084610550766
100016,2025-08-08,586.5509,-0.00559901738313,HDFC Top 100 Fund - Regular Plan - Growth,-0.8390227151471361
100016,2025-08-11,589.3075,0.0046996773852023,HDFC Top 100 Fund - Regular Plan - Growth,-0.52519483729933
100016,2025-08-12,585.9678,-0.005667160183775,HDFC Top 100 Fund - Regular Plan - Growth,-0.6617974668948846
100016,2025-08-13,585.0419,-0.0015801209554517,HDFC Top 100 Fund - Regular Plan - Growth,-0.876400589917598
100016,2025-08-14,587.7566,0.0046401804725439,HDFC Top 100 Fund - Regular Plan - Growth,-0.8679495407492966
100016,2025-08-15,590.7665,0.0051209973652357,HDFC Top 100 Fund - Regular Plan - Growth,-0.7600769319608138
100016,2025-08-18,585.4707,-0.0089642862281459,HDFC Top 100 Fund - Regular Plan - Growth,-0.6544329442829432
100016,2025-08-19,590.9463,0.0093524748548474,HDFC Top 100 Fund - Regular Plan - Growth,-0.32092504143558004
100016,2025-08-20,597.159,0.0105131379957874,HDFC Top 100 Fund - Regular Plan - Growth,-0.14679269010024104
100016,2025-08-21,591.5433,-0.0094040280729251,HDFC Top 100 Fund - Regular Plan - Growth,-0.20770725822074226
100016,2025-08-22,587.564,-0.0067269800875101,HDFC Top 100 Fund - Regular Plan - Growth,-0.3918282345765665
100016,2025-08-25,594.075,0.0110813460320919,HDFC Top 100 Fund - Regular Plan - Growth,-0.2974058438243246
100016,2025-08-26,593.6122,-0.0007790262172284,HDFC Top 100 Fund - Regular Plan - Growth,-0.5001157205327226
100016,2025-08-27,582.4047,-0.0188801712633264,HDFC Top 100 Fund - Regular Plan - Growth,-0.6643950211313818
100016,2025-08-28,575.5565,-0.0117584902731726,HDFC Top 100 Fund - Regular Plan - Growth,-1.3329699927492362
100016,2025-08-29,574.5884,-0.0016820242669486,HDFC Top 100 Fund - Regular Plan - Growth,-1.5250338027536101
100016,2025-09-01,569.0184,-0.0096938956651403,HDFC Top 100 Fund - Regular Plan - Growth,-1.7252796604074812
100016,2025-09-02,567.2401,-0.0031252064959587,HDFC Top 100 Fund - Regular Plan - Growth,-2.016589804990411
100016,2025-09-03,567.6949,0.0008017768842505,HDFC Top 100 Fund - Regular Plan - Growth,-2.5511247847050895
100016,2025-09-04,575.36,0.0135021470159413,HDFC Top 100 Fund - Regular Plan - Growth,-1.982857878859236
100016,2025-09-05,574.1842,-0.0020435901001112,HDFC Top 100 Fund - Regular Plan - Growth,-1.9950055146433627
100016,2025-09-08,579.9402,0.0100246575924589,HDFC Top 100 Fund - Regular Plan - Growth,-1.3766209831387215
100016,2025-09-09,587.597,0.0132027405584229,HDFC Top 100 Fund - Regular Plan - Growth,-1.1187603730684477
100016,2025-09-10,595.3841,0.0132524502337485,HDFC Top 100 Fund - Regular Plan - Growth,-0.901184323934257
100016,2025-09-11,597.1891,0.0030316563710721,HDFC Top 100 Fund - Regular Plan - Growth,-0.8396380221067549
100016,2025-09-12,587.2409,-0.0166583750440187,HDFC Top 100 Fund - Regular Plan - Growth,-1.0613935215910468
100016,2025-09-15,589.9366,0.004590450018042,HDFC Top 100 Fund - Regular Plan - Growth,-0.6164089448050747
100016,2025-09-16,595.7237,0.0098096981946873,HDFC Top 100 Fund - Regular Plan - Growth,-0.4857020603175527
100016,2025-09-17,595.6052,-0.0001989177197415,HDFC Top 100 Fund - Regular Plan - Growth,-0.7856631123100155
100016,2025-09-18,605.152,0.0160287384999326,HDFC Top 100 Fund - Regular Plan - Growth,-0.3348585796151123
100016,2025-09-19,610.0729,0.008131676008672,HDFC Top 100 Fund - Regular Plan - Growth,-0.25562498890830604
100016,2025-09-22,613.4545,0.0055429441301195,HDFC Top 100 Fund - Regular Plan - Growth,0.1387642716186388
100016,2025-09-23,619.6798,0.010147940882331,HDFC Top 100 Fund - Regular Plan - Growth,0.2554210549679661
100016,2025-09-24,621.8251,0.0034619492195808,HDFC Top 100 Fund - Regular Plan - Growth,0.39022644626795594
100016,2025-09-25,608.6176,-0.0212398952695862,HDFC Top 100 Fund - Regular Plan - Growth,0.07135958937647705
100016,2025-09-26,606.2571,-0.0038784616153065,HDFC Top 100 Fund - Regular Plan - Growth,0.11824540822210763
100016,2025-09-29,613.008,0.0111353747444771,HDFC Top 100 Fund - Regular Plan - Growth,0.402253805945492
100016,2025-09-30,608.9716,-0.0065845796465953,HDFC Top 100 Fund - Regular Plan - Growth,0.1897740508916818
100016,2025-10-01,608.0862,-0.0014539265870526,HDFC Top 100 Fund - Regular Plan - Growth,0.38583138769409514
100016,2025-10-02,602.8195,-0.0086611075863916,HDFC Top 100 Fund - Regular Plan - Growth,0.26879253238981565
100016,2025-10-03,612.6945,0.0163813546177586,HDFC Top 100 Fund - Regular Plan - Growth,0.5864792256173005
100016,2025-10-06,622.169,0.0154636609272647,HDFC Top 100 Fund - Regular Plan - Growth,1.0655285613968726
100016,2025-10-07,617.6566,-0.0072526917927443,HDFC Top 100 Fund - Regular Plan - Growth,0.6061759013867536
100016,2025-10-08,618.7786,0.0018165433673014,HDFC Top 100 Fund - Regular Plan - Growth,0.7849915786111273
100016,2025-10-09,615.3936,-0.0054704542141567,HDFC Top 100 Fund - Regular Plan - Growth,0.7829859942367433
100016,2025-10-10,619.0594,0.0059568380301646,HDFC Top 100 Fund - Regular Plan - Growth,1.0678324218121114
100016,2025-10-13,622.1692,0.005023427477234,HDFC Top 100 Fund - Regular Plan - Growth,0.8515187059812839
100016,2025-10-14,626.9623,0.007703852906894,HDFC Top 100 Fund - Regular Plan - Growth,0.8966478313667876
100016,2025-10-15,629.1248,0.0034491707077124,HDFC Top 100 Fund - Regular Plan - Growth,1.129779925263866
100016,2025-10-16,645.9572,0.0267552638204691,HDFC Top 100 Fund - Regular Plan - Growth,1.4056130410301695
100016,2025-10-17,640.4581,-0.0085131027256913,HDFC Top 100 Fund - Regular Plan - Growth,1.1863772678506332
100016,2025-10-20,631.1942,-0.0144644903390244,HDFC Top 100 Fund - Regular Plan - Growth,0.836425626368198
100016,2025-10-21,629.3343,-0.002946636708639,HDFC Top 100 Fund - Regular Plan - Growth,0.8280384859775768
100016,2025-10-22,621.0119,-0.0132241322298816,HDFC Top 100 Fund - Regular Plan - Growth,0.6838205160704267
100016,2025-10-23,613.2077,-0.0125669089432907,HDFC Top 100 Fund - Regular Plan - Growth,0.3736193308106996
100016,2025-10-24,608.1301,-0.0082803917824255,HDFC Top 100 Fund - Regular Plan - Growth,0.29715226384840765
100016,2025-10-27,603.5155,-0.0075881789110586,HDFC Top 100 Fund - Regular Plan - Growth,-0.16164784957153208
100016,2025-10-28,598.7647,-0.0078718773585766,HDFC Top 100 Fund - Regular Plan - Growth,-0.10954226816279407
100016,2025-10-29,601.8179,0.0050991649975358,HDFC Top 100 Fund - Regular Plan - Growth,-0.2864539814155246
100016,2025-10-30,599.4464,-0.0039405607576643,HDFC Top 100 Fund - Regular Plan - Growth,-0.3534432267918309
100016,2025-10-31,598.807,-0.0010666508298323,HDFC Top 100 Fund - Regular Plan - Growth,-0.43554532123931594
100016,2025-11-03,603.8595,0.0084376101147782,HDFC Top 100 Fund - Regular Plan - Growth,-0.42476286640959493
100016,2025-11-04,600.1017,-0.0062229707407103,HDFC Top 100 Fund - Regular Plan - Growth,-0.44747520976406463
100016,2025-11-05,599.0122,-0.0018155256017439,HDFC Top 100 Fund - Regular Plan - Growth,-0.6436752575575381
100016,2025-11-06,601.2576,0.0037485046214418,HDFC Top 100 Fund - Regular Plan - Growth,-0.12652937519463062
100016,2025-11-07,591.3549,-0.0164699789241749,HDFC Top 100 Fund - Regular Plan - Growth,-0.3353994203306803
100016,2025-11-10,579.3457,-0.0203079402910165,HDFC Top 100 Fund - Regular Plan - Growth,-0.5730406018387296
100016,2025-11-11,581.4167,0.003574722311739,HDFC Top 100 Fund - Regular Plan - Growth,-0.3030748493603806
100016,2025-11-12,584.2463,0.0048667332740872,HDFC Top 100 Fund - Regular Plan - Growth,-0.18128499346290847
100016,2025-11-13,595.2868,0.0188969960100731,HDFC Top 100 Fund - Regular Plan - Growth,0.10702629005306583
100016,2025-11-14,596.4249,0.0019118515646576,HDFC Top 100 Fund - Regular Plan - Growth,0.015495057781684708
100016,2025-11-17,601.0624,0.0077754969653347,HDFC Top 100 Fund - Regular Plan - Growth,0.112792660736169
100016,2025-11-18,600.3367,-0.0012073621640615,HDFC Top 100 Fund - Regular Plan - Growth,0.19155002058232642
100016,2025-11-19,602.223,0.0031420701083242,HDFC Top 100 Fund - Regular Plan - Growth,0.17952551889087687
100016,2025-11-20,611.4588,0.0153361794551187,HDFC Top 100 Fund - Regular Plan - Growth,0.4339954988407307
100016,2025-11-21,600.4213,-0.0180510935487395,HDFC Top 100 Fund - Regular Plan - Growth,-0.0681130066052219
100016,2025-11-24,602.9264,0.0041722370608769,HDFC Top 100 Fund - Regular Plan - Growth,-0.12783551518387387
100016,2025-11-25,614.7066,0.0195383715159926,HDFC Top 100 Fund - Regular Plan - Growth,0.21380555367770285
100016,2025-11-26,616.5555,0.0030077763928353,HDFC Top 100 Fund - Regular Plan - Growth,0.4024256063081035
100016,2025-11-27,625.9189,0.0151866295897125,HDFC Top 100 Fund - Regular Plan - Growth,0.7637787102148145
100016,2025-11-28,622.7764,-0.0050206184858774,HDFC Top 100 Fund - Regular Plan - Growth,0.7509782939694882
100016,2025-12-01,622.9217,0.0002333100612033,HDFC Top 100 Fund - Regular Plan - Growth,0.7960103692726422
100016,2025-12-02,623.4274,0.0008118195272375,HDFC Top 100 Fund - Regular Plan - Growth,0.7591318085003594
100016,2025-12-03,611.6688,-0.0188612178418849,HDFC Top 100 Fund - Regular Plan - Growth,0.2928948279240284
100016,2025-12-04,605.7119,-0.009738767123646,HDFC Top 100 Fund - Regular Plan - Growth,0.11976185160819794
100016,2025-12-05,600.1903,-0.0091158849611506,HDFC Top 100 Fund - Regular Plan - Growth,-0.051036837802204096
100016,2025-12-08,604.8694,0.007796027359989,HDFC Top 100 Fund - Regular Plan - Growth,0.05356140642472667
100016,2025-12-09,609.8544,0.008241448484582,HDFC Top 100 Fund - Regular Plan - Growth,0.2658587430087118
100016,2025-12-10,611.9152,0.0033791672241767,HDFC Top 100 Fund - Regular Plan - Growth,0.4575548672720516
100016,2025-12-11,616.6968,0.0078141546410352,HDFC Top 100 Fund - Regular Plan - Growth,0.8596193040674022
100016,2025-12-12,616.1225,-0.0009312517918045,HDFC Top 100 Fund - Regular Plan - Growth,0.943358867426882
100016,2025-12-15,623.0094,0.0111778096076673,HDFC Top 100 Fund - Regular Plan - Growth,1.0516599467537031
100016,2025-12-16,623.3792,0.0005935704982942,HDFC Top 100 Fund - Regular Plan - Growth,1.1637092155685818
100016,2025-12-17,624.0193,0.0010268228391323,HDFC Top 100 Fund - Regular Plan - Growth,1.2097423327685795
100016,2025-12-18,622.8806,-0.001824783303978,HDFC Top 100 Fund - Regular Plan - Growth,1.096975826521152
100016,2025-12-19,626.9752,0.0065736515152341,HDFC Top 100 Fund - Regular Plan - Growth,1.121515937979383
100016,2025-12-22,624.9729,-0.0031935872423661,HDFC Top 100 Fund - Regular Plan - Growth,1.2279835962834273
100016,2025-12-23,630.7032,0.0091688775625311,HDFC Top 100 Fund - Regular Plan - Growth,1.2249664547011718
100016,2025-12-24,624.7594,-0.009424084101682,HDFC Top 100 Fund - Regular Plan - Growth,0.8738598811316937
100016,2025-12-25,619.0531,-0.0091335960691428,HDFC Top 100 Fund - Regular Plan - Growth,0.8788790167531906
100016,2025-12-26,623.1389,0.0066000800254453,HDFC Top 100 Fund - Regular Plan - Growth,1.1145817919941259
100016,2025-12-29,622.9738,-0.0002649489543985,HDFC Top 100 Fund - Regular Plan - Growth,0.9202828043694065
100016,2025-12-30,620.8052,-0.0034810452702825,HDFC Top 100 Fund - Regular Plan - Growth,0.871668518020146
100016,2025-12-31,626.0203,0.0084005417480395,HDFC Top 100 Fund - Regular Plan - Growth,1.380410071411694
100016,2026-01-01,622.9979,-0.0048279584543824,HDFC Top 100 Fund - Regular Plan - Growth,1.5168684472819
100016,2026-01-02,622.2198,-0.0012489608712966,HDFC Top 100 Fund - Regular Plan - Growth,1.5249312101522392
100016,2026-01-05,630.2706,0.0129388360833262,HDFC Top 100 Fund - Regular Plan - Growth,1.9335386474675713
100016,2026-01-06,639.2139,0.0141896195062882,HDFC Top 100 Fund - Regular Plan - Growth,2.228463035204482
100016,2026-01-07,648.4742,0.0144870128762844,HDFC Top 100 Fund - Regular Plan - Growth,2.4506072979518314
100016,2026-01-08,647.1965,-0.0019703174004455,HDFC Top 100 Fund - Regular Plan - Growth,2.1917230083082475
100016,2026-01-09,654.5969,0.011434548858036,HDFC Top 100 Fund - Regular Plan - Growth,2.4214322947241484
100016,2026-01-12,649.4764,-0.0078223712944561,HDFC Top 100 Fund - Regular Plan - Growth,2.1011770093616304
100016,2026-01-13,644.635,-0.0074543124276725,HDFC Top 100 Fund - Regular Plan - Growth,1.739230640686325
100016,2026-01-14,631.7357,-0.0200102383519356,HDFC Top 100 Fund - Regular Plan - Growth,1.1243892626818264
100016,2026-01-15,641.4558,0.015386339572071,HDFC Top 100 Fund - Regular Plan - Growth,1.3269069794901847
100016,2026-01-16,636.9152,-0.0070785859290694,HDFC Top 100 Fund - Regular Plan - Growth,1.5144565881178331
100016,2026-01-19,636.5332,-0.0005997658715006,HDFC Top 100 Fund - Regular Plan - Growth,1.423595858319777
100016,2026-01-20,631.7692,-0.0074842914713639,HDFC Top 100 Fund - Regular Plan - Growth,1.1184688432069256
100016,2026-01-21,635.9823,0.0066687328220496,HDFC Top 100 Fund - Regular Plan - Growth,1.2376442206356697
100016,2026-01-22,634.206,-0.0027930022580816,HDFC Top 100 Fund - Regular Plan - Growth,0.9167378377659186
100016,2026-01-23,627.2733,-0.0109313062317292,HDFC Top 100 Fund - Regular Plan - Growth,0.5732524518442298
100016,2026-01-26,630.0463,0.0044207206013711,HDFC Top 100 Fund - Regular Plan - Growth,0.5535821511392276
100016,2026-01-27,622.4509,-0.0120553045069861,HDFC Top 100 Fund - Regular Plan - Growth,0.15716681583072528
100016,2026-01-28,618.1898,-0.0068456805187365,HDFC Top 100 Fund - Regular Plan - Growth,-0.02604514140150003
100016,2026-01-29,607.1223,-0.017903077663203,HDFC Top 100 Fund - Regular Plan - Growth,0.03341040934484138
100016,2026-01-30,599.8551,-0.0119699111694628,HDFC Top 100 Fund - Regular Plan - Growth,-0.11042597337722942
100016,2026-02-02,601.1103,0.0020925053400397,HDFC Top 100 Fund - Regular Plan - Growth,-0.2727984680744315
100016,2026-02-03,591.0903,-0.0166691537310209,HDFC Top 100 Fund - Regular Plan - Growth,-0.4471234222774249
100016,2026-02-04,583.7204,-0.0124683149089063,HDFC Top 100 Fund - Regular Plan - Growth,-0.6362060702008442
100016,2026-02-05,584.0094,0.000495100051326,HDFC Top 100 Fund - Regular Plan - Growth,-0.47782251963617184
100016,2026-02-06,581.5162,-0.0042691093670752,HDFC Top 100 Fund - Regular Plan - Growth,-0.8532817148389221
100016,2026-02-09,592.128,0.0182485027932153,HDFC Top 100 Fund - Regular Plan - Growth,-0.7992034897911262
100016,2026-02-10,602.0931,0.0168293004215305,HDFC Top 100 Fund - Regular Plan - Growth,-0.3670669052051216
100016,2026-02-11,597.8104,-0.0071130195645824,HDFC Top 100 Fund - Regular Plan - Growth,-0.5219952090140897
100016,2026-02-12,601.0649,0.0054440337605368,HDFC Top 100 Fund - Regular Plan - Growth,-0.3314826915477424
100016,2026-02-13,605.3622,0.0071494775356206,HDFC Top 100 Fund - Regular Plan - Growth,-0.3104081507690425
100016,2026-02-16,602.4915,-0.0047421196764516,HDFC Top 100 Fund - Regular Plan - Growth,-0.4807727629557109
100016,2026-02-17,594.9039,-0.0125937046414762,HDFC Top 100 Fund - Regular Plan - Growth,-0.830860887571596
100016,2026-02-18,595.1464,0.0004076288624095,HDFC Top 100 Fund - Regular Plan - Growth,-0.8843687412046535
100016,2026-02-19,594.5465,-0.0010079872784241,HDFC Top 100 Fund - Regular Plan - Growth,-1.426475382607234
100016,2026-02-20,592.5716,-0.0033216914068118,HDFC Top 100 Fund - Regular Plan - Growth,-1.3365412025766679
100016,2026-02-23,595.1946,0.0044264693076752,HDFC Top 100 Fund - Regular Plan - Growth,-1.0027747752703142
100016,2026-02-24,591.572,-0.0060864127463522,HDFC Top 100 Fund - Regular Plan - Growth,-1.0588644111673289
100016,2026-02-25,585.8945,-0.0095973102175221,HDFC Top 100 Fund - Regular Plan - Growth,-0.9971037471230184
100016,2026-02-26,586.761,0.0014789352007911,HDFC Top 100 Fund - Regular Plan - Growth,-0.7447573649379884
100016,2026-02-27,589.0655,0.0039274934769013,HDFC Top 100 Fund - Regular Plan - Growth,-0.5192637583599121
100016,2026-03-02,583.2852,-0.0098126609010373,HDFC Top 100 Fund - Regular Plan - Growth,-0.5594192660006009
100016,2026-03-03,588.3824,0.0087387782168995,HDFC Top 100 Fund - Regular Plan - Growth,-0.2501839742352403
100016,2026-03-04,579.5656,-0.0149848125980653,HDFC Top 100 Fund - Regular Plan - Growth,-0.6159643646917449
100016,2026-03-05,576.9157,-0.0045722175367206,HDFC Top 100 Fund - Regular Plan - Growth,-0.6273719145814445
100016,2026-03-06,575.9015,-0.001757969145232,HDFC Top 100 Fund - Regular Plan - Growth,-0.6400025560116593
100016,2026-03-09,572.9747,-0.0050821190776548,HDFC Top 100 Fund - Regular Plan - Growth,-0.8912153103283769
100016,2026-03-10,570.4206,-0.0044576139225692,HDFC Top 100 Fund - Regular Plan - Growth,-0.8596032061913341
100016,2026-03-11,580.2107,0.0171629495849201,HDFC Top 100 Fund - Regular Plan - Growth,-0.5004370363754334
100016,2026-03-12,576.1702,-0.0069638495119099,HDFC Top 100 Fund - Regular Plan - Growth,-0.6931915594751449
100016,2026-03-13,589.0131,0.0222901149695002,HDFC Top 100 Fund - Regular Plan - Growth,0.0069853669337517285
100016,2026-03-16,591.5933,0.0043805477331488,HDFC Top 100 Fund - Regular Plan - Growth,0.45741664420095174
100016,2026-03-17,592.3793,0.0013286154525413,HDFC Top 100 Fund - Regular Plan - Growth,0.41669824091416646
100016,2026-03-18,595.1795,0.0047270389090232,HDFC Top 100 Fund - Regular Plan - Growth,0.4141806309788241
100016,2026-03-19,608.9224,0.0230903450135633,HDFC Top 100 Fund - Regular Plan - Growth,0.4856602313075526
100016,2026-03-20,603.9214,-0.0082128691603398,HDFC Top 100 Fund - Regular Plan - Growth,0.30156689736806475
100016,2026-03-23,598.2919,-0.0093215772781025,HDFC Top 100 Fund - Regular Plan - Growth,-0.0059918048775970045
100016,2026-03-24,594.6288,-0.006122596678979,HDFC Top 100 Fund - Regular Plan - Growth,-0.0940669416477788
100016,2026-03-25,595.1043,0.0007996585432794,HDFC Top 100 Fund - Regular Plan - Growth,-0.13612163543724065
100016,2026-03-26,586.4179,-0.0145964329278076,HDFC Top 100 Fund - Regular Plan - Growth,-0.6743078376411866
100016,2026-03-27,586.8361,0.0007131433061644,HDFC Top 100 Fund - Regular Plan - Growth,-0.3434520232941952
100016,2026-03-30,595.974,0.0155714687627432,HDFC Top 100 Fund - Regular Plan - Growth,-0.13292996513903338
100016,2026-03-31,597.0783,0.0018529331816488,HDFC Top 100 Fund - Regular Plan - Growth,-0.46294069865052845
100016,2026-04-01,595.8464,-0.0020632134847305,HDFC Top 100 Fund - Regular Plan - Growth,-0.5569428511330542
100016,2026-04-02,592.9127,-0.0049235843331436,HDFC Top 100 Fund - Regular Plan - Growth,-0.9419775216261951
100016,2026-04-03,597.938,0.0084756153814886,HDFC Top 100 Fund - Regular Plan - Growth,-0.6862681281743933
100016,2026-04-06,593.9053,-0.0067443447313935,HDFC Top 100 Fund - Regular Plan - Growth,-0.8146263098257579
100016,2026-04-07,603.9669,0.0169414214690457,HDFC Top 100 Fund - Regular Plan - Growth,-0.5046262534168477
100016,2026-04-08,614.6702,0.017721666535037,HDFC Top 100 Fund - Regular Plan - Growth,0.16509199972929137
100016,2026-04-09,616.3815,0.0027840946250525,HDFC Top 100 Fund - Regular Plan - Growth,0.3969111301204561
100016,2026-04-10,616.6369,0.0004143537727852,HDFC Top 100 Fund - Regular Plan - Growth,0.5757657520994993
100016,2026-04-13,622.5885,0.0096517091338517,HDFC Top 100 Fund - Regular Plan - Growth,0.6089953762851622
100016,2026-04-14,628.9532,0.0102229642853988,HDFC Top 100 Fund - Regular Plan - Growth,0.6442636287937854
100016,2026-04-15,624.8206,-0.0065706001654813,HDFC Top 100 Fund - Regular Plan - Growth,0.4594741295256168
100016,2026-04-16,622.2467,-0.0041194224390168,HDFC Top 100 Fund - Regular Plan - Growth,0.24023509037855736
100016,2026-04-17,615.3496,-0.0110841889559237,HDFC Top 100 Fund - Regular Plan - Growth,0.05237282834441014
100016,2026-04-20,617.8922,0.0041319601085301,HDFC Top 100 Fund - Regular Plan - Growth,-0.0772495840699149
100016,2026-04-21,621.8563,0.0064155203771791,HDFC Top 100 Fund - Regular Plan - Growth,0.030067320035997592
100016,2026-04-22,614.8139,-0.0113248028523632,HDFC Top 100 Fund - Regular Plan - Growth,-0.19569993721767495
100016,2026-04-23,612.6667,-0.0034924389315206,HDFC Top 100 Fund - Regular Plan - Growth,-0.22603619499851557
100016,2026-04-24,605.7427,-0.0113014139661906,HDFC Top 100 Fund - Regular Plan - Growth,-0.5497572140559635
100016,2026-04-27,601.2702,-0.0073834979769462,HDFC Top 100 Fund - Regular Plan - Growth,-0.6243428662283693
100016,2026-04-28,604.511,0.0053899228666245,HDFC Top 100 Fund - Regular Plan - Growth,-0.6952277068047936
100016,2026-04-29,600.9231,-0.0059352104428207,HDFC Top 100 Fund - Regular Plan - Growth,-0.6337035660708372
100016,2026-04-30,599.6402,-0.002134882150478,HDFC Top 100 Fund - Regular Plan - Growth,-0.5083039513540607
100016,2026-05-01,591.401,-0.0137402395636585,HDFC Top 100 Fund - Regular Plan - Growth,-0.8742337383245492
100016,2026-05-04,592.6827,0.0021672266364107,HDFC Top 100 Fund - Regular Plan - Growth,-0.8296568961665851
100016,2026-05-05,592.757,0.0001253621878958,HDFC Top 100 Fund - Regular Plan - Growth,-0.764504189496695
100016,2026-05-06,589.2624,-0.0058955018667008,HDFC Top 100 Fund - Regular Plan - Growth,-1.0276209646916918
100016,2026-05-07,588.5845,-0.0011504212724244,HDFC Top 100 Fund - Regular Plan - Growth,-0.961556497661401
100016,2026-05-08,589.8254,0.0021082784205155,HDFC Top 100 Fund - Regular Plan - Growth,-0.8998940312596131
100016,2026-05-11,585.904,-0.0066484081560406,HDFC Top 100 Fund - Regular Plan - Growth,-1.2688146410213406
100016,2026-05-12,578.6237,-0.0124257557552091,HDFC Top 100 Fund - Regular Plan - Growth,-1.7693911376918046
100016,2026-05-13,588.2146,0.0165753666847729,HDFC Top 100 Fund - Regular Plan - Growth,-1.7233207089222886
100016,2026-05-14,585.2405,-0.0050561478752823,HDFC Top 100 Fund - Regular Plan - Growth,-1.7785885173168732
100016,2026-05-15,585.043,-0.0003374681007209,HDFC Top 100 Fund - Regular Plan - Growth,-2.015099710511275
100016,2026-05-18,590.5865,0.0094753718957409,HDFC Top 100 Fund - Regular Plan - Growth,-1.6861379207792837
100016,2026-05-19,609.5709,0.0321449948483414,HDFC Top 100 Fund - Regular Plan - Growth,-0.8961584024315247
100016,2026-05-20,603.2283,-0.010405024255587,HDFC Top 100 Fund - Regular Plan - Growth,-0.740190578798568
100016,2026-05-21,605.9387,0.0044931578972671,HDFC Top 100 Fund - Regular Plan - Growth,-0.9455050846747379
100016,2026-05-22,602.4801,-0.0057078381030952,HDFC Top 100 Fund - Regular Plan - Growth,-0.9217526435432161
100016,2026-05-25,599.9335,-0.004226861600906,HDFC Top 100 Fund - Regular Plan - Growth,-0.986167765428708
100016,2026-05-26,596.4426,-0.0058188115849506,HDFC Top 100 Fund - Regular Plan - Growth,-0.95738775479999
100016,2026-05-27,590.8555,-0.0093673724847955,HDFC Top 100 Fund - Regular Plan - Growth,-1.2441016462701895
100016,2026-05-28,590.9452,0.0001518137683409,HDFC Top 100 Fund - Regular Plan - Growth,-1.1914625661952685
100016,2026-05-29,583.6113,-0.0124104570102269,HDFC Top 100 Fund - Regular Plan - Growth,-1.215738221812859
118632,2022-01-03,42.8339,,Nippon India Large Cap Fund - Regular - Growth,
118632,2022-01-04,42.8033,-0.0007143874361195,Nippon India Large Cap Fund - Regular - Growth,
118632,2022-01-05,43.0564,0.0059130954856283,Nippon India Large Cap Fund - Regular - Growth,
118632,2022-01-06,43.2088,0.003539543482502,Nippon India Large Cap Fund - Regular - Growth,
118632,2022-01-07,42.9585,-0.0057928014663678,Nippon India Large Cap Fund - Regular - Growth,
118632,2022-01-10,43.2317,0.0063596261508198,Nippon India Large Cap Fund - Regular - Growth,
118632,2022-01-11,42.9173,-0.007272441287296,Nippon India Large Cap Fund - Regular - Growth,
118632,2022-01-12,42.931,0.0003192185901723,Nippon India Large Cap Fund - Regular - Growth,
118632,2022-01-13,43.2007,0.0062821737206215,Nippon India Large Cap Fund - Regular - Growth,
118632,2022-01-14,43.3999,0.0046110363952436,Nippon India Large Cap Fund - Regular - Growth,
118632,2022-01-17,43.1645,-0.0054239756312803,Nippon India Large Cap Fund - Regular - Growth,
118632,2022-01-18,43.6453,0.0111387830277196,Nippon India Large Cap Fund - Regular - Growth,
118632,2022-01-19,43.7012,0.0012807793737241,Nippon India Large Cap Fund - Regular - Growth,
118632,2022-01-20,44.0112,0.0070936267196324,Nippon India Large Cap Fund - Regular - Growth,
118632,2022-01-21,44.6318,0.0141009561202603,Nippon India Large Cap Fund - Regular - Growth,
118632,2022-01-24,45.0971,0.0104253021388336,Nippon India Large Cap Fund - Regular - Growth,
118632,2022-01-25,45.5683,0.0104485654288191,Nippon India Large Cap Fund - Regular - Growth,
118632,2022-01-26,45.6693,0.0022164531044608,Nippon India Large Cap Fund - Regular - Growth,
118632,2022-01-27,46.0139,0.0075455502930852,Nippon India Large Cap Fund - Regular - Growth,
118632,2022-01-28,46.1245,0.0024036215143683,Nippon India Large Cap Fund - Regular - Growth,
118632,2022-01-31,45.6587,-0.0100987544580427,Nippon India Large Cap Fund - Regular - Growth,
118632,2022-02-01,45.8044,0.0031910676388069,Nippon India Large Cap Fund - Regular - Growth,
118632,2022-02-02,45.9318,0.0027813921806638,Nippon India Large Cap Fund - Regular - Growth,
118632,2022-02-03,46.1927,0.0056801605859122,Nippon India Large Cap Fund - Regular - Growth,
118632,2022-02-04,46.1644,-0.0006126509167033,Nippon India Large Cap Fund - Regular - Growth,
118632,2022-02-07,45.8791,-0.0061800868201471,Nippon India Large Cap Fund - Regular - Growth,
118632,2022-02-08,46.1693,0.0063253202438582,Nippon India Large Cap Fund - Regular - Growth,
118632,2022-02-09,45.6612,-0.0110051484427964,Nippon India Large Cap Fund - Regular - Growth,
118632,2022-02-10,46.2763,0.0134709556472454,Nippon India Large Cap Fund - Regular - Growth,
118632,2022-02-11,46.2058,-0.0015234580119843,Nippon India Large Cap Fund - Regular - Growth,
118632,2022-02-14,46.3298,0.0026836457760712,Nippon India Large Cap Fund - Regular - Growth,
118632,2022-02-15,46.5826,0.0054565312174885,Nippon India Large Cap Fund - Regular - Growth,
118632,2022-02-16,46.8501,0.0057424875382652,Nippon India Large Cap Fund - Regular - Growth,
118632,2022-02-17,46.2954,-0.0118398893492221,Nippon India Large Cap Fund - Regular - Growth,
118632,2022-02-18,46.6572,0.0078150312990059,Nippon India Large Cap Fund - Regular - Growth,
118632,2022-02-21,46.8062,0.0031935049681506,Nippon India Large Cap Fund - Regular - Growth,
118632,2022-02-22,46.5687,-0.0050741141130875,Nippon India Large Cap Fund - Regular - Growth,
118632,2022-02-23,46.2857,-0.0060770431641854,Nippon India Large Cap Fund - Regular - Growth,
118632,2022-02-24,46.1734,-0.0024262353167392,Nippon India Large Cap Fund - Regular - Growth,
118632,2022-02-25,45.6711,-0.0108785577843519,Nippon India Large Cap Fund - Regular - Growth,
118632,2022-02-28,46.394,0.0158283903825393,Nippon India Large Cap Fund - Regular - Growth,
118632,2022-03-01,47.0303,0.0137151355778764,Nippon India Large Cap Fund - Regular - Growth,
118632,2022-03-02,47.2424,0.0045098585380065,Nippon India Large Cap Fund - Regular - Growth,
118632,2022-03-03,47.1738,-0.0014520854147969,Nippon India Large Cap Fund - Regular - Growth,
118632,2022-03-04,47.1161,-0.0012231365715714,Nippon India Large Cap Fund - Regular - Growth,
118632,2022-03-07,47.4567,0.007228951462451,Nippon India Large Cap Fund - Regular - Growth,
118632,2022-03-08,48.223,0.0161473511643246,Nippon India Large Cap Fund - Regular - Growth,
118632,2022-03-09,48.0058,-0.0045040748190696,Nippon India Large Cap Fund - Regular - Growth,
118632,2022-03-10,47.5595,-0.0092967933041424,Nippon India Large Cap Fund - Regular - Growth,
118632,2022-03-11,48.2379,0.0142642374289048,Nippon India Large Cap Fund - Regular - Growth,
118632,2022-03-14,47.5081,-0.0151291826551323,Nippon India Large Cap Fund - Regular - Growth,
118632,2022-03-15,47.1117,-0.0083438403135465,Nippon India Large Cap Fund - Regular - Growth,
118632,2022-03-16,47.0335,-0.001659884911816,Nippon India Large Cap Fund - Regular - Growth,
118632,2022-03-17,46.4146,-0.0131587060286816,Nippon India Large Cap Fund - Regular - Growth,
118632,2022-03-18,46.8963,0.0103781999629426,Nippon India Large Cap Fund - Regular - Growth,
118632,2022-03-21,47.2764,0.0081051170348194,Nippon India Large Cap Fund - Regular - Growth,
118632,2022-03-22,47.0617,-0.0045413779390985,Nippon India Large Cap Fund - Regular - Growth,
118632,2022-03-23,47.6203,0.0118695244753164,Nippon India Large Cap Fund - Regular - Growth,
118632,2022-03-24,48.2578,0.0133871479180098,Nippon India Large Cap Fund - Regular - Growth,
118632,2022-03-25,48.2345,-0.0004828235021075,Nippon India Large Cap Fund - Regular - Growth,
118632,2022-03-28,48.068,-0.0034518860981247,Nippon India Large Cap Fund - Regular - Growth,
118632,2022-03-29,49.0608,0.0206540733960223,Nippon India Large Cap Fund - Regular - Growth,
118632,2022-03-30,49.3993,0.0068996021263412,Nippon India Large Cap Fund - Regular - Growth,
118632,2022-03-31,49.5366,0.0027793916108123,Nippon India Large Cap Fund - Regular - Growth,
118632,2022-04-01,50.1618,0.0126209711607174,Nippon India Large Cap Fund - Regular - Growth,
118632,2022-04-04,50.3215,0.003183697554713,Nippon India Large Cap Fund - Regular - Growth,
118632,2022-04-05,50.1234,-0.0039366871019346,Nippon India Large Cap Fund - Regular - Growth,
118632,2022-04-06,50.1848,0.0012249767573628,Nippon India Large Cap Fund - Regular - Growth,
118632,2022-04-07,50.6727,0.0097220672394828,Nippon India Large Cap Fund - Regular - Growth,
118632,2022-04-08,49.8159,-0.0169085128678756,Nippon India Large Cap Fund - Regular - Growth,
118632,2022-04-11,49.7151,-0.0020234503441671,Nippon India Large Cap Fund - Regular - Growth,
118632,2022-04-12,50.3512,0.0127949053708027,Nippon India Large Cap Fund - Regular - Growth,
118632,2022-04-13,50.1503,-0.0039899744196761,Nippon India Large Cap Fund - Regular - Growth,
118632,2022-04-14,50.865,0.014251161010004,Nippon India Large Cap Fund - Regular - Growth,
118632,2022-04-15,51.5302,0.0130777548412464,Nippon India Large Cap Fund - Regular - Growth,
118632,2022-04-18,51.527,-6.209950669699982e-05,Nippon India Large Cap Fund - Regular - Growth,
118632,2022-04-19,51.2958,-0.0044869679973605,Nippon India Large Cap Fund - Regular - Growth,
118632,2022-04-20,51.1923,-0.0020177090522029,Nippon India Large Cap Fund - Regular - Growth,
118632,2022-04-21,52.4366,0.0243063898281576,Nippon India Large Cap Fund - Regular - Growth,
118632,2022-04-22,53.3382,0.0171940972526822,Nippon India Large Cap Fund - Regular - Growth,
118632,2022-04-25,53.4247,0.0016217270174097,Nippon India Large Cap Fund - Regular - Growth,
118632,2022-04-26,53.1664,-0.0048348423107663,Nippon India Large Cap Fund - Regular - Growth,
118632,2022-04-27,53.2488,0.0015498510337355,Nippon India Large Cap Fund - Regular - Growth,
118632,2022-04-28,53.3909,0.0026686047385104,Nippon India Large Cap Fund - Regular - Growth,
118632,2022-04-29,52.8359,-0.0103950298646398,Nippon India Large Cap Fund - Regular - Growth,
118632,2022-05-02,52.9005,0.001222653536705,Nippon India Large Cap Fund - Regular - Growth,
118632,2022-05-03,53.5487,0.0122531923138722,Nippon India Large Cap Fund - Regular - Growth,
118632,2022-05-04,52.7328,-0.0152365977138567,Nippon India Large Cap Fund - Regular - Growth,
118632,2022-05-05,53.1461,0.0078376266763759,Nippon India Large Cap Fund - Regular - Growth,
118632,2022-05-06,53.8221,0.0127196539350959,Nippon India Large Cap Fund - Regular - Growth,
118632,2022-05-09,53.5843,-0.0044182594138838,Nippon India Large Cap Fund - Regular - Growth,4.616482559912896
118632,2022-05-10,54.419,0.0155773239549643,Nippon India Large Cap Fund - Regular - Growth,4.890327372356686
118632,2022-05-11,54.1166,-0.0055568827064076,Nippon India Large Cap Fund - Regular - Growth,4.641262019205967
118632,2022-05-12,54.3556,0.0044163897953679,Nippon India Large Cap Fund - Regular - Growth,4.657956366863938
118632,2022-05-13,54.2367,-0.0021874471075657,Nippon India Large Cap Fund - Regular - Growth,4.7462490389323975
118632,2022-05-16,54.118,-0.0021885549821429,Nippon India Large Cap Fund - Regular - Growth,4.572136509620613
118632,2022-05-17,53.8519,-0.0049170331497838,Nippon India Large Cap Fund - Regular - Growth,4.632987240278387
118632,2022-05-18,54.2127,0.006699856458175,Nippon India Large Cap Fund - Regular - Growth,4.757113309266334
118632,2022-05-19,54.6482,0.0080331730387899,Nippon India Large Cap Fund - Regular - Growth,4.786752257791806
118632,2022-05-20,54.6453,-5.306670668026037e-05,Nippon India Large Cap Fund - Regular - Growth,4.692155254382673
118632,2022-05-23,54.0217,-0.011411777408121,Nippon India Large Cap Fund - Regular - Growth,4.529150762213663
118632,2022-05-24,54.2421,0.0040798419894227,Nippon India Large Cap Fund - Regular - Growth,4.411743644806127
118632,2022-05-25,54.4725,0.0042476231561829,Nippon India Large Cap Fund - Regular - Growth,4.470389494917875
118632,2022-05-26,54.3965,-0.0013951994125475,Nippon India Large Cap Fund - Regular - Growth,4.303159567790146
118632,2022-05-27,55.3282,0.0171279402167419,Nippon India Large Cap Fund - Regular - Growth,4.33870224069691
118632,2022-05-30,54.5985,-0.0131885729158006,Nippon India Large Cap Fund - Regular - Growth,3.82304948970677
118632,2022-05-31,53.5689,-0.0188576609247507,Nippon India Large Cap Fund - Regular - Growth,3.1693700827776587
118632,2022-06-01,53.2522,-0.0059120123803176,Nippon India Large Cap Fund - Regular - Growth,3.002147201615952
118632,2022-06-02,53.6145,0.0068034747860181,Nippon India Large Cap Fund - Regular - Growth,2.9895863603386417
118632,2022-06-03,53.145,-0.0087569594046386,Nippon India Large Cap Fund - Regular - Growth,2.757255078600421
118632,2022-06-06,52.7144,-0.0081023614639195,Nippon India Large Cap Fund - Regular - Growth,2.802830917064789
118632,2022-06-07,53.1858,0.0089425280378796,Nippon India Large Cap Fund - Regular - Growth,2.902483257844159
118632,2022-06-08,53.4308,0.0046064927104603,Nippon India Large Cap Fund - Regular - Growth,2.935646161683358
118632,2022-06-09,53.6364,0.0038479678387746,Nippon India Large Cap Fund - Regular - Growth,2.9030904519854115
118632,2022-06-10,54.0352,0.0074352491964413,Nippon India Large Cap Fund - Regular - Growth,3.0501345739672066
118632,2022-06-13,53.8607,-0.0032293764064905,Nippon India Large Cap Fund - Regular - Growth,3.1136109737967654
118632,2022-06-14,53.7087,-0.0028220947741117,Nippon India Large Cap Fund - Regular - Growth,2.9402676066274274
118632,2022-06-15,54.1215,0.0076859056353997,Nippon India Large Cap Fund - Regular - Growth,3.322466691227472
118632,2022-06-16,53.511,-0.0112801751614421,Nippon India Large Cap Fund - Regular - Growth,2.843181445877417
118632,2022-06-17,52.5364,-0.018213077684962,Nippon India Large Cap Fund - Regular - Growth,2.4641659025584275
118632,2022-06-20,52.363,-0.0033005687485248,Nippon India Large Cap Fund - Regular - Growth,2.3497979788086267
118632,2022-06-21,52.8219,0.0087638217825563,Nippon India Large Cap Fund - Regular - Growth,2.405599503903272
118632,2022-06-22,52.9684,0.0027734708520519,Nippon India Large Cap Fund - Regular - Growth,2.353034784179698
118632,2022-06-23,53.398,0.0081104960693545,Nippon India Large Cap Fund - Regular - Growth,2.746275599319859
118632,2022-06-24,52.4839,-0.0171186186748568,Nippon India Large Cap Fund - Regular - Growth,2.236899857708557
118632,2022-06-27,52.6573,0.0033038703297583,Nippon India Large Cap Fund - Regular - Growth,2.2388688043113096
118632,2022-06-28,52.9891,0.006301120642342,Nippon India Large Cap Fund - Regular - Growth,2.4504024319888345
118632,2022-06-29,52.3886,-0.0113325193294471,Nippon India Large Cap Fund - Regular - Growth,2.3386501639793327
118632,2022-06-30,52.8157,0.0081525370023249,Nippon India Large Cap Fund - Regular - Growth,2.527353936877905
118632,2022-07-01,52.791,-0.0004676639711298,Nippon India Large Cap Fund - Regular - Growth,2.7421196257450107
118632,2022-07-04,54.2685,0.0279877251804285,Nippon India Large Cap Fund - Regular - Growth,2.8806468506882683
118632,2022-07-05,53.2638,-0.0185135023079686,Nippon India Large Cap Fund - Regular - Growth,2.271258297308874
118632,2022-07-06,53.9387,0.0126708946789375,Nippon India Large Cap Fund - Regular - Growth,2.399397369633996
118632,2022-07-07,53.7793,-0.0029552065585563,Nippon India Large Cap Fund - Regular - Growth,2.3716401407061056
118632,2022-07-08,53.0451,-0.0136520929056347,Nippon India Large Cap Fund - Regular - Growth,2.1286068315628555
118632,2022-07-11,52.8264,-0.004122906734081,Nippon India Large Cap Fund - Regular - Growth,1.9331197531014492
118632,2022-07-12,52.9831,0.0029663198703677,Nippon India Large Cap Fund - Regular - Growth,1.7260819316992044
118632,2022-07-13,53.4977,0.0097125309768586,Nippon India Large Cap Fund - Regular - Growth,1.9702735118258423
118632,2022-07-14,54.3444,0.0158268486308756,Nippon India Large Cap Fund - Regular - Growth,2.39627750376195
118632,2022-07-15,55.0585,0.0131402683625176,Nippon India Large Cap Fund - Regular - Growth,2.3803143480195468
118632,2022-07-18,54.6199,-0.007966072450212,Nippon India Large Cap Fund - Regular - Growth,2.530913557479202
118632,2022-07-19,55.1955,0.0105382836658434,Nippon India Large Cap Fund - Regular - Growth,2.8662565631485233
118632,2022-07-20,55.4149,0.0039749617269524,Nippon India Large Cap Fund - Regular - Growth,2.966639955676518
118632,2022-07-21,55.1243,-0.0052440769540322,Nippon India Large Cap Fund - Regular - Growth,3.136920719305142
118632,2022-07-22,55.0498,-0.001351491084694,Nippon India Large Cap Fund - Regular - Growth,2.9387787673988286
118632,2022-07-25,54.7345,-0.0057275412444731,Nippon India Large Cap Fund - Regular - Growth,2.689676344940258
118632,2022-07-26,54.7806,0.0008422475769396,Nippon India Large Cap Fund - Regular - Growth,2.7917361076812695
118632,2022-07-27,54.4573,-0.0059017243330669,Nippon India Large Cap Fund - Regular - Growth,2.481237827444424
118632,2022-07-28,53.9937,-0.0085130919087064,Nippon India Large Cap Fund - Regular - Growth,2.0945048766502943
118632,2022-07-29,54.2503,0.0047524062992534,Nippon India Large Cap Fund - Regular - Growth,2.1874131899627773
118632,2022-08-01,54.5801,0.0060792290549545,Nippon India Large Cap Fund - Regular - Growth,2.358684041723327
118632,2022-08-02,54.518,-0.0011377773217711,Nippon India Large Cap Fund - Regular - Growth,2.0109914546519256
118632,2022-08-03,55.208,0.0126563703730877,Nippon India Large Cap Fund - Regular - Growth,2.104066399979375
118632,2022-08-04,55.1098,-0.0017787277206201,Nippon India Large Cap Fund - Regular - Growth,2.0201218747701795
118632,2022-08-05,54.9912,-0.0021520673274082,Nippon India Large Cap Fund - Regular - Growth,1.7636910158171988
118632,2022-08-08,55.341,0.0063610177628421,Nippon India Large Cap Fund - Regular - Growth,1.8194301655882918
118632,2022-08-09,55.3049,-0.0006523192569704,Nippon India Large Cap Fund - Regular - Growth,1.8822062248364981
118632,2022-08-10,55.3749,0.0012657106332349,Nippon India Large Cap Fund - Regular - Growth,1.8829530189306658
118632,2022-08-11,54.1855,-0.0214790455603531,Nippon India Large Cap Fund - Regular - Growth,1.2773876231745567
118632,2022-08-12,54.2215,0.000664384383276,Nippon India Large Cap Fund - Regular - Growth,1.6219117252261344
118632,2022-08-15,53.3822,-0.0154790996191548,Nippon India Large Cap Fund - Regular - Growth,1.3555306234796014
118632,2022-08-16,52.8378,-0.0101981559396202,Nippon India Large Cap Fund - Regular - Growth,0.9441219861990491
118632,2022-08-17,52.2461,-0.0111984223415813,Nippon India Large Cap Fund - Regular - Growth,0.808948377342406
118632,2022-08-18,51.7947,-0.0086398793402761,Nippon India Large Cap Fund - Regular - Growth,0.402619313262374
118632,2022-08-19,51.5711,-0.0043170440218786,Nippon India Large Cap Fund - Regular - Growth,0.09065494051943454
118632,2022-08-22,51.3769,-0.003765674961364,Nippon India Large Cap Fund - Regular - Growth,0.023467948575630587
118632,2022-08-23,51.7054,0.0063939241176482,Nippon India Large Cap Fund - Regular - Growth,0.22038171739108975
118632,2022-08-24,51.8336,0.0024794315487357,Nippon India Large Cap Fund - Regular - Growth,0.30176705058453773
118632,2022-08-25,50.9981,-0.0161188881343374,Nippon India Large Cap Fund - Regular - Growth,-0.4386467363238297
118632,2022-08-26,51.0619,0.0012510269990451,Nippon India Large Cap Fund - Regular - Growth,-0.7472640589531186
118632,2022-08-29,51.2319,0.0033292924861785,Nippon India Large Cap Fund - Regular - Growth,-0.7146651389169449
118632,2022-08-30,51.11,-0.0023793769116507,Nippon India Large Cap Fund - Regular - Growth,-0.6691423402520068
118632,2022-08-31,51.1089,-2.152220700446517e-05,Nippon India Large Cap Fund - Regular - Growth,-0.698898747956558
118632,2022-09-01,51.2212,0.0021972689688098,Nippon India Large Cap Fund - Regular - Growth,-0.7078988113993991
118632,2022-09-02,51.5944,0.0072860456217347,Nippon India Large Cap Fund - Regular - Growth,-0.37584651795354596
118632,2022-09-05,50.909,-0.0132843874529018,Nippon India Large Cap Fund - Regular - Growth,-0.643069668645457
118632,2022-09-06,50.8256,-0.0016382172111021,Nippon India Large Cap Fund - Regular - Growth,-0.912015601742768
118632,2022-09-07,51.5328,0.0139142479380469,Nippon India Large Cap Fund - Regular - Growth,-0.36188139337027203
118632,2022-09-08,52.2076,0.0130945727769498,Nippon India Large Cap Fund - Regular - Growth,-0.26061848202650817
118632,2022-09-09,52.628,0.0080524674568454,Nippon India Large Cap Fund - Regular - Growth,-0.3504300050550127
118632,2022-09-12,52.9051,0.0052652580375465,Nippon India Large Cap Fund - Regular - Growth,-0.16739352967541965
118632,2022-09-13,53.7104,0.0152215948934979,Nippon India Large Cap Fund - Regular - Growth,-0.17423189318617827
118632,2022-09-14,54.6548,0.0175831868688374,Nippon India Large Cap Fund - Regular - Growth,0.25829672079296057
118632,2022-09-15,54.6208,-0.0006220862577486,Nippon India Large Cap Fund - Regular - Growth,0.16496159906569488
118632,2022-09-16,54.1837,-0.0080024459546546,Nippon India Large Cap Fund - Regular - Growth,0.05669857901368383
118632,2022-09-19,54.0826,-0.0018658747926036,Nippon India Large Cap Fund - Regular - Growth,0.06267730105644079
118632,2022-09-20,55.6087,0.0282179481016076,Nippon India Large Cap Fund - Regular - Growth,0.64650484359152
118632,2022-09-21,54.8726,-0.0132371373544067,Nippon India Large Cap Fund - Regular - Growth,0.2912364080920854
118632,2022-09-22,54.6736,-0.0036265823015493,Nippon India Large Cap Fund - Regular - Growth,0.0867038495825504
118632,2022-09-23,54.0245,-0.0118722747358871,Nippon India Large Cap Fund - Regular - Growth,-0.12048254410914963
118632,2022-09-26,54.1119,0.0016177845236882,Nippon India Large Cap Fund - Regular - Growth,0.1079380512332548
118632,2022-09-27,53.5686,-0.0100403053672112,Nippon India Large Cap Fund - Regular - Growth,-0.1398746473763526
118632,2022-09-28,53.5449,-0.0004424233599534,Nippon India Large Cap Fund - Regular - Growth,-0.2222524693531059
118632,2022-09-29,52.659,-0.0165449930805734,Nippon India Large Cap Fund - Regular - Growth,-0.4808534495332283
118632,2022-09-30,52.9739,0.0059799844281129,Nippon India Large Cap Fund - Regular - Growth,-0.6833674909977066
118632,2022-10-03,53.5757,0.011360311398632,Nippon India Large Cap Fund - Regular - Growth,-0.25335498564702896
118632,2022-10-04,53.4222,-0.0028651048889701,Nippon India Large Cap Fund - Regular - Growth,0.028076123744412314
118632,2022-10-05,53.3861,-0.0006757490331734,Nippon India Large Cap Fund - Regular - Growth,0.12211192962693085
118632,2022-10-06,53.3367,-0.0009253344971817,Nippon India Large Cap Fund - Regular - Growth,-0.016645755707071056
118632,2022-10-07,53.4494,0.002112991617404,Nippon India Large Cap Fund - Regular - Growth,0.1797284626851407
118632,2022-10-10,53.459,0.0001796091256405,Nippon India Large Cap Fund - Regular - Growth,0.3307366869114268
118632,2022-10-11,53.8502,0.0073177575338108,Nippon India Large Cap Fund - Regular - Growth,0.3017173692272201
118632,2022-10-12,54.467,0.0114539964568376,Nippon India Large Cap Fund - Regular - Growth,0.423468022657532
118632,2022-10-13,54.1053,-0.0066407182330585,Nippon India Large Cap Fund - Regular - Growth,0.23359585801818405
118632,2022-10-14,53.9857,-0.0022105043313686,Nippon India Large Cap Fund - Regular - Growth,0.05992100261567656
118632,2022-10-17,54.4448,0.0085041038645419,Nippon India Large Cap Fund - Regular - Growth,0.2710507416827297
118632,2022-10-18,53.7942,-0.0119497178793934,Nippon India Large Cap Fund - Regular - Growth,0.10580197355545178
118632,2022-10-19,52.8946,-0.0167229924415642,Nippon India Large Cap Fund - Regular - Growth,-0.32629564456837357
118632,2022-10-20,53.0276,0.0025144343657008,Nippon India Large Cap Fund - Regular - Growth,-0.08338434426724664
118632,2022-10-21,53.2877,0.0049049928716367,Nippon India Large Cap Fund - Regular - Growth,0.33331710058946046
118632,2022-10-24,52.9767,-0.005836243635961,Nippon India Large Cap Fund - Regular - Growth,0.2870359650822151
118632,2022-10-25,52.7342,-0.0045774840637488,Nippon India Large Cap Fund - Regular - Growth,0.04617125207207073
118632,2022-10-26,52.4089,-0.0061686723227051,Nippon India Large Cap Fund - Regular - Growth,-0.1156703394865719
118632,2022-10-27,52.0366,-0.0071037552782066,Nippon India Large Cap Fund - Regular - Growth,-0.3913539078497944
118632,2022-10-28,52.3828,0.006653009612465,Nippon India Large Cap Fund - Regular - Growth,0.03975347735334123
118632,2022-10-31,51.867,-0.0098467435875899,Nippon India Large Cap Fund - Regular - Growth,-0.20089576904434978
118632,2022-11-01,51.7724,-0.0018238957333178,Nippon India Large Cap Fund - Regular - Growth,-0.3502809285797056
118632,2022-11-02,51.3872,-0.007440257743508,Nippon India Large Cap Fund - Regular - Growth,-0.28016549818139475
118632,2022-11-03,50.7581,-0.0122423482890681,Nippon India Large Cap Fund - Regular - Growth,-0.6527167423640001
118632,2022-11-04,51.1755,0.0082233180517001,Nippon India Large Cap Fund - Regular - Growth,-0.49125433568167515
118632,2022-11-07,50.9677,-0.0040605367802952,Nippon India Large Cap Fund - Regular - Growth,-1.1316146830307865
118632,2022-11-08,51.0788,0.0021798119200984,Nippon India Large Cap Fund - Regular - Growth,-0.7504520543294178
118632,2022-11-09,50.43,-0.0127019428804122,Nippon India Large Cap Fund - Regular - Growth,-1.2503071570390396
118632,2022-11-10,50.1269,-0.0060103113226254,Nippon India Large Cap Fund - Regular - Growth,-1.308226527038178
118632,2022-11-11,50.4883,0.0072097017768903,Nippon India Large Cap Fund - Regular - Growth,-0.9059359394388542
118632,2022-11-14,51.6803,0.0236094303036544,Nippon India Large Cap Fund - Regular - Growth,-0.34457454250834874
118632,2022-11-15,50.8135,-0.0167723484577296,Nippon India Large Cap Fund - Regular - Growth,-0.7081336403930939
118632,2022-11-16,50.7497,-0.0012555718460645,Nippon India Large Cap Fund - Regular - Growth,-0.9193494829126662
118632,2022-11-17,50.9608,0.0041596305002788,Nippon India Large Cap Fund - Regular - Growth,-1.157544100072905
118632,2022-11-18,50.7108,-0.0049057314641842,Nippon India Large Cap Fund - Regular - Growth,-1.520745123375721
118632,2022-11-21,51.1186,0.0080416794844491,Nippon India Large Cap Fund - Regular - Growth,-1.2086138429152788
118632,2022-11-22,50.7555,-0.0071030896777298,Nippon India Large Cap Fund - Regular - Growth,-1.5589667598864763
118632,2022-11-23,50.8506,0.0018736885657713,Nippon India Large Cap Fund - Regular - Growth,-1.6015892466946628
118632,2022-11-24,50.6431,-0.0040805811534181,Nippon India Large Cap Fund - Regular - Growth,-1.5798833264183856
118632,2022-11-25,51.2171,0.0113342192717271,Nippon India Large Cap Fund - Regular - Growth,-1.319481988170641
118632,2022-11-28,50.9388,-0.0054337320933829,Nippon India Large Cap Fund - Regular - Growth,-1.314065853132362
118632,2022-11-29,50.8072,-0.0025834923476799,Nippon India Large Cap Fund - Regular - Growth,-1.380085129155988
118632,2022-11-30,51.2591,0.0088944086664881,Nippon India Large Cap Fund - Regular - Growth,-1.0899172785784805
118632,2022-12-01,50.8227,-0.0085136102662746,Nippon India Large Cap Fund - Regular - Growth,-1.0899266399851717
118632,2022-12-02,50.8798,0.0011235137054899,Nippon India Large Cap Fund - Regular - Growth,-1.161632892093582
118632,2022-12-05,50.0943,-0.0154383468488478,Nippon India Large Cap Fund - Regular - Growth,-1.5582444091067154
118632,2022-12-06,49.6416,-0.0090369563004174,Nippon India Large Cap Fund - Regular - Growth,-1.7012864597149908
118632,2022-12-07,49.8349,0.003893911558048,Nippon India Large Cap Fund - Regular - Growth,-1.887382866505775
118632,2022-12-08,49.4268,-0.0081890402107759,Nippon India Large Cap Fund - Regular - Growth,-2.003590836434329
118632,2022-12-09,49.2154,-0.0042770318936284,Nippon India Large Cap Fund - Regular - Growth,-2.042986508479146
118632,2022-12-12,49.4554,0.0048765223893332,Nippon India Large Cap Fund - Regular - Growth,-2.0740646655866133
118632,2022-12-13,49.2288,-0.004581906121475,Nippon India Large Cap Fund - Regular - Growth,-2.1475807478662894
118632,2022-12-14,49.613,0.0078043746749869,Nippon India Large Cap Fund - Regular - Growth,-2.012842774620569
118632,2022-12-15,49.7331,0.0024207365005139,Nippon India Large Cap Fund - Regular - Growth,-1.6017892233297502
118632,2022-12-16,49.9503,0.0043673127152741,Nippon India Large Cap Fund - Regular - Growth,-1.52687367823144
118632,2022-12-19,50.526,0.0115254563035658,Nippon India Large Cap Fund - Regular - Growth,-1.0054400520847284
118632,2022-12-20,50.6949,0.0033428333927085,Nippon India Large Cap Fund - Regular - Growth,-0.7444922042537829
118632,2022-12-21,51.4141,0.014186831416967,Nippon India Large Cap Fund - Regular - Growth,-0.24332457537578298
118632,2022-12-22,51.8557,0.0085890835393402,Nippon India Large Cap Fund - Regular - Growth,0.09366103407609525
118632,2022-12-23,51.6435,-0.0040921248773037,Nippon India Large Cap Fund - Regular - Growth,0.09807313517519813
118632,2022-12-26,52.2628,0.0119918285941114,Nippon India Large Cap Fund - Regular - Growth,0.4028423273650246
118632,2022-12-27,52.4116,0.0028471494064612,Nippon India Large Cap Fund - Regular - Growth,0.3347670000948196
118632,2022-12-28,52.2564,-0.0029611765334391,Nippon India Large Cap Fund - Regular - Growth,0.22895687199302606
118632,2022-12-29,52.4119,0.0029757120658906,Nippon India Large Cap Fund - Regular - Growth,0.6108884803661337
118632,2022-12-30,52.9559,0.0103793222531523,Nippon India Large Cap Fund - Regular - Growth,0.7860007699555968
118632,2023-01-02,53.1963,0.0045396263683554,Nippon India Large Cap Fund - Regular - Growth,0.809304402187337
118632,2023-01-03,54.086,0.0167248474048007,Nippon India Large Cap Fund - Regular - Growth,1.1641318437776538
118632,2023-01-04,54.635,0.0101505010538771,Nippon India Large Cap Fund - Regular - Growth,1.3524372923653616
118632,2023-01-05,54.9159,0.0051413928800219,Nippon India Large Cap Fund - Regular - Growth,1.4073415972930527
118632,2023-01-06,54.4493,-0.0084966284810046,Nippon India Large Cap Fund - Regular - Growth,1.1018134249804723
118632,2023-01-09,54.3911,-0.0010688842648114,Nippon India Large Cap Fund - Regular - Growth,1.3525527246162306
118632,2023-01-10,54.4536,0.0011490850525177,Nippon India Large Cap Fund - Regular - Growth,1.4070597465496597
118632,2023-01-11,54.8175,0.0066827537573272,Nippon India Large Cap Fund - Regular - Growth,1.2790137634492318
118632,2023-01-12,55.1549,0.0061549687599762,Nippon India Large Cap Fund - Regular - Growth,1.1532651389955
118632,2023-01-13,55.2659,0.0020125138473645,Nippon India Large Cap Fund - Regular - Growth,1.0380616998644785
118632,2023-01-16,55.3532,0.0015796359056849,Nippon India Large Cap Fund - Regular - Growth,0.9665555955590538
118632,2023-01-17,55.7347,0.0068921037988769,Nippon India Large Cap Fund - Regular - Growth,0.8116415797215267
118632,2023-01-18,55.3428,-0.0070315261408063,Nippon India Large Cap Fund - Regular - Growth,0.32331262117469156
118632,2023-01-19,56.2056,0.0155901038617489,Nippon India Large Cap Fund - Regular - Growth,0.6434468512392559
118632,2023-01-20,55.2284,-0.0173861679263275,Nippon India Large Cap Fund - Regular - Growth,0.44705289804366755
118632,2023-01-23,55.9707,0.0134405487032034,Nippon India Large Cap Fund - Regular - Growth,0.740581646381029
118632,2023-01-24,55.9773,0.0001179188396784,Nippon India Large Cap Fund - Regular - Growth,0.2034834416075522
118632,2023-01-25,56.5036,0.0094020254638933,Nippon India Large Cap Fund - Regular - Growth,0.6761951781296934
118632,2023-01-26,56.7144,0.0037307357407314,Nippon India Large Cap Fund - Regular - Growth,0.8296497559399905
118632,2023-01-27,56.9171,0.0035740482135049,Nippon India Large Cap Fund - Regular - Growth,1.1644958970639545
118632,2023-01-30,57.2256,0.0054201637117843,Nippon India Large Cap Fund - Regular - Growth,1.2423938756573893
118632,2023-01-31,57.6651,0.0076801291729575,Nippon India Large Cap Fund - Regular - Growth,1.6238448763935711
118632,2023-02-01,57.5278,-0.0023809895413343,Nippon India Large Cap Fund - Regular - Growth,1.5817500570997538
118632,2023-02-02,58.0851,0.0096874902221186,Nippon India Large Cap Fund - Regular - Growth,2.1768273471882607
118632,2023-02-03,57.5619,-0.0090074735173046,Nippon India Large Cap Fund - Regular - Growth,1.8423937012027425
118632,2023-02-06,57.5889,0.0004690602638204,Nippon India Large Cap Fund - Regular - Growth,1.6241414098132465
118632,2023-02-07,58.045,0.0079199290140981,Nippon India Large Cap Fund - Regular - Growth,1.851496750759076
118632,2023-02-08,58.5868,0.0093341373072615,Nippon India Large Cap Fund - Regular - Growth,2.055564954806932
118632,2023-02-09,58.8557,0.0045897710747131,Nippon India Large Cap Fund - Regular - Growth,2.1721657804104915
118632,2023-02-10,58.6822,-0.002947887800162,Nippon India Large Cap Fund - Regular - Growth,2.061290094661363
118632,2023-02-13,59.1786,0.0084591238910607,Nippon India Large Cap Fund - Regular - Growth,2.2284629284099644
118632,2023-02-14,58.8606,-0.0053735640924253,Nippon India Large Cap Fund - Regular - Growth,1.9580016613804734
118632,2023-02-15,59.8077,0.0160905597292586,Nippon India Large Cap Fund - Regular - Growth,2.0370699804856645
118632,2023-02-16,59.7939,-0.000230739520162,Nippon India Large Cap Fund - Regular - Growth,2.182307288340236
118632,2023-02-17,59.0179,-0.0129779124626425,Nippon India Large Cap Fund - Regular - Growth,1.9255359278922797
118632,2023-02-20,58.4295,-0.0099698566028272,Nippon India Large Cap Fund - Regular - Growth,1.5329934529413571
118632,2023-02-21,58.4821,0.0009002301919407,Nippon India Large Cap Fund - Regular - Growth,1.8231774444602187
118632,2023-02-22,58.5845,0.0017509631152095,Nippon India Large Cap Fund - Regular - Growth,2.269520141895619
118632,2023-02-23,59.6418,0.0180474357551914,Nippon India Large Cap Fund - Regular - Growth,2.5453316086751445
118632,2023-02-24,59.1286,-0.0086047034127072,Nippon India Large Cap Fund - Regular - Growth,2.2453893774004774
118632,2023-02-27,59.1797,0.0008642179926465,Nippon India Large Cap Fund - Regular - Growth,2.3951676892941833
118632,2023-02-28,58.6596,-0.0087884865925308,Nippon India Large Cap Fund - Regular - Growth,2.294441205059971
118632,2023-03-01,58.4354,-0.0038220512925419,Nippon India Large Cap Fund - Regular - Growth,2.3489454288647496
118632,2023-03-02,59.3403,0.0154854762695215,Nippon India Large Cap Fund - Regular - Growth,2.794348373355625
118632,2023-03-03,58.7789,-0.0094606869193448,Nippon India Large Cap Fund - Regular - Growth,2.4427923631091484
118632,2023-03-06,59.1145,0.0057095318217932,Nippon India Large Cap Fund - Regular - Growth,2.786565171594349
118632,2023-03-07,59.3503,0.0039888690591987,Nippon India Large Cap Fund - Regular - Growth,2.908521752565349
118632,2023-03-08,59.3683,0.0003032840609062,Nippon India Large Cap Fund - Regular - Growth,3.088855089050279
118632,2023-03-09,59.6717,0.0051104714131953,Nippon India Large Cap Fund - Regular - Growth,3.5032190714717277
118632,2023-03-10,59.0948,-0.0096678995235597,Nippon India Large Cap Fund - Regular - Growth,3.101248385742097
118632,2023-03-13,59.9953,0.0152382273905655,Nippon India Large Cap Fund - Regular - Growth,3.467022152308709
118632,2023-03-14,61.0539,0.0176447155027144,Nippon India Large Cap Fund - Regular - Growth,3.7180010620585975
118632,2023-03-15,61.1108,0.0009319633962776,Nippon India Large Cap Fund - Regular - Growth,4.064025873846341
118632,2023-03-16,62.463,0.0221270217375653,Nippon India Large Cap Fund - Regular - Growth,4.536195086481817
118632,2023-03-17,62.2757,-0.0029985751564926,Nippon India Large Cap Fund - Regular - Growth,4.327021316232929
118632,2023-03-20,62.5282,0.0040545509725302,Nippon India Large Cap Fund - Regular - Growth,4.06961816281964
118632,2023-03-21,63.3555,0.0132308302493915,Nippon India Large Cap Fund - Regular - Growth,4.793979675548339
118632,2023-03-22,63.1321,-0.0035261342740566,Nippon India Large Cap Fund - Regular - Growth,4.736702396571948
118632,2023-03-23,62.3998,-0.0115994874239887,Nippon India Large Cap Fund - Regular - Growth,4.33175981443741
118632,2023-03-24,61.5509,-0.0136042102699047,Nippon India Large Cap Fund - Regular - Growth,4.083934108831152
118632,2023-03-27,62.7121,0.0188656867730609,Nippon India Large Cap Fund - Regular - Growth,4.229403409414064
118632,2023-03-28,62.4524,-0.0041411466048817,Nippon India Large Cap Fund - Regular - Growth,4.304801968896539
118632,2023-03-29,62.3824,-0.0011208536421338,Nippon India Large Cap Fund - Regular - Growth,4.239966636737902
118632,2023-03-30,61.805,-0.0092558157429017,Nippon India Large Cap Fund - Regular - Growth,4.1059882017887555
118632,2023-03-31,62.3563,0.0089199902920475,Nippon India Large Cap Fund - Regular - Growth,4.068590833244319
118632,2023-04-03,61.9599,-0.0063570160513051,Nippon India Large Cap Fund - Regular - Growth,4.045329742194777
118632,2023-04-04,61.7239,-0.0038089151209087,Nippon India Large Cap Fund - Regular - Growth,4.016521707959323
118632,2023-04-05,61.9191,0.0031624702910866,Nippon India Large Cap Fund - Regular - Growth,3.9132233194018857
118632,2023-04-06,61.3724,-0.0088292626992317,Nippon India Large Cap Fund - Regular - Growth,3.904817560461623
118632,2023-04-07,61.3074,-0.0010591080029459,Nippon India Large Cap Fund - Regular - Growth,3.8578407665300953
118632,2023-04-10,62.1023,0.0129658083689734,Nippon India Large Cap Fund - Regular - Growth,4.5018884589207495
118632,2023-04-11,62.3695,0.004302578165382,Nippon India Large Cap Fund - Regular - Growth,4.8252099079923
118632,2023-04-12,62.4735,0.0016674817017934,Nippon India Large Cap Fund - Regular - Growth,4.779212132216337
118632,2023-04-13,62.6243,0.0024138234611474,Nippon India Large Cap Fund - Regular - Growth,5.046289686582438
118632,2023-04-14,62.442,-0.0029110105821541,Nippon India Large Cap Fund - Regular - Growth,5.081948416669009
118632,2023-04-17,63.5838,0.0182857691938118,Nippon India Large Cap Fund - Regular - Growth,5.265426343078914
118632,2023-04-18,63.1625,-0.006625901566122,Nippon India Large Cap Fund - Regular - Growth,5.209390850818998
118632,2023-04-19,63.3128,0.0023795764892142,Nippon India Large Cap Fund - Regular - Growth,5.107451205234276
118632,2023-04-20,63.4098,0.0015320756624253,Nippon India Large Cap Fund - Regular - Growth,5.088571321977147
118632,2023-04-21,64.0094,0.0094559516036953,Nippon India Large Cap Fund - Regular - Growth,5.176837901522066
118632,2023-04-24,64.6685,0.01029692513912,Nippon India Large Cap Fund - Regular - Growth,5.159438061478837
118632,2023-04-25,64.6837,0.0002350448827483,Nippon India Large Cap Fund - Regular - Growth,5.093028539450749
118632,2023-04-26,64.8831,0.0030826931669027,Nippon India Large Cap Fund - Regular - Growth,4.914308452743415
118632,2023-04-27,65.105,0.0034199968867085,Nippon India Large Cap Fund - Regular - Growth,4.820047279923718
118632,2023-04-28,63.8463,-0.019333384532678,Nippon India Large Cap Fund - Regular - Growth,4.3562527272156695
118632,2023-05-01,62.9903,-0.0134071982244859,Nippon India Large Cap Fund - Regular - Growth,3.801520581811805
118632,2023-05-02,62.6874,-0.0048086768915214,Nippon India Large Cap Fund - Regular - Growth,3.6364047371044763
118632,2023-05-03,62.4099,-0.0044267269020568,Nippon India Large Cap Fund - Regular - Growth,3.6029190454492297
118632,2023-05-04,61.7851,-0.0100112321923284,Nippon India Large Cap Fund - Regular - Growth,3.311395145751078
118632,2023-05-05,62.227,0.0071522098369993,Nippon India Large Cap Fund - Regular - Growth,3.258066141448139
118632,2023-05-08,62.2603,0.0005351374805149,Nippon India Large Cap Fund - Regular - Growth,3.180305238757204
118632,2023-05-09,62.1746,-0.001376479072539,Nippon India Large Cap Fund - Regular - Growth,2.866878963840306
118632,2023-05-10,61.5213,-0.0105075062806998,Nippon India Large Cap Fund - Regular - Growth,2.4404016405706086
118632,2023-05-11,61.5289,0.00012353445067,Nippon India Large Cap Fund - Regular - Growth,2.3424406767822847
118632,2023-05-12,60.151,-0.0223943545228338,Nippon India Large Cap Fund - Regular - Growth,1.9990614279427574
118632,2023-05-15,60.0956,-0.0009210154444648,Nippon India Large Cap Fund - Regular - Growth,2.0020076710287324
118632,2023-05-16,60.1601,0.0010732898914396,Nippon India Large Cap Fund - Regular - Growth,2.0005405974192727
118632,2023-05-17,60.3197,0.0026529211221391,Nippon India Large Cap Fund - Regular - Growth,1.9263008555277787
118632,2023-05-18,59.5241,-0.0131897207711576,Nippon India Large Cap Fund - Regular - Growth,1.5332849335964072
118632,2023-05-19,59.673,0.002501507792642,Nippon India Large Cap Fund - Regular - Growth,1.542516221267741
118632,2023-05-22,59.1579,-0.0086320446433061,Nippon India Large Cap Fund - Regular - Growth,1.3390216226334803
118632,2023-05-23,58.7659,-0.0066263339300414,Nippon India Large Cap Fund - Regular - Growth,1.0804890916120002
118632,2023-05-24,59.1696,0.0068696301766841,Nippon India Large Cap Fund - Regular - Growth,1.3468782720787105
118632,2023-05-25,60.2611,0.0184469727698006,Nippon India Large Cap Fund - Regular - Growth,1.3928720396669707
118632,2023-05-26,60.3195,0.0009691160632647,Nippon India Large Cap Fund - Regular - Growth,1.779501990669863
118632,2023-05-29,59.9173,-0.0066678271537397,Nippon India Large Cap Fund - Regular - Growth,1.399643275983196
118632,2023-05-30,60.0481,0.0021830089139531,Nippon India Large Cap Fund - Regular - Growth,1.4397596838553708
118632,2023-05-31,60.5787,0.0088362496065654,Nippon India Large Cap Fund - Regular - Growth,1.429653492729187
118632,2023-06-01,60.9428,0.0060103633785473,Nippon India Large Cap Fund - Regular - Growth,1.472252313307387
118632,2023-06-02,62.4673,0.0250152602112145,Nippon India Large Cap Fund - Regular - Growth,1.8199463139349459
118632,2023-06-05,62.1065,-0.0057758219100233,Nippon India Large Cap Fund - Regular - Growth,1.6072018466640137
118632,2023-06-06,62.2769,0.0027436741725905,Nippon India Large Cap Fund - Regular - Growth,1.5188344869665902
118632,2023-06-07,63.166,0.0142765616143385,Nippon India Large Cap Fund - Regular - Growth,1.8126538735593267
118632,2023-06-08,64.0324,0.013716239749232,Nippon India Large Cap Fund - Regular - Growth,1.877549453976446
118632,2023-06-09,62.9731,-0.0165431875113223,Nippon India Large Cap Fund - Regular - Growth,1.7162742073291843
118632,2023-06-12,63.0037,0.0004859217665955,Nippon India Large Cap Fund - Regular - Growth,1.7165839162472203
118632,2023-06-13,63.8669,0.0137007826524473,Nippon India Large Cap Fund - Regular - Growth,1.8098791192779995
118632,2023-06-14,65.5498,0.026350112499589,Nippon India Large Cap Fund - Regular - Growth,2.050566168394272
118632,2023-06-15,65.992,0.0067460160061509,Nippon India Large Cap Fund - Regular - Growth,2.0862256391868454
118632,2023-06-16,65.8122,-0.0027245726754757,Nippon India Large Cap Fund - Regular - Growth,2.0903558661840482
118632,2023-06-19,65.2627,-0.0083495157432817,Nippon India Large Cap Fund - Regular - Growth,1.791741337581017
118632,2023-06-20,66.5866,0.0202857068432658,Nippon India Large Cap Fund - Regular - Growth,2.202371479449416
118632,2023-06-21,67.0505,0.006966867207516,Nippon India Large Cap Fund - Regular - Growth,2.0660354438836444
118632,2023-06-22,66.5853,-0.0069380541532128,Nippon India Large Cap Fund - Regular - Growth,1.9426468369365304
118632,2023-06-23,66.5004,-0.0012750562060995,Nippon India Large Cap Fund - Regular - Growth,2.168466991171823
118632,2023-06-26,66.7169,0.0032556195150705,Nippon India Large Cap Fund - Regular - Growth,2.416879573369614
118632,2023-06-27,67.0723,0.0053269861159617,Nippon India Large Cap Fund - Regular - Growth,2.4929361991024916
118632,2023-06-28,66.5766,-0.007390532306183,Nippon India Large Cap Fund - Regular - Growth,2.3217109112546974
118632,2023-06-29,66.2511,-0.0048891051810997,Nippon India Large Cap Fund - Regular - Growth,1.9457991185084256
118632,2023-06-30,65.326,-0.0139635417374202,Nippon India Large Cap Fund - Regular - Growth,1.8366606835739239
118632,2023-07-03,65.9618,0.0097327251017971,Nippon India Large Cap Fund - Regular - Growth,1.984953912175539
118632,2023-07-04,65.7973,-0.0024938676627985,Nippon India Large Cap Fund - Regular - Growth,2.1057445275476976
118632,2023-07-05,66.1026,0.0046400080246451,Nippon India Large Cap Fund - Regular - Growth,2.257136578885094
118632,2023-07-06,66.9715,0.0131447174543817,Nippon India Large Cap Fund - Regular - Growth,2.223375333214135
118632,2023-07-07,67.1361,0.0024577618837862,Nippon India Large Cap Fund - Regular - Growth,2.451097798409389
118632,2023-07-10,67.1038,-0.0004811122481048,Nippon India Large Cap Fund - Regular - Growth,2.342512364624352
118632,2023-07-11,67.2534,0.0022293819426022,Nippon India Large Cap Fund - Regular - Growth,2.3118717481038065
118632,2023-07-12,67.3256,0.001073551671737,Nippon India Large Cap Fund - Regular - Growth,2.325786614635613
118632,2023-07-13,68.1047,0.0115721211545087,Nippon India Large Cap Fund - Regular - Growth,2.4288432581142967
118632,2023-07-14,68.3269,0.0032626235781083,Nippon India Large Cap Fund - Regular - Growth,2.6776645529647456
118632,2023-07-17,68.0347,-0.0042765001778215,Nippon India Large Cap Fund - Regular - Growth,2.3492687911703563
118632,2023-07-18,68.7018,0.009805290535565,Nippon India Large Cap Fund - Regular - Growth,2.2332419888768484
118632,2023-07-19,69.4872,0.0114320148817061,Nippon India Large Cap Fund - Regular - Growth,2.4105859878202174
118632,2023-07-20,68.7073,-0.0112236498232767,Nippon India Large Cap Fund - Regular - Growth,1.835497471853343
118632,2023-07-21,69.6784,0.01413386932684,Nippon India Large Cap Fund - Regular - Growth,2.132352573242995
118632,2023-07-24,69.9389,0.0037386047900067,Nippon India Large Cap Fund - Regular - Growth,2.1267819680882276
118632,2023-07-25,70.15,0.0030183488730877,Nippon India Large Cap Fund - Regular - Growth,1.9565899484769154
118632,2023-07-26,70.8121,0.00943834640057,Nippon India Large Cap Fund - Regular - Growth,2.1899726060861213
118632,2023-07-27,70.4952,-0.0044752238671075,Nippon India Large Cap Fund - Regular - Growth,2.3404007751082583
118632,2023-07-28,71.1276,0.0089708235454328,Nippon India Large Cap Fund - Regular - Growth,2.789765469745493
118632,2023-07-31,70.9283,-0.0028020065347348,Nippon India Large Cap Fund - Regular - Growth,2.4269982768176885
118632,2023-08-01,70.0477,-0.0124153546609743,Nippon India Large Cap Fund - Regular - Growth,2.245338856655822
118632,2023-08-02,69.4699,-0.0082486648383888,Nippon India Large Cap Fund - Regular - Growth,2.0990176141398957
118632,2023-08-03,69.8542,0.0055318922295843,Nippon India Large Cap Fund - Regular - Growth,2.391639108999126
118632,2023-08-04,69.3099,-0.0077919437914972,Nippon India Large Cap Fund - Regular - Growth,2.0720009718141315
118632,2023-08-07,70.3374,0.0148247220094099,Nippon India Large Cap Fund - Regular - Growth,2.4529065756131776
118632,2023-08-08,71.1157,0.0110652369862975,Nippon India Large Cap Fund - Regular - Growth,2.7210400026139916
118632,2023-08-09,71.994,0.0123502967699116,Nippon India Large Cap Fund - Regular - Growth,2.8724565229706096
118632,2023-08-10,72.1105,0.001618190404756,Nippon India Large Cap Fund - Regular - Growth,3.087845694039471
118632,2023-08-11,72.312,0.0027943226021174,Nippon India Large Cap Fund - Regular - Growth,3.1613297628405412
118632,2023-08-14,71.5916,-0.0099623852196039,Nippon India Large Cap Fund - Regular - Growth,2.7309576274036167
118632,2023-08-15,72.2604,0.0093418780974305,Nippon India Large Cap Fund - Regular - Growth,2.8158251557040486
118632,2023-08-16,72.5402,0.0038721069908276,Nippon India Large Cap Fund - Regular - Growth,2.8560048778300318
118632,2023-08-17,72.9417,0.0055348620489052,Nippon India Large Cap Fund - Regular - Growth,2.9115129215065854
118632,2023-08-18,74.0741,0.0155247272821994,Nippon India Large Cap Fund - Regular - Growth,3.2212803270146426
118632,2023-08-21,73.7173,-0.0048167983141206,Nippon India Large Cap Fund - Regular - Growth,2.835868544738172
118632,2023-08-22,73.6733,-0.0005968748177157,Nippon India Large Cap Fund - Regular - Growth,2.9603711722908406
118632,2023-08-23,73.924,0.0034028610093481,Nippon India Large Cap Fund - Regular - Growth,2.9791074703622664
118632,2023-08-24,73.3545,-0.0077038580163412,Nippon India Large Cap Fund - Regular - Growth,2.7904402747737462
118632,2023-08-25,73.271,-0.0011383078066103,Nippon India Large Cap Fund - Regular - Growth,2.60191097396204
118632,2023-08-28,73.6282,0.004875052885862,Nippon India Large Cap Fund - Regular - Growth,2.5110094746443252
118632,2023-08-29,73.4551,-0.0023510013826224,Nippon India Large Cap Fund - Regular - Growth,2.4604186740502825
118632,2023-08-30,74.3464,0.0121339430482021,Nippon India Large Cap Fund - Regular - Growth,2.611921414607977
118632,2023-08-31,73.4001,-0.012728255840229,Nippon India Large Cap Fund - Regular - Growth,2.283047081213694
118632,2023-09-01,74.1688,0.0104727377755617,Nippon India Large Cap Fund - Regular - Growth,2.895180866490114
118632,2023-09-04,74.641,0.0063665584450605,Nippon India Large Cap Fund - Regular - Growth,3.3121967577184597
118632,2023-09-05,74.3058,-0.0044908294369047,Nippon India Large Cap Fund - Regular - Growth,3.319171042772845
118632,2023-09-06,73.7405,-0.007607750673568,Nippon India Large Cap Fund - Regular - Growth,3.24773083204313
118632,2023-09-07,72.4374,-0.0176714288620228,Nippon India Large Cap Fund - Regular - Growth,3.054490302007448
118632,2023-09-08,71.9683,-0.0064759364637604,Nippon India Large Cap Fund - Regular - Growth,2.7926014198231925
118632,2023-09-11,72.6735,0.0097987586201147,Nippon India Large Cap Fund - Regular - Growth,2.953740979603783
118632,2023-09-12,72.675,2.064026089287907e-05,Nippon India Large Cap Fund - Regular - Growth,2.981007028377028
118632,2023-09-13,73.4621,0.0108304093567253,Nippon India Large Cap Fund - Regular - Growth,3.3938951696730126
118632,2023-09-14,73.0993,-0.004938600992893,Nippon India Large Cap Fund - Regular - Growth,3.2900128916518114
118632,2023-09-15,73.5946,0.0067757146785263,Nippon India Large Cap Fund - Regular - Growth,3.981465713331073
118632,2023-09-18,73.1681,-0.0057952621523862,Nippon India Large Cap Fund - Regular - Growth,3.8727574481193434
118632,2023-09-19,72.5851,-0.007967953247385,Nippon India Large Cap Fund - Regular - Growth,3.673299942622103
118632,2023-09-20,72.554,-0.000428462590807,Nippon India Large Cap Fund - Regular - Growth,3.61278024290274
118632,2023-09-21,72.167,-0.005333958155305,Nippon India Large Cap Fund - Regular - Growth,3.808711804948371
118632,2023-09-22,71.2284,-0.0130059445452909,Nippon India Large Cap Fund - Regular - Growth,3.4550732099732926
118632,2023-09-25,71.1507,-0.0010908570177062,Nippon India Large Cap Fund - Regular - Growth,3.624007449918516
118632,2023-09-26,71.2542,0.0014546589141075,Nippon India Large Cap Fund - Regular - Growth,3.7987676905724235
118632,2023-09-27,72.0929,0.0117705342281577,Nippon India Large Cap Fund - Regular - Growth,3.875304434014666
118632,2023-09-28,72.7285,0.0088164021699779,Nippon India Large Cap Fund - Regular - Growth,3.7456545318159873
118632,2023-09-29,73.5532,0.0113394336470573,Nippon India Large Cap Fund - Regular - Growth,3.925951065794278
118632,2023-10-02,74.0601,0.0068916104261949,Nippon India Large Cap Fund - Regular - Growth,4.206372130090503
118632,2023-10-03,74.316,0.0034553018426926,Nippon India Large Cap Fund - Regular - Growth,4.230866173766347
118632,2023-10-04,73.5528,-0.0102696592927498,Nippon India Large Cap Fund - Regular - Growth,3.828260223443508
118632,2023-10-05,73.6881,0.0018394948934643,Nippon India Large Cap Fund - Regular - Growth,3.751299045920099
118632,2023-10-06,74.1152,0.0057960511941548,Nippon India Large Cap Fund - Regular - Growth,3.503177314447251
118632,2023-10-09,75.1127,0.0134587776866283,Nippon India Large Cap Fund - Regular - Growth,3.8697818772396344
118632,2023-10-10,75.6077,0.0065900972804864,Nippon India Large Cap Fund - Regular - Growth,3.9411485688138286
118632,2023-10-11,76.4788,0.011521313305391,Nippon India Large Cap Fund - Regular - Growth,3.90279441555222
118632,2023-10-12,75.825,-0.0085487743008521,Nippon India Large Cap Fund - Regular - Growth,3.462995983926021
118632,2023-10-13,75.646,-0.0023606989779096,Nippon India Large Cap Fund - Regular - Growth,3.8391877142662234
118632,2023-10-16,75.9722,0.0043121909948973,Nippon India Large Cap Fund - Regular - Growth,3.9171300872430193
118632,2023-10-17,76.7937,0.0108131658685677,Nippon India Large Cap Fund - Regular - Growth,3.875162646647793
118632,2023-10-18,76.7349,-0.0007656878103282,Nippon India Large Cap Fund - Regular - Growth,3.476705369898699
118632,2023-10-19,76.7187,-0.0002111164541818,Nippon India Large Cap Fund - Regular - Growth,3.3321021516928244
118632,2023-10-20,77.2249,0.0065981305731197,Nippon India Large Cap Fund - Regular - Growth,3.533245341127572
118632,2023-10-23,76.5014,-0.0093687398753511,Nippon India Large Cap Fund - Regular - Growth,3.5046944055627454
118632,2023-10-24,77.6336,0.0147997291552834,Nippon India Large Cap Fund - Regular - Growth,3.436649142502428
118632,2023-10-25,77.0738,-0.0072107953257352,Nippon India Large Cap Fund - Regular - Growth,3.111649332969245
118632,2023-10-26,75.8197,-0.0162714177839941,Nippon India Large Cap Fund - Regular - Growth,2.8479395140481185
118632,2023-10-27,75.8656,0.0006053835612644,Nippon India Large Cap Fund - Regular - Growth,2.8898507599675556
118632,2023-10-30,77.0503,0.0156157731567403,Nippon India Large Cap Fund - Regular - Growth,3.1050198542606173
118632,2023-10-31,77.4898,0.0057040660451679,Nippon India Large Cap Fund - Regular - Growth,3.1122415538451174
118632,2023-11-01,78.045,0.0071648139497069,Nippon India Large Cap Fund - Regular - Growth,3.4338892914893187
118632,2023-11-02,78.1138,0.0008815426997244,Nippon India Large Cap Fund - Regular - Growth,3.568911194074596
118632,2023-11-03,78.0491,-0.0008282787420405,Nippon India Large Cap Fund - Regular - Growth,3.927419870858281
118632,2023-11-06,77.0327,-0.013022571688847,Nippon India Large Cap Fund - Regular - Growth,3.3879100485776568
118632,2023-11-07,75.5519,-0.0192230052951538,Nippon India Large Cap Fund - Regular - Growth,2.9300572791797093
118632,2023-11-08,75.7218,0.0022487852721109,Nippon India Large Cap Fund - Regular - Growth,2.882580345414638
118632,2023-11-09,76.643,0.0121655850758961,Nippon India Large Cap Fund - Regular - Growth,2.8671397539754144
118632,2023-11-10,76.9156,0.0035567501272131,Nippon India Large Cap Fund - Regular - Growth,2.889214805783812
118632,2023-11-13,77.3797,0.0060338864937672,Nippon India Large Cap Fund - Regular - Growth,3.0206897577584866
118632,2023-11-14,78.5085,0.0145878053287877,Nippon India Large Cap Fund - Regular - Growth,3.2353167862458485
118632,2023-11-15,78.7771,0.0034212855932798,Nippon India Large Cap Fund - Regular - Growth,3.282779800079896
118632,2023-11-16,78.7326,-0.0005648849729172,Nippon India Large Cap Fund - Regular - Growth,3.0558732041857715
118632,2023-11-17,78.2066,-0.006680841227141,Nippon India Large Cap Fund - Regular - Growth,2.836874884426538
118632,2023-11-20,79.6549,0.0185188973820624,Nippon India Large Cap Fund - Regular - Growth,3.243355423546389
118632,2023-11-21,80.067,0.0051735674767026,Nippon India Large Cap Fund - Regular - Growth,3.1624652604617127
118632,2023-11-22,79.4444,-0.0077759876103762,Nippon India Large Cap Fund - Regular - Growth,2.7761318063083325
118632,2023-11-23,78.6687,-0.0097640614064679,Nippon India Large Cap Fund - Regular - Growth,2.8129111402852836
118632,2023-11-24,79.5839,0.0116335976061634,Nippon India Large Cap Fund - Regular - Growth,2.773959648022174
118632,2023-11-27,78.8998,-0.0085959597355746,Nippon India Large Cap Fund - Regular - Growth,2.5052159549267157
118632,2023-11-28,80.2417,0.0170076476746454,Nippon India Large Cap Fund - Regular - Growth,2.7398691568919666
118632,2023-11-29,78.355,-0.0235127122182106,Nippon India Large Cap Fund - Regular - Growth,2.008251263503989
118632,2023-11-30,79.3852,0.0131478527215875,Nippon India Large Cap Fund - Regular - Growth,2.3285236904086117
118632,2023-12-01,79.7679,0.0048207978313337,Nippon India Large Cap Fund - Regular - Growth,2.2565401080405096
118632,2023-12-04,79.8926,0.0015632854820046,Nippon India Large Cap Fund - Regular - Growth,2.342261837352194
118632,2023-12-05,79.8102,-0.001031384633871,Nippon India Large Cap Fund - Regular - Growth,2.5909399545758656
118632,2023-12-06,81.1941,0.0173398888863831,Nippon India Large Cap Fund - Regular - Growth,3.054194353392359
118632,2023-12-07,81.7441,0.0067738912063808,Nippon India Large Cap Fund - Regular - Growth,3.075721188519874
118632,2023-12-08,81.1374,-0.007421942378716,Nippon India Large Cap Fund - Regular - Growth,3.0841962297411523
118632,2023-12-11,79.9579,-0.0145370692183876,Nippon India Large Cap Fund - Regular - Growth,2.5090477490443397
118632,2023-12-12,80.1244,0.0020823458344954,Nippon India Large Cap Fund - Regular - Growth,2.3527024219346933
118632,2023-12-13,80.165,0.0005067120627426,Nippon India Large Cap Fund - Regular - Growth,2.1436577804472416
118632,2023-12-14,79.1384,-0.0128060874446453,Nippon India Large Cap Fund - Regular - Growth,1.8419805677232886
118632,2023-12-15,79.1406,2.7799399533012803e-05,Nippon India Large Cap Fund - Regular - Growth,1.7896065947433852
118632,2023-12-18,78.7816,-0.0045362304556701,Nippon India Large Cap Fund - Regular - Growth,1.9040535037527284
118632,2023-12-19,78.8287,0.0005978553367791,Nippon India Large Cap Fund - Regular - Growth,1.74469727850384
118632,2023-12-20,79.376,0.0069429027752583,Nippon India Large Cap Fund - Regular - Growth,1.8004772721962432
118632,2023-12-21,80.4692,0.0137724249143318,Nippon India Large Cap Fund - Regular - Growth,1.9403783124101923
118632,2023-12-22,81.1587,0.0085684957722953,Nippon India Large Cap Fund - Regular - Growth,1.8264199014878357
118632,2023-12-25,80.6856,-0.0058293195923542,Nippon India Large Cap Fund - Regular - Growth,1.8054337292488407
118632,2023-12-26,80.9903,0.0037763863688193,Nippon India Large Cap Fund - Regular - Growth,1.888739640390181
118632,2023-12-27,81.0772,0.0010729679974021,Nippon India Large Cap Fund - Regular - Growth,1.8447274682480532
118632,2023-12-28,80.1716,-0.0111696013182498,Nippon India Large Cap Fund - Regular - Growth,1.7697286363628424
118632,2023-12-29,80.4952,0.0040363420463107,Nippon India Large Cap Fund - Regular - Growth,1.8680081618171829
118632,2024-01-01,81.8663,0.0170333137876543,Nippon India Large Cap Fund - Regular - Growth,2.067875464057762
118632,2024-01-02,81.932,0.0008025280243519,Nippon India Large Cap Fund - Regular - Growth,2.1288592541497318
118632,2024-01-03,80.8298,-0.0134526192452276,Nippon India Large Cap Fund - Regular - Growth,1.6381927991407246
118632,2024-01-04,80.8931,0.0007831270150364,Nippon India Large Cap Fund - Regular - Growth,1.913896150152923
118632,2024-01-05,80.0732,-0.0101355987099023,Nippon India Large Cap Fund - Regular - Growth,1.520453025224121
118632,2024-01-08,80.727,0.0081650289984664,Nippon India Large Cap Fund - Regular - Growth,1.5521301584860507
118632,2024-01-09,81.1434,0.0051581255342079,Nippon India Large Cap Fund - Regular - Growth,1.735438519250436
118632,2024-01-10,81.063,-0.0009908384415737,Nippon India Large Cap Fund - Regular - Growth,1.868847965211397
118632,2024-01-11,80.8683,-0.0024018356093408,Nippon India Large Cap Fund - Regular - Growth,2.2079693182339493
118632,2024-01-12,80.7587,-0.0013552900209352,Nippon India Large Cap Fund - Regular - Growth,2.3156838323802087
118632,2024-01-15,80.8063,0.0005894101811938,Nippon India Large Cap Fund - Regular - Growth,2.147069996631525
118632,2024-01-16,80.2992,-0.0062755007963487,Nippon India Large Cap Fund - Regular - Growth,2.01635758282149
118632,2024-01-17,79.3634,-0.0116539143602925,Nippon India Large Cap Fund - Regular - Growth,1.5712279967241551
118632,2024-01-18,80.2057,0.0106132045754088,Nippon India Large Cap Fund - Regular - Growth,1.865686180545113
118632,2024-01-19,79.9748,-0.00287884776269,Nippon India Large Cap Fund - Regular - Growth,1.681127329039375
118632,2024-01-22,80.1341,0.001991877441394,Nippon India Large Cap Fund - Regular - Growth,1.8374531405733332
118632,2024-01-23,80.3774,0.0030361606357343,Nippon India Large Cap Fund - Regular - Growth,2.0621249067068512
118632,2024-01-24,80.6476,0.0033616414564292,Nippon India Large Cap Fund - Regular - Growth,2.1357867363946887
118632,2024-01-25,79.8582,-0.0097882640028965,Nippon India Large Cap Fund - Regular - Growth,2.0379771175379657
118632,2024-01-26,78.7272,-0.0141626032141971,Nippon India Large Cap Fund - Regular - Growth,2.010867982239194
118632,2024-01-29,78.36,-0.004664207541993,Nippon India Large Cap Fund - Regular - Growth,1.9379168158663476
118632,2024-01-30,78.6745,0.0040135273098518,Nippon India Large Cap Fund - Regular - Growth,1.9862693302874481
118632,2024-01-31,78.2113,-0.0058875493330113,Nippon India Large Cap Fund - Regular - Growth,1.652671708202958
118632,2024-02-01,78.0071,-0.0026108759220214,Nippon India Large Cap Fund - Regular - Growth,1.4359068174772107
118632,2024-02-02,79.5255,0.0194648948621343,Nippon India Large Cap Fund - Regular - Growth,1.5689411387191734
118632,2024-02-05,78.282,-0.0156364939547691,Nippon India Large Cap Fund - Regular - Growth,1.1201064713777393
118632,2024-02-06,77.8026,-0.0061240131831071,Nippon India Large Cap Fund - Regular - Growth,0.9370638506484325
118632,2024-02-07,79.1558,0.0173927349471612,Nippon India Large Cap Fund - Regular - Growth,1.4434085370998955
118632,2024-02-08,79.1655,0.0001225431364473,Nippon India Large Cap Fund - Regular - Growth,1.4114409310421263
118632,2024-02-09,78.7147,-0.005694399706943,Nippon India Large Cap Fund - Regular - Growth,1.1959786302858681
118632,2024-02-12,79.5713,0.0108823383688181,Nippon India Large Cap Fund - Regular - Growth,1.1522713367618018
118632,2024-02-13,79.6511,0.0010028741518612,Nippon India Large Cap Fund - Regular - Growth,1.050163044755132
118632,2024-02-14,79.4478,-0.0025523815741401,Nippon India Large Cap Fund - Regular - Growth,0.7920959747805456
118632,2024-02-15,79.6238,0.0022152910464481,Nippon India Large Cap Fund - Regular - Growth,1.000305014644009
118632,2024-02-16,79.2038,-0.0052748047694282,Nippon India Large Cap Fund - Regular - Growth,0.9434763481710835
118632,2024-02-19,78.5368,-0.008421313118815,Nippon India Large Cap Fund - Regular - Growth,0.6994783494849917
118632,2024-02-20,78.4986,-0.0004863961862464,Nippon India Large Cap Fund - Regular - Growth,0.48987050804858895
118632,2024-02-21,77.842,-0.0083644803856374,Nippon India Large Cap Fund - Regular - Growth,0.3439597950863588
118632,2024-02-22,77.8895,0.0006102104262479,Nippon India Large Cap Fund - Regular - Growth,0.35948088844182935
118632,2024-02-23,78.1736,0.0036474749484847,Nippon India Large Cap Fund - Regular - Growth,0.30429274751228946
118632,2024-02-26,78.8046,0.0080717787079014,Nippon India Large Cap Fund - Regular - Growth,0.6358183484870196
118632,2024-02-27,79.6335,0.010518421513465,Nippon India Large Cap Fund - Regular - Growth,0.5584309287495037
118632,2024-02-28,79.39,-0.0030577583554659,Nippon India Large Cap Fund - Regular - Growth,0.639692084882223
118632,2024-02-29,79.7816,0.0049326111600955,Nippon India Large Cap Fund - Regular - Growth,1.0645852573724102
118632,2024-03-01,80.1702,0.0048707972765649,Nippon India Large Cap Fund - Regular - Growth,1.1463545018811958
118632,2024-03-04,80.4438,0.0034127393969329,Nippon India Large Cap Fund - Regular - Growth,0.9225406310568195
118632,2024-03-05,80.1457,-0.0037056926699134,Nippon India Large Cap Fund - Regular - Growth,0.736981190207907
118632,2024-03-06,79.4633,-0.0085144929796607,Nippon India Large Cap Fund - Regular - Growth,0.42575208203302745
118632,2024-03-07,79.8571,0.0049557468667926,Nippon India Large Cap Fund - Regular - Growth,0.5054301099157248
118632,2024-03-08,78.7046,-0.0144320292121803,Nippon India Large Cap Fund - Regular - Growth,0.23375027553300287
118632,2024-03-11,78.5594,-0.001844873107798,Nippon India Large Cap Fund - Regular - Growth,0.4562327038246514
118632,2024-03-12,76.8496,-0.0217644228443699,Nippon India Large Cap Fund - Regular - Growth,0.40332136592625195
118632,2024-03-13,75.9884,-0.0112063042618308,Nippon India Large Cap Fund - Regular - Growth,0.1395705920933894
118632,2024-03-14,75.4417,-0.0071945191634512,Nippon India Large Cap Fund - Regular - Growth,-0.23658075825447622
118632,2024-03-15,76.2143,0.0102410205496428,Nippon India Large Cap Fund - Regular - Growth,-0.10571537390392939
118632,2024-03-18,76.7177,0.0066050596804012,Nippon India Large Cap Fund - Regular - Growth,-0.09461457783657848
118632,2024-03-19,76.3833,-0.00435883766067,Nippon India Large Cap Fund - Regular - Growth,-0.4674735418714152
118632,2024-03-20,76.9158,0.0069714191452843,Nippon India Large Cap Fund - Regular - Growth,-0.39679012908354916
118632,2024-03-21,77.5603,0.0083792926810875,Nippon India Large Cap Fund - Regular - Growth,-0.22074739908537444
118632,2024-03-22,77.4905,-0.0008999449460613,Nippon India Large Cap Fund - Regular - Growth,-0.1085674797344815
118632,2024-03-25,76.5896,-0.0116259412444105,Nippon India Large Cap Fund - Regular - Growth,-0.7077886148451952
118632,2024-03-26,76.4888,-0.0013161055809144,Nippon India Large Cap Fund - Regular - Growth,-0.8382510599208303
118632,2024-03-27,76.4622,-0.0003477633326709,Nippon India Large Cap Fund - Regular - Growth,-0.6933613261224568
118632,2024-03-28,75.6746,-0.0103005145025908,Nippon India Large Cap Fund - Regular - Growth,-0.7035367569825004
118632,2024-03-29,75.9592,0.0037608391719281,Nippon India Large Cap Fund - Regular - Growth,-0.8684304205513597
118632,2024-04-01,76.1861,0.0029871299329113,Nippon India Large Cap Fund - Regular - Growth,-0.6380473556581433
118632,2024-04-02,76.5252,0.0044509431510473,Nippon India Large Cap Fund - Regular - Growth,-0.9105999962108435
118632,2024-04-03,76.7533,0.0029807174630056,Nippon India Large Cap Fund - Regular - Growth,-0.37985383098125797
118632,2024-04-04,77.2888,0.0069768987131497,Nippon India Large Cap Fund - Regular - Growth,-0.5181288646148045
118632,2024-04-05,77.2064,-0.0010661311858897,Nippon India Large Cap Fund - Regular - Growth,-0.6475478535480376
118632,2024-04-08,77.3839,0.0022990322045839,Nippon India Large Cap Fund - Regular - Growth,-0.6313353422415009
118632,2024-04-09,77.1527,-0.0029877015761676,Nippon India Large Cap Fund - Regular - Growth,-0.6735749086050907
118632,2024-04-10,76.7956,-0.0046284835138628,Nippon India Large Cap Fund - Regular - Growth,-1.1826259721227719
118632,2024-04-11,77.7475,0.0123952413940382,Nippon India Large Cap Fund - Regular - Growth,-1.0462590002933705
118632,2024-04-12,76.3981,-0.0173561850863371,Nippon India Large Cap Fund - Regular - Growth,-1.2406035987211677
118632,2024-04-15,77.0308,0.0082816195690731,Nippon India Large Cap Fund - Regular - Growth,-0.7535319180688208
118632,2024-04-16,76.6499,-0.0049447753366185,Nippon India Large Cap Fund - Regular - Growth,-0.9063499726155941
118632,2024-04-17,76.1839,-0.0060795904495636,Nippon India Large Cap Fund - Regular - Growth,-1.0477208943285143
118632,2024-04-18,76.3992,0.002826056423995,Nippon India Large Cap Fund - Regular - Growth,-0.7153926392973846
118632,2024-04-19,75.441,-0.0125420161467658,Nippon India Large Cap Fund - Regular - Growth,-0.9805200383821779
118632,2024-04-22,74.9387,-0.0066581832160231,Nippon India Large Cap Fund - Regular - Growth,-1.024907947612508
118632,2024-04-23,74.418,-0.0069483457812851,Nippon India Large Cap Fund - Regular - Growth,-1.1852211650720368
118632,2024-04-24,74.3112,-0.0014351366604854,Nippon India Large Cap Fund - Regular - Growth,-1.3737096096148187
118632,2024-04-25,73.8241,-0.0065548665611643,Nippon India Large Cap Fund - Regular - Growth,-1.8456803350210012
118632,2024-04-26,74.9126,0.0147445075524117,Nippon India Large Cap Fund - Regular - Growth,-1.6858828692547647
118632,2024-04-29,76.1485,0.0164978922103891,Nippon India Large Cap Fund - Regular - Growth,-1.170930048548161
118632,2024-04-30,74.8412,-0.0171677708687629,Nippon India Large Cap Fund - Regular - Growth,-1.5859376118521487
118632,2024-05-01,75.2402,0.0053312881140334,Nippon India Large Cap Fund - Regular - Growth,-1.4927622654171053
118632,2024-05-02,75.8512,0.0081206589030864,Nippon India Large Cap Fund - Regular - Growth,-1.092842008380423
118632,2024-05-03,76.2547,0.0053196257936591,Nippon India Large Cap Fund - Regular - Growth,-1.0648494186207365
118632,2024-05-06,75.8525,-0.0052744289860164,Nippon India Large Cap Fund - Regular - Growth,-1.5679366085582358
118632,2024-05-07,75.7284,-0.0016360700042847,Nippon India Large Cap Fund - Regular - Growth,-1.6204106474765787
118632,2024-05-08,75.2691,-0.0060650957896905,Nippon India Large Cap Fund - Regular - Growth,-1.478524504477285
118632,2024-05-09,75.0294,-0.0031845737493871,Nippon India Large Cap Fund - Regular - Growth,-1.5639846364546541
118632,2024-05-10,74.2713,-0.010104039216627,Nippon India Large Cap Fund - Regular - Growth,-1.5633793405466412
118632,2024-05-13,74.2345,-0.0004954807577085,Nippon India Large Cap Fund - Regular - Growth,-1.7629832916799661
118632,2024-05-14,73.2949,-0.0126571876957478,Nippon India Large Cap Fund - Regular - Growth,-2.133403989408137
118632,2024-05-15,73.2034,-0.0012483815381424,Nippon India Large Cap Fund - Regular - Growth,-2.1389685853629827
118632,2024-05-16,72.4391,-0.0104407718767162,Nippon India Large Cap Fund - Regular - Growth,-2.2963459101489345
118632,2024-05-17,72.6088,0.0023426574874618,Nippon India Large Cap Fund - Regular - Growth,-2.2147207130632096
118632,2024-05-20,72.2123,-0.0054607705952998,Nippon India Large Cap Fund - Regular - Growth,-2.341484156622145
118632,2024-05-21,72.4349,0.0030825773448568,Nippon India Large Cap Fund - Regular - Growth,-2.142545933790306
118632,2024-05-22,73.1669,0.0101056258792378,Nippon India Large Cap Fund - Regular - Growth,-1.675006672603096
118632,2024-05-23,74.238,0.0146391332692787,Nippon India Large Cap Fund - Regular - Growth,-1.574733955113824
118632,2024-05-24,72.6387,-0.0215428756162612,Nippon India Large Cap Fund - Regular - Growth,-1.9065780883786356
118632,2024-05-27,72.1434,-0.0068186792990513,Nippon India Large Cap Fund - Regular - Growth,-2.0837288578229654
118632,2024-05-28,71.988,-0.0021540431972987,Nippon India Large Cap Fund - Regular - Growth,-2.1928510961576295
118632,2024-05-29,72.3181,0.0045854864699672,Nippon India Large Cap Fund - Regular - Growth,-2.1656639674720104
118632,2024-05-30,71.31,-0.0139398020689149,Nippon India Large Cap Fund - Regular - Growth,-2.2357890966016045
118632,2024-05-31,70.7315,-0.0081124666947133,Nippon India Large Cap Fund - Regular - Growth,-2.1319025699604524
118632,2024-06-03,70.8494,0.00166686695461,Nippon India Large Cap Fund - Regular - Growth,-2.0025471578778604
118632,2024-06-04,70.939,0.0012646543231134,Nippon India Large Cap Fund - Regular - Growth,-2.062287612657552
118632,2024-06-05,71.2124,0.0038540154217003,Nippon India Large Cap Fund - Regular - Growth,-1.861610716629096
118632,2024-06-06,71.5285,0.0044388336862679,Nippon India Large Cap Fund - Regular - Growth,-1.7130091954999722
118632,2024-06-07,71.7794,0.0035076927378596,Nippon India Large Cap Fund - Regular - Growth,-2.1058988857984717
118632,2024-06-10,71.9392,0.0022262654744955,Nippon India Large Cap Fund - Regular - Growth,-1.756485143439873
118632,2024-06-11,72.0117,0.0010077954717317,Nippon India Large Cap Fund - Regular - Growth,-1.6059856561832493
118632,2024-06-12,72.4725,0.0063989601689724,Nippon India Large Cap Fund - Regular - Growth,-1.8887670811041057
118632,2024-06-13,71.0919,-0.0190499844768705,Nippon India Large Cap Fund - Regular - Growth,-2.2498399214024194
118632,2024-06-14,72.104,0.0142365023300825,Nippon India Large Cap Fund - Regular - Growth,-1.7892758981844121
118632,2024-06-17,70.7522,-0.0187479196715854,Nippon India Large Cap Fund - Regular - Growth,-2.384049431314655
118632,2024-06-18,70.1182,-0.008960852100712,Nippon India Large Cap Fund - Regular - Growth,-2.581318891599171
118632,2024-06-19,70.0142,-0.0014832097800571,Nippon India Large Cap Fund - Regular - Growth,-2.5593673805913446
118632,2024-06-20,70.4671,0.0064686877804787,Nippon India Large Cap Fund - Regular - Growth,-2.4616587196460338
118632,2024-06-21,68.6655,-0.0255665409815362,Nippon India Large Cap Fund - Regular - Growth,-2.7630080893837525
118632,2024-06-24,68.6839,0.0002679657178641,Nippon India Large Cap Fund - Regular - Growth,-2.5987643696813993
118632,2024-06-25,69.2012,0.0075316049321603,Nippon India Large Cap Fund - Regular - Growth,-2.425337445708798
118632,2024-06-26,69.8469,0.0093307630503518,Nippon India Large Cap Fund - Regular - Growth,-2.065777994319086
118632,2024-06-27,69.4544,-0.0056194333606788,Nippon India Large Cap Fund - Regular - Growth,-2.186150888301791
118632,2024-06-28,69.3062,-0.0021337741021447,Nippon India Large Cap Fund - Regular - Growth,-2.303825729008623
118632,2024-07-01,68.9661,-0.0049072088788594,Nippon India Large Cap Fund - Regular - Growth,-2.5738501367210724
118632,2024-07-02,68.7632,-0.0029420251398876,Nippon India Large Cap Fund - Regular - Growth,-2.8701977830089507
118632,2024-07-03,68.1755,-0.0085467226656118,Nippon India Large Cap Fund - Regular - Growth,-2.970349582456804
118632,2024-07-04,67.6778,-0.0073002764922882,Nippon India Large Cap Fund - Regular - Growth,-3.217790251564072
118632,2024-07-05,67.9726,0.0043559335557596,Nippon India Large Cap Fund - Regular - Growth,-3.2296246596779414
118632,2024-07-08,68.0867,0.0016786175606051,Nippon India Large Cap Fund - Regular - Growth,-3.2678842469177063
118632,2024-07-09,68.4178,0.0048629174273391,Nippon India Large Cap Fund - Regular - Growth,-3.0872932811447584
118632,2024-07-10,68.5824,0.0024058066760406,Nippon India Large Cap Fund - Regular - Growth,-2.8755317200213515
118632,2024-07-11,69.0453,0.0067495450727881,Nippon India Large Cap Fund - Regular - Growth,-2.8341624255467304
118632,2024-07-12,69.6181,0.0082960027691965,Nippon India Large Cap Fund - Regular - Growth,-2.392851122889736
118632,2024-07-15,68.5923,-0.014734673885096,Nippon India Large Cap Fund - Regular - Growth,-2.618045947001671
118632,2024-07-16,68.1125,-0.0069949542441352,Nippon India Large Cap Fund - Regular - Growth,-2.3912730580013113
118632,2024-07-17,68.0088,-0.001522481189209,Nippon India Large Cap Fund - Regular - Growth,-2.210307787831003
118632,2024-07-18,68.0303,0.0003161355589276,Nippon India Large Cap Fund - Regular - Growth,-2.061402325236461
118632,2024-07-19,67.6643,-0.0053799556962118,Nippon India Large Cap Fund - Regular - Growth,-2.404157935876306
118632,2024-07-22,68.2459,0.0085953745180251,Nippon India Large Cap Fund - Regular - Growth,-2.3563164363814013
118632,2024-07-23,69.4839,0.0181402838851858,Nippon India Large Cap Fund - Regular - Growth,-1.8392286905613788
118632,2024-07-24,69.634,0.0021602126535786,Nippon India Large Cap Fund - Regular - Growth,-1.943967599119949
118632,2024-07-25,69.7218,0.0012608783065743,Nippon India Large Cap Fund - Regular - Growth,-2.101254549488781
118632,2024-07-26,70.2823,0.0080390925076518,Nippon India Large Cap Fund - Regular - Growth,-1.907241767111338
118632,2024-07-29,69.1709,-0.0158133697958092,Nippon India Large Cap Fund - Regular - Growth,-1.9765860871614402
118632,2024-07-30,69.224,0.0007676638586457,Nippon India Large Cap Fund - Regular - Growth,-1.9342470320724257
118632,2024-07-31,69.8603,0.0091918987634345,Nippon India Large Cap Fund - Regular - Growth,-1.7296066797657308
118632,2024-08-01,69.501,-0.0051431213435956,Nippon India Large Cap Fund - Regular - Growth,-1.6350247991392157
118632,2024-08-02,68.7888,-0.0102473345707257,Nippon India Large Cap Fund - Regular - Growth,-1.9069738765185005
118632,2024-08-05,68.7116,-0.001122275719303,Nippon India Large Cap Fund - Regular - Growth,-1.9913111876772098
118632,2024-08-06,68.7102,-2.0375016736684515e-05,Nippon India Large Cap Fund - Regular - Growth,-2.085100287977335
118632,2024-08-07,68.197,-0.0074690511743524,Nippon India Large Cap Fund - Regular - Growth,-2.2906673758646887
118632,2024-08-08,69.5053,0.019184128334091,Nippon India Large Cap Fund - Regular - Growth,-1.9971438810128255
118632,2024-08-09,69.2482,-0.0036989984936401,Nippon India Large Cap Fund - Regular - Growth,-2.047567154747338
118632,2024-08-12,68.5826,-0.0096118021840279,Nippon India Large Cap Fund - Regular - Growth,-2.2707201486180257
118632,2024-08-13,68.5613,-0.0003105744022535,Nippon India Large Cap Fund - Regular - Growth,-2.2190469491820255
118632,2024-08-14,69.1481,0.0085587642007953,Nippon India Large Cap Fund - Regular - Growth,-1.9519774068490148
118632,2024-08-15,69.1944,0.0006695773275042,Nippon India Large Cap Fund - Regular - Growth,-2.205381842622164
118632,2024-08-16,69.5273,0.0048110829778131,Nippon India Large Cap Fund - Regular - Growth,-1.800671232000887
118632,2024-08-19,69.0305,-0.0071453946866912,Nippon India Large Cap Fund - Regular - Growth,-2.1147778445890344
118632,2024-08-20,69.9783,0.0137301627541448,Nippon India Large Cap Fund - Regular - Growth,-1.717558678922359
118632,2024-08-21,70.3621,0.0054845573556372,Nippon India Large Cap Fund - Regular - Growth,-1.4889000360376066
118632,2024-08-22,71.0519,0.009803573230475,Nippon India Large Cap Fund - Regular - Growth,-1.3427026882702442
118632,2024-08-23,71.3178,0.0037423348284846,Nippon India Large Cap Fund - Regular - Growth,-1.033913414188853
118632,2024-08-26,71.8756,0.0078213293175055,Nippon India Large Cap Fund - Regular - Growth,-0.7476457766216948
118632,2024-08-27,71.3611,-0.0071582011141474,Nippon India Large Cap Fund - Regular - Growth,-0.7516167077537493
118632,2024-08-28,71.0892,-0.0038101991140829,Nippon India Large Cap Fund - Regular - Growth,-0.7976188243213377
118632,2024-08-29,71.9755,0.012467435278495,Nippon India Large Cap Fund - Regular - Growth,-0.42119373382020275
118632,2024-08-30,73.0101,0.0143743357114574,Nippon India Large Cap Fund - Regular - Growth,-0.428705750442927
118632,2024-09-02,72.3125,-0.0095548424122141,Nippon India Large Cap Fund - Regular - Growth,-0.9483503902084257
118632,2024-09-03,72.5094,0.0027229040622298,Nippon India Large Cap Fund - Regular - Growth,-0.5670718755400669
118632,2024-09-04,72.2716,-0.0032795747861655,Nippon India Large Cap Fund - Regular - Growth,-0.7414468243872894
118632,2024-09-05,71.8658,-0.0056149303460836,Nippon India Large Cap Fund - Regular - Growth,-1.0215976991091467
118632,2024-09-06,72.0837,0.0030320402750683,Nippon India Large Cap Fund - Regular - Growth,-1.0695364367676263
118632,2024-09-09,72.8503,0.0106348591984042,Nippon India Large Cap Fund - Regular - Growth,-0.7420217794118245
118632,2024-09-10,73.1788,0.0045092470449674,Nippon India Large Cap Fund - Regular - Growth,-0.6175666771026365
118632,2024-09-11,73.0105,-0.0022998464036032,Nippon India Large Cap Fund - Regular - Growth,-0.543197713864041
118632,2024-09-12,73.3806,0.0050691338917006,Nippon India Large Cap Fund - Regular - Growth,-0.3767644268664261
118632,2024-09-13,73.1858,-0.0026546525921019,Nippon India Large Cap Fund - Regular - Growth,-0.22880051799852755
118632,2024-09-16,73.4901,0.0041579104143152,Nippon India Large Cap Fund - Regular - Growth,-0.13459339649069013
118632,2024-09-17,74.4392,0.0129146646963331,Nippon India Large Cap Fund - Regular - Growth,0.38135442726274876
118632,2024-09-18,73.1257,-0.0176452729207192,Nippon India Large Cap Fund - Regular - Growth,0.04941737683883067
118632,2024-09-19,73.6797,0.0075759958537149,Nippon India Large Cap Fund - Regular - Growth,0.4064158177777823
118632,2024-09-20,72.7239,-0.0129723655226609,Nippon India Large Cap Fund - Regular - Growth,0.10191920671841442
118632,2024-09-23,73.5539,0.0114130292792327,Nippon India Large Cap Fund - Regular - Growth,0.4293763159165326
118632,2024-09-24,73.1796,-0.0050887852309667,Nippon India Large Cap Fund - Regular - Growth,0.27011615429676294
118632,2024-09-25,72.4353,-0.0101708672908842,Nippon India Large Cap Fund - Regular - Growth,-0.12362049550276055
118632,2024-09-26,72.9184,0.0066694001405394,Nippon India Large Cap Fund - Regular - Growth,-0.28166871405056554
118632,2024-09-27,73.1907,0.0037343112300873,Nippon India Large Cap Fund - Regular - Growth,0.2220043908285113
118632,2024-09-30,72.586,-0.0082619786393627,Nippon India Large Cap Fund - Regular - Growth,0.19240089305826
118632,2024-10-01,71.8254,-0.0104786046896094,Nippon India Large Cap Fund - Regular - Growth,0.023569594085774664
118632,2024-10-02,71.7437,-0.001137480612708,Nippon India Large Cap Fund - Regular - Growth,-0.09160346092934162
118632,2024-10-03,71.0225,-0.0100524505984499,Nippon India Large Cap Fund - Regular - Growth,-0.013440107509619086
118632,2024-10-04,70.397,-0.008807068182618,Nippon India Large Cap Fund - Regular - Growth,-0.027495190472515176
118632,2024-10-07,70.5052,0.0015369973152263,Nippon India Large Cap Fund - Regular - Growth,-0.030126192042419165
118632,2024-10-08,69.9433,-0.0079696249354658,Nippon India Large Cap Fund - Regular - Growth,-0.2161715856150863
118632,2024-10-09,70.2431,0.0042863290694035,Nippon India Large Cap Fund - Regular - Growth,-0.20740025141830856
118632,2024-10-10,71.209,0.0137508168062059,Nippon India Large Cap Fund - Regular - Growth,-0.019461621701147302
118632,2024-10-11,71.1525,-0.0007934390315831,Nippon India Large Cap Fund - Regular - Growth,-0.10518257464996064
118632,2024-10-14,71.271,0.0016654369136712,Nippon India Large Cap Fund - Regular - Growth,-0.11637642250178055
118632,2024-10-15,72.5883,0.0184829734394074,Nippon India Large Cap Fund - Regular - Growth,0.2264420063555888
118632,2024-10-16,71.869,-0.009909310453613,Nippon India Large Cap Fund - Regular - Growth,-0.09057150604049984
118632,2024-10-17,72.6655,0.0110826642919756,Nippon India Large Cap Fund - Regular - Growth,0.5019928630686227
118632,2024-10-18,73.3929,0.0100102524581817,Nippon India Large Cap Fund - Regular - Growth,0.4216431957572076
118632,2024-10-21,73.9861,0.0080825256939021,Nippon India Large Cap Fund - Regular - Growth,0.975979255293116
118632,2024-10-22,74.8724,0.0119792771885529,Nippon India Large Cap Fund - Regular - Growth,1.397446186649866
118632,2024-10-23,75.0966,0.0029944278532543,Nippon India Large Cap Fund - Regular - Growth,1.4881608294458823
118632,2024-10-24,74.7501,-0.0046140570944622,Nippon India Large Cap Fund - Regular - Growth,1.2640704936572575
118632,2024-10-25,75.5141,0.0102207221127463,Nippon India Large Cap Fund - Regular - Growth,2.0860657365240636
118632,2024-10-28,76.3117,0.0105622658549859,Nippon India Large Cap Fund - Regular - Growth,2.288448959065495
118632,2024-10-29,77.099,0.0103168976709993,Nippon India Large Cap Fund - Regular - Growth,2.3391532475512076
118632,2024-10-30,77.169,0.0009079235787752,Nippon India Large Cap Fund - Regular - Growth,2.1735941298780346
118632,2024-10-31,76.7227,-0.0057834104368333,Nippon India Large Cap Fund - Regular - Growth,2.1697357280686607
118632,2024-11-01,76.892,0.0022066480976294,Nippon India Large Cap Fund - Regular - Growth,2.263242543071887
118632,2024-11-04,77.5736,0.0088643812100088,Nippon India Large Cap Fund - Regular - Growth,2.550441107310838
118632,2024-11-05,78.3179,0.0095947590417357,Nippon India Large Cap Fund - Regular - Growth,2.8043312219604997
118632,2024-11-06,78.062,-0.0032674522682553,Nippon India Large Cap Fund - Regular - Growth,2.933786009167467
118632,2024-11-07,78.3198,0.0033025031385309,Nippon India Large Cap Fund - Regular - Growth,3.1778817528321253
118632,2024-11-08,77.461,-0.0109652986856453,Nippon India Large Cap Fund - Regular - Growth,2.817288483734369
118632,2024-11-11,78.1771,0.0092446521475322,Nippon India Large Cap Fund - Regular - Growth,2.9624335691216954
118632,2024-11-12,77.6789,-0.0063727101670437,Nippon India Large Cap Fund - Regular - Growth,2.7162070203233224
118632,2024-11-13,78.2591,0.0074692097854116,Nippon India Large Cap Fund - Regular - Growth,2.8140812820976526
118632,2024-11-14,77.5099,-0.0095733275746846,Nippon India Large Cap Fund - Regular - Growth,2.456904146645823
118632,2024-11-15,78.2585,0.0096581210916282,Nippon India Large Cap Fund - Regular - Growth,2.4810579004743225
118632,2024-11-18,78.5214,0.0033593794923234,Nippon India Large Cap Fund - Regular - Growth,2.912399756729225
118632,2024-11-19,78.0224,-0.0063549554643701,Nippon India Large Cap Fund - Regular - Growth,2.9283290620449622
118632,2024-11-20,78.5401,0.0066352739726025,Nippon India Large Cap Fund - Regular - Growth,3.096214790913732
118632,2024-11-21,78.1726,-0.0046791384273765,Nippon India Large Cap Fund - Regular - Growth,2.9821489846133122
118632,2024-11-22,78.7316,0.007150843134295,Nippon India Large Cap Fund - Regular - Growth,3.24985132570116
118632,2024-11-25,78.5821,-0.00189885636771,Nippon India Large Cap Fund - Regular - Growth,3.038044281379392
118632,2024-11-26,77.4383,-0.0145554776469449,Nippon India Large Cap Fund - Regular - Growth,2.354045387752262
118632,2024-11-27,76.8099,-0.008114847562511,Nippon India Large Cap Fund - Regular - Growth,2.122688254082765
118632,2024-11-28,76.5583,-0.0032756194188509,Nippon India Large Cap Fund - Regular - Growth,2.0245453913624742
118632,2024-11-29,77.5277,0.0126622456350258,Nippon India Large Cap Fund - Regular - Growth,2.1070869206586336
118632,2024-12-02,78.1866,0.0084988978132978,Nippon India Large Cap Fund - Regular - Growth,2.6625950464151966
118632,2024-12-03,79.3553,0.0149475741367446,Nippon India Large Cap Fund - Regular - Growth,2.9204649937331726
118632,2024-12-04,80.5626,0.0152138546511702,Nippon India Large Cap Fund - Regular - Growth,3.01600036740435
118632,2024-12-05,80.225,-0.0041905300970923,Nippon India Large Cap Fund - Regular - Growth,3.0385070338533757
118632,2024-12-06,80.133,-0.0011467746961669,Nippon India Large Cap Fund - Regular - Growth,3.2608670406653704
118632,2024-12-09,79.8841,-0.0031060861318057,Nippon India Large Cap Fund - Regular - Growth,3.2155211137892956
118632,2024-12-10,79.4534,-0.0053915610240335,Nippon India Large Cap Fund - Regular - Growth,3.091881220046338
118632,2024-12-11,78.2138,-0.0156015979177731,Nippon India Large Cap Fund - Regular - Growth,2.8749951236394837
118632,2024-12-12,78.244,0.0003861211192908,Nippon India Large Cap Fund - Regular - Growth,2.5513883622995257
118632,2024-12-13,77.4018,-0.0107637646337099,Nippon India Large Cap Fund - Regular - Growth,2.380503651698307
118632,2024-12-16,77.4184,0.0002144652966729,Nippon India Large Cap Fund - Regular - Growth,2.6088311131819526
118632,2024-12-17,78.9173,0.0193610304527087,Nippon India Large Cap Fund - Regular - Growth,2.948241881008567
118632,2024-12-18,78.6041,-0.0039687115499389,Nippon India Large Cap Fund - Regular - Growth,2.69581082107984
118632,2024-12-19,78.7799,0.0022365245578792,Nippon India Large Cap Fund - Regular - Growth,2.7279310190573582
118632,2024-12-20,79.4533,0.0085478656357775,Nippon India Large Cap Fund - Regular - Growth,2.796307602490685
118632,2024-12-23,79.691,0.0029916944922363,Nippon India Large Cap Fund - Regular - Growth,3.0203379910277652
118632,2024-12-24,79.9381,0.0031007265563238,Nippon India Large Cap Fund - Regular - Growth,2.8335304521382105
118632,2024-12-25,79.7241,-0.0026770713839833,Nippon India Large Cap Fund - Regular - Growth,2.663721479215554
118632,2024-12-26,79.6023,-0.0015277688929696,Nippon India Large Cap Fund - Regular - Growth,2.4402930728583407
118632,2024-12-27,78.9719,-0.0079193691639563,Nippon India Large Cap Fund - Regular - Growth,2.1835267387844928
118632,2024-12-30,79.6044,0.0080091779481055,Nippon India Large Cap Fund - Regular - Growth,2.1869941774263393
118632,2024-12-31,78.4316,-0.0147328539628461,Nippon India Large Cap Fund - Regular - Growth,2.0015643514270898
118632,2025-01-01,79.147,0.0091213235481617,Nippon India Large Cap Fund - Regular - Growth,2.2595410551141497
118632,2025-01-02,78.2136,-0.0117932454799298,Nippon India Large Cap Fund - Regular - Growth,1.7597514312570963
118632,2025-01-03,78.9211,0.0090457414055866,Nippon India Large Cap Fund - Regular - Growth,1.6657078287169764
118632,2025-01-06,78.7158,-0.002601332216606,Nippon India Large Cap Fund - Regular - Growth,1.821975828109867
118632,2025-01-07,77.9055,-0.0102939943442104,Nippon India Large Cap Fund - Regular - Growth,1.538410684939844
118632,2025-01-08,78.3449,0.0056401666121133,Nippon India Large Cap Fund - Regular - Growth,1.72042427121291
118632,2025-01-09,79.03,0.0087446662131167,Nippon India Large Cap Fund - Regular - Growth,2.012022061487787
118632,2025-01-10,78.7659,-0.0033417689485005,Nippon India Large Cap Fund - Regular - Growth,1.8794835126704104
118632,2025-01-13,79.309,0.006895115779798,Nippon India Large Cap Fund - Regular - Growth,1.8110346647163467
118632,2025-01-14,77.7668,-0.0194454601621505,Nippon India Large Cap Fund - Regular - Growth,1.281340271005667
118632,2025-01-15,76.906,-0.0110689908804271,Nippon India Large Cap Fund - Regular - Growth,1.0965574809616747
118632,2025-01-16,77.8277,0.0119847606168568,Nippon India Large Cap Fund - Regular - Growth,1.223735142592433
118632,2025-01-17,77.7144,-0.0014557798829979,Nippon India Large Cap Fund - Regular - Growth,1.2477936734238684
118632,2025-01-20,76.488,-0.0157808591457953,Nippon India Large Cap Fund - Regular - Growth,0.8421978514071841
118632,2025-01-21,76.0572,-0.0056322560401632,Nippon India Large Cap Fund - Regular - Growth,0.488934042034331
118632,2025-01-22,75.4793,-0.0075982287015562,Nippon India Large Cap Fund - Regular - Growth,0.6965007124040138
118632,2025-01-23,75.4078,-0.0009472795852637,Nippon India Large Cap Fund - Regular - Growth,0.5298675525255857
118632,2025-01-24,75.2004,-0.0027503786080483,Nippon India Large Cap Fund - Regular - Growth,0.7416235909332081
118632,2025-01-27,75.358,0.0020957335333322,Nippon India Large Cap Fund - Regular - Growth,0.5593600669361617
118632,2025-01-28,75.3508,-9.55439369410005e-05,Nippon India Large Cap Fund - Regular - Growth,0.6619694068428668
118632,2025-01-29,76.2991,0.0125851351279613,Nippon India Large Cap Fund - Regular - Growth,1.121328688864836
118632,2025-01-30,76.6249,0.004270037261252,Nippon India Large Cap Fund - Regular - Growth,1.0745867933221651
118632,2025-01-31,76.9745,0.004562485562787,Nippon India Large Cap Fund - Regular - Growth,1.0909145362787125
118632,2025-02-03,77.8096,0.0108490474118052,Nippon India Large Cap Fund - Regular - Growth,1.476076262333946
118632,2025-02-04,77.5833,-0.0029083814850611,Nippon India Large Cap Fund - Regular - Growth,1.6433275308804576
118632,2025-02-05,76.7643,-0.0105563955129517,Nippon India Large Cap Fund - Regular - Growth,1.4373908058921212
118632,2025-02-06,77.6258,0.0112226647022117,Nippon India Large Cap Fund - Regular - Growth,1.8697188399692213
118632,2025-02-07,77.759,0.0017159243447411,Nippon India Large Cap Fund - Regular - Growth,2.09802863812926
118632,2025-02-10,77.8948,0.0017464216360807,Nippon India Large Cap Fund - Regular - Growth,2.10226794405829
118632,2025-02-11,77.5009,-0.0050568202241998,Nippon India Large Cap Fund - Regular - Growth,2.1689874970722123
118632,2025-02-12,77.1202,-0.0049122010196011,Nippon India Large Cap Fund - Regular - Growth,1.976751346626743
118632,2025-02-13,77.7383,0.0080147613725067,Nippon India Large Cap Fund - Regular - Growth,1.8755991592373285
118632,2025-02-14,78.4568,0.0092425483963503,Nippon India Large Cap Fund - Regular - Growth,2.072333905924257
118632,2025-02-17,79.0418,0.0074563326569525,Nippon India Large Cap Fund - Regular - Growth,2.1845399579341
118632,2025-02-18,79.6375,0.0075365186521563,Nippon India Large Cap Fund - Regular - Growth,2.000428744669725
118632,2025-02-19,80.0795,0.0055501491131688,Nippon India Large Cap Fund - Regular - Growth,2.3418870717276246
118632,2025-02-20,80.2138,0.001677083398373,Nippon India Large Cap Fund - Regular - Growth,2.1610377277127073
118632,2025-02-21,80.1312,-0.0010297479984741,Nippon India Large Cap Fund - Regular - Growth,1.9389685132235446
118632,2025-02-24,81.0329,0.0112527954155183,Nippon India Large Cap Fund - Regular - Growth,1.9976072409261596
118632,2025-02-25,80.8079,-0.0027766499779718,Nippon India Large Cap Fund - Regular - Growth,1.6992620894075188
118632,2025-02-26,81.1138,0.0037855209701032,Nippon India Large Cap Fund - Regular - Growth,1.7156421697089412
118632,2025-02-27,80.5823,-0.0065525225054182,Nippon India Large Cap Fund - Regular - Growth,1.670677831176966
118632,2025-02-28,80.1564,-0.005285279769875,Nippon India Large Cap Fund - Regular - Growth,1.3451854465635387
118632,2025-03-03,80.0309,-0.0015656890778528,Nippon India Large Cap Fund - Regular - Growth,1.0935041736752322
118632,2025-03-04,79.5065,-0.0065524691088066,Nippon India Large Cap Fund - Regular - Growth,0.7316084288490856
118632,2025-03-05,80.1093,0.0075817700439586,Nippon India Large Cap Fund - Regular - Growth,0.8727410275770432
118632,2025-03-06,79.2034,-0.0113083000350771,Nippon India Large Cap Fund - Regular - Growth,0.7470630987646887
118632,2025-03-07,79.3136,0.0013913544115529,Nippon India Large Cap Fund - Regular - Growth,0.7297206168858313
118632,2025-03-10,79.4473,0.0016857134211536,Nippon India Large Cap Fund - Regular - Growth,0.5791781466789281
118632,2025-03-11,78.229,-0.0153346935641613,Nippon India Large Cap Fund - Regular - Growth,0.04081959620005371
118632,2025-03-12,77.9655,-0.0033683160976107,Nippon India Large Cap Fund - Regular - Growth,0.03866847709042501
118632,2025-03-13,78.1819,0.0027755866376792,Nippon India Large Cap Fund - Regular - Growth,0.027449885602652987
118632,2025-03-14,78.5185,0.0043053443316165,Nippon India Large Cap Fund - Regular - Growth,0.3559402951060623
118632,2025-03-17,78.4176,-0.0012850474728887,Nippon India Large Cap Fund - Regular - Growth,0.13048485898516088
118632,2025-03-18,78.9278,0.006506192487401,Nippon India Large Cap Fund - Regular - Growth,0.40928277406340813
118632,2025-03-19,78.8925,-0.0004472441902599,Nippon India Large Cap Fund - Regular - Growth,0.23899605790149372
118632,2025-03-20,78.9427,0.0006363089013532,Nippon India Large Cap Fund - Regular - Growth,0.46477227404522464
118632,2025-03-21,79.1589,0.0027386952815142,Nippon India Large Cap Fund - Regular - Growth,0.3153655039205944
118632,2025-03-24,79.8499,0.0087292774406921,Nippon India Large Cap Fund - Regular - Growth,0.4315591627202247
118632,2025-03-25,79.4164,-0.0054289360412475,Nippon India Large Cap Fund - Regular - Growth,0.45234139227939635
118632,2025-03-26,79.117,-0.0037700021657993,Nippon India Large Cap Fund - Regular - Growth,0.2241247645965338
118632,2025-03-27,78.6922,-0.0053692632430452,Nippon India Large Cap Fund - Regular - Growth,0.20878979042568688
118632,2025-03-28,78.5025,-0.0024106582355049,Nippon India Large Cap Fund - Regular - Growth,-0.0017522888786020354
118632,2025-03-31,79.5372,0.0131804719594916,Nippon India Large Cap Fund - Regular - Growth,0.3267785370963571
118632,2025-04-01,79.9812,0.0055822935682925,Nippon India Large Cap Fund - Regular - Growth,0.7783927006703347
118632,2025-04-02,79.2282,-0.0094147124574275,Nippon India Large Cap Fund - Regular - Growth,0.7480225788190676
118632,2025-04-03,78.8504,-0.0047685041437266,Nippon India Large Cap Fund - Regular - Growth,0.7141952874432879
118632,2025-04-04,79.1509,0.0038110142751337,Nippon India Large Cap Fund - Regular - Growth,0.5252854700911941
118632,2025-04-07,78.5611,-0.0074515893059964,Nippon India Large Cap Fund - Regular - Growth,0.16882851512919747
118632,2025-04-08,78.1005,-0.0058629525299416,Nippon India Large Cap Fund - Regular - Growth,-0.30218278468824755
118632,2025-04-09,79.0732,0.0124544657204499,Nippon India Large Cap Fund - Regular - Growth,-0.3677032105432013
118632,2025-04-10,78.6871,-0.0048828174400429,Nippon India Large Cap Fund - Regular - Growth,-0.38336695702570744
118632,2025-04-11,79.3934,0.0089760583373894,Nippon India Large Cap Fund - Regular - Growth,-0.1500857750678134
118632,2025-04-14,80.3187,0.0116546211649835,Nippon India Large Cap Fund - Regular - Growth,0.18363041204149905
118632,2025-04-15,79.842,-0.0059351060213873,Nippon India Large Cap Fund - Regular - Growth,0.1713078617685228
118632,2025-04-16,79.2586,-0.0073069311890984,Nippon India Large Cap Fund - Regular - Growth,0.3641981129405395
118632,2025-04-17,79.1067,-0.0019165112681778,Nippon India Large Cap Fund - Regular - Growth,0.3113815230952993
118632,2025-04-18,78.3912,-0.009044745893837,Nippon India Large Cap Fund - Regular - Growth,0.35185374432423094
118632,2025-04-21,78.5154,0.0015843615099653,Nippon India Large Cap Fund - Regular - Growth,0.3832190127557087
118632,2025-04-22,78.4136,-0.0012965609294481,Nippon India Large Cap Fund - Regular - Growth,-0.09412967793504733
118632,2025-04-23,78.704,0.0037034391993224,Nippon India Large Cap Fund - Regular - Growth,0.08846446316865386
118632,2025-04-24,79.7207,0.0129180219556821,Nippon India Large Cap Fund - Regular - Growth,0.3372405045894846
118632,2025-04-25,80.339,0.0077558275328741,Nippon India Large Cap Fund - Regular - Growth,0.3190896751104943
118632,2025-04-28,80.728,0.0048419821008476,Nippon India Large Cap Fund - Regular - Growth,0.3619832073383828
118632,2025-04-29,79.3812,-0.0166831830343868,Nippon India Large Cap Fund - Regular - Growth,-0.09873152700718162
118632,2025-04-30,79.7334,0.0044368187933665,Nippon India Large Cap Fund - Regular - Growth,0.06349579771495259
118632,2025-05-01,80.9957,0.015831508502083,Nippon India Large Cap Fund - Regular - Growth,0.4489246683602055
118632,2025-05-02,78.9142,-0.0256988951265314,Nippon India Large Cap Fund - Regular - Growth,0.0500914898042973
118632,2025-05-05,79.4365,0.0066185806863656,Nippon India Large Cap Fund - Regular - Growth,0.020686365609550443
118632,2025-05-06,79.3658,-0.0008900190718372,Nippon India Large Cap Fund - Regular - Growth,0.31995625509463316
118632,2025-05-07,78.8139,-0.006953876858798,Nippon India Large Cap Fund - Regular - Growth,-0.02721149847122809
118632,2025-05-08,79.4137,0.0076103326951211,Nippon India Large Cap Fund - Regular - Growth,0.39574710882282144
118632,2025-05-09,80.6618,0.0157164317995508,Nippon India Large Cap Fund - Regular - Growth,0.533846291078821
118632,2025-05-12,81.257,0.0073789575734735,Nippon India Large Cap Fund - Regular - Growth,0.7459759304621681
118632,2025-05-13,81.0332,-0.0027542242514492,Nippon India Large Cap Fund - Regular - Growth,0.9156109746547192
118632,2025-05-14,80.4033,-0.0077733570931419,Nippon India Large Cap Fund - Regular - Growth,0.6234612514337299
118632,2025-05-15,80.5474,0.0017922149961506,Nippon India Large Cap Fund - Regular - Growth,0.476378962712611
118632,2025-05-16,81.212,0.0082510422434491,Nippon India Large Cap Fund - Regular - Growth,0.7246756392240946
118632,2025-05-19,80.977,-0.0028936610353149,Nippon India Large Cap Fund - Regular - Growth,0.5147586773635933
118632,2025-05-20,80.8116,-0.0020425552934784,Nippon India Large Cap Fund - Regular - Growth,0.9222275661663707
118632,2025-05-21,82.8908,0.0257289795029427,Nippon India Large Cap Fund - Regular - Growth,1.6735478687001324
118632,2025-05-22,83.7262,0.0100783199100504,Nippon India Large Cap Fund - Regular - Growth,1.6379259650053304
118632,2025-05-23,84.6234,0.010715881050376,Nippon India Large Cap Fund - Regular - Growth,1.885771706957633
118632,2025-05-26,83.5837,-0.0122861997981646,Nippon India Large Cap Fund - Regular - Growth,1.9776665886179179
118632,2025-05-27,83.1069,-0.0057044615158218,Nippon India Large Cap Fund - Regular - Growth,1.9759498333146022
118632,2025-05-28,83.2046,0.0011755943248996,Nippon India Large Cap Fund - Regular - Growth,2.178852063566437
118632,2025-05-29,82.5157,-0.0082795903111126,Nippon India Large Cap Fund - Regular - Growth,2.005619960410968
118632,2025-05-30,83.7318,0.0147378014123373,Nippon India Large Cap Fund - Regular - Growth,2.349100126617373
118632,2025-06-02,84.8235,0.0130380572255701,Nippon India Large Cap Fund - Regular - Growth,2.553106896411502
118632,2025-06-03,84.4689,-0.0041804452775467,Nippon India Large Cap Fund - Regular - Growth,2.4617473034773183
118632,2025-06-04,85.8526,0.0163811769775621,Nippon India Large Cap Fund - Regular - Growth,2.521409721586579
118632,2025-06-05,85.8937,0.0004787274934014,Nippon India Large Cap Fund - Regular - Growth,2.444084714634167
118632,2025-06-06,87.9231,0.0236268783391564,Nippon India Large Cap Fund - Regular - Growth,2.7390993501172436
118632,2025-06-09,88.0808,0.001793612827573,Nippon India Large Cap Fund - Regular - Growth,2.573917755350516
118632,2025-06-10,88.5752,0.0056130280378925,Nippon India Large Cap Fund - Regular - Growth,2.7463754236730296
118632,2025-06-11,89.7218,0.0129449326673831,Nippon India Large Cap Fund - Regular - Growth,3.226006342926617
118632,2025-06-12,90.7853,0.01185330655426,Nippon India Large Cap Fund - Regular - Growth,3.2358201635291506
118632,2025-06-13,91.2421,0.0050316515999835,Nippon India Large Cap Fund - Regular - Growth,3.300284302833547
118632,2025-06-16,91.1757,-0.0007277342367173,Nippon India Large Cap Fund - Regular - Growth,3.2487927007209625
118632,2025-06-17,91.6373,0.0050627524658433,Nippon India Large Cap Fund - Regular - Growth,3.4625525391911114
118632,2025-06-18,91.027,-0.006659951788191,Nippon India Large Cap Fund - Regular - Growth,3.4203960245786704
118632,2025-06-19,91.1962,0.0018587891504717,Nippon India Large Cap Fund - Regular - Growth,3.3053256134355706
118632,2025-06-20,90.355,-0.0092240685467157,Nippon India Large Cap Fund - Regular - Growth,2.917709686111833
118632,2025-06-23,88.9929,-0.0150749820153837,Nippon India Large Cap Fund - Regular - Growth,2.421395013942319
118632,2025-06-24,89.0784,0.0009607508014684,Nippon India Large Cap Fund - Regular - Growth,2.2973547992161203
118632,2025-06-25,90.1221,0.0117166451126198,Nippon India Large Cap Fund - Regular - Growth,2.4044813604855015
118632,2025-06-26,90.9078,0.0087181723461835,Nippon India Large Cap Fund - Regular - Growth,2.5339735448336547
118632,2025-06-27,90.889,-0.0002068029366016,Nippon India Large Cap Fund - Regular - Growth,2.5507654288878725
118632,2025-06-30,92.3478,0.016050347126715,Nippon India Large Cap Fund - Regular - Growth,2.62380617371687
118632,2025-07-01,91.9329,-0.0044927978793214,Nippon India Large Cap Fund - Regular - Growth,2.587185348826538
118632,2025-07-02,90.4377,-0.0162640360523816,Nippon India Large Cap Fund - Regular - Growth,2.1517749739195007
118632,2025-07-03,88.7597,-0.0185542091406571,Nippon India Large Cap Fund - Regular - Growth,1.882106797022283
118632,2025-07-04,87.8852,-0.009852444296229,Nippon India Large Cap Fund - Regular - Growth,1.7878064379696958
118632,2025-07-07,88.5661,0.0077476071056332,Nippon India Large Cap Fund - Regular - Growth,1.9565896615690843
118632,2025-07-08,88.1171,-0.005069659835987,Nippon India Large Cap Fund - Regular - Growth,1.98667757773641
118632,2025-07-09,88.5217,0.004591617291082,Nippon India Large Cap Fund - Regular - Growth,1.9346537721318877
118632,2025-07-10,89.8627,0.0151488279145115,Nippon India Large Cap Fund - Regular - Growth,2.422326694390293
118632,2025-07-11,89.041,-0.0091439496031168,Nippon India Large Cap Fund - Regular - Growth,2.211312611061613
118632,2025-07-14,89.4637,0.0047472512662707,Nippon India Large Cap Fund - Regular - Growth,2.266218924310099
118632,2025-07-15,89.9363,0.0052825894748371,Nippon India Large Cap Fund - Regular - Growth,2.691149024496592
118632,2025-07-16,89.3022,-0.0070505457751764,Nippon India Large Cap Fund - Regular - Growth,2.613815346939258
118632,2025-07-17,90.4218,0.0125372051304448,Nippon India Large Cap Fund - Regular - Growth,2.775692103468905
118632,2025-07-18,90.2392,-0.0020194245193084,Nippon India Large Cap Fund - Regular - Growth,2.6573160227616537
118632,2025-07-21,89.9807,-0.0028646087288007,Nippon India Large Cap Fund - Regular - Growth,2.6261314228142068
118632,2025-07-22,91.7194,0.019323032605881,Nippon India Large Cap Fund - Regular - Growth,2.813719318397415
118632,2025-07-23,92.1908,0.0051395887892855,Nippon India Large Cap Fund - Regular - Growth,2.91430221847825
118632,2025-07-24,92.9941,0.0087134507998629,Nippon India Large Cap Fund - Regular - Growth,3.052943603182029
118632,2025-07-25,94.1606,0.0125438065425655,Nippon India Large Cap Fund - Regular - Growth,3.209605842044396
118632,2025-07-28,93.6702,-0.0052081231428008,Nippon India Large Cap Fund - Regular - Growth,2.9575668720264647
118632,2025-07-29,94.7573,0.0116056120302936,Nippon India Large Cap Fund - Regular - Growth,3.2570976028901484
118632,2025-07-30,94.3875,-0.0039026016992885,Nippon India Large Cap Fund - Regular - Growth,3.254417374035499
118632,2025-07-31,93.9837,-0.0042781088597537,Nippon India Large Cap Fund - Regular - Growth,3.276903501544406
118632,2025-08-01,93.8069,-0.001881177267973,Nippon India Large Cap Fund - Regular - Growth,3.2872857710912204
118632,2025-08-04,93.3418,-0.0049580574563277,Nippon India Large Cap Fund - Regular - Growth,2.974481567418978
118632,2025-08-05,94.0696,0.0077971498299795,Nippon India Large Cap Fund - Regular - Growth,3.0107312466415936
118632,2025-08-06,94.3402,0.0028765935009822,Nippon India Large Cap Fund - Regular - Growth,3.2574107649561577
118632,2025-08-07,93.9808,-0.0038096166851457,Nippon India Large Cap Fund - Regular - Growth,3.2772328863865576
118632,2025-08-08,94.5903,0.0064853672239435,Nippon India Large Cap Fund - Regular - Growth,3.322620597197361
118632,2025-08-11,94.4097,-0.0019092866816152,Nippon India Large Cap Fund - Regular - Growth,3.4389005444079954
118632,2025-08-12,94.1855,-0.0023747559837601,Nippon India Large Cap Fund - Regular - Growth,3.511898578952063
118632,2025-08-13,94.2746,0.0009460054891676,Nippon India Large Cap Fund - Regular - Growth,3.3225150186592987
118632,2025-08-14,94.7096,0.0046141802776145,Nippon India Large Cap Fund - Regular - Growth,3.5067154652978507
118632,2025-08-15,95.0848,0.0039615836198232,Nippon India Large Cap Fund - Regular - Growth,3.423282171760009
118632,2025-08-18,94.8296,-0.0026839200376926,Nippon India Large Cap Fund - Regular - Growth,3.171557448304189
118632,2025-08-19,95.59,0.0080185933505994,Nippon India Large Cap Fund - Regular - Growth,3.4371310049929265
118632,2025-08-20,95.4519,-0.0014447117899363,Nippon India Large Cap Fund - Regular - Growth,3.5635396427770134
118632,2025-08-21,94.9511,-0.0052466215968461,Nippon India Large Cap Fund - Regular - Growth,3.4927198802274737
118632,2025-08-22,93.7781,-0.0123537273396516,Nippon India Large Cap Fund - Regular - Growth,3.412659544885099
118632,2025-08-25,94.6436,0.0092292336910217,Nippon India Large Cap Fund - Regular - Growth,3.543666761875089
118632,2025-08-26,94.7028,0.0006255045243417,Nippon India Large Cap Fund - Regular - Growth,3.5814329653717185
118632,2025-08-27,94.928,0.0023779655934144,Nippon India Large Cap Fund - Regular - Growth,3.5573618034415126
118632,2025-08-28,95.857,0.0097863644024944,Nippon India Large Cap Fund - Regular - Growth,3.511898265373008
118632,2025-08-29,95.5035,-0.0036877849296347,Nippon India Large Cap Fund - Regular - Growth,3.29871196973399
118632,2025-09-01,94.4016,-0.0115377970440874,Nippon India Large Cap Fund - Regular - Growth,2.9619415273212013
118632,2025-09-02,94.5085,0.0011323960610836,Nippon India Large Cap Fund - Regular - Growth,3.3621278080267154
118632,2025-09-03,94.8144,0.0032367459011624,Nippon India Large Cap Fund - Regular - Growth,3.3404788123248315
118632,2025-09-04,94.6437,-0.0018003594390726,Nippon India Large Cap Fund - Regular - Growth,3.0438695186184743
118632,2025-09-05,95.9313,0.013604709029761,Nippon India Large Cap Fund - Regular - Growth,3.9610165341122827
118632,2025-09-08,93.8992,-0.0211828673227612,Nippon India Large Cap Fund - Regular - Growth,3.2875631332897295
118632,2025-09-09,94.8803,0.0104484383253533,Nippon India Large Cap Fund - Regular - Growth,3.490532613477999
118632,2025-09-10,95.5939,0.0075210554772697,Nippon India Large Cap Fund - Regular - Growth,3.780593578164798
118632,2025-09-11,96.0293,0.004554683928577,Nippon India Large Cap Fund - Regular - Growth,3.7278779456438453
118632,2025-09-12,93.2934,-0.0284902628676873,Nippon India Large Cap Fund - Regular - Growth,2.7467605855892847
118632,2025-09-15,94.4044,0.0119086666366536,Nippon India Large Cap Fund - Regular - Growth,2.8175498482851693
118632,2025-09-16,93.602,-0.0084996038320246,Nippon India Large Cap Fund - Regular - Growth,2.698977188828302
118632,2025-09-17,93.2319,-0.0039539753424072,Nippon India Large Cap Fund - Regular - Growth,2.7779483227203214
118632,2025-09-18,93.1398,-0.0009878593056668,Nippon India Large Cap Fund - Regular - Growth,2.7260858237395893
118632,2025-09-19,93.5233,0.0041174664321805,Nippon India Large Cap Fund - Regular - Growth,2.6567292654168875
118632,2025-09-22,94.1007,0.0061738625561758,Nippon India Large Cap Fund - Regular - Growth,2.8224836292850464
118632,2025-09-23,94.8935,0.0084250170296289,Nippon India Large Cap Fund - Regular - Growth,3.0083697544924815
118632,2025-09-24,95.6281,0.007741309994889,Nippon India Large Cap Fund - Regular - Growth,2.771658774634182
118632,2025-09-25,95.8911,0.0027502376393548,Nippon India Large Cap Fund - Regular - Growth,2.645482469990887
118632,2025-09-26,96.2931,0.0041922555899347,Nippon India Large Cap Fund - Regular - Growth,2.5346427571247507
118632,2025-09-29,95.4205,-0.009061916170525,Nippon India Large Cap Fund - Regular - Growth,2.609488846113603
118632,2025-09-30,94.8395,-0.0060888383523457,Nippon India Large Cap Fund - Regular - Growth,2.601151156757807
118632,2025-10-01,95.6407,0.0084479568112441,Nippon India Large Cap Fund - Regular - Growth,2.7317508874698775
118632,2025-10-02,96.3992,0.0079307240536716,Nippon India Large Cap Fund - Regular - Growth,3.0530501881546246
118632,2025-10-03,97.0666,0.0069232939692445,Nippon India Large Cap Fund - Regular - Growth,2.931145422454802
118632,2025-10-06,96.6771,-0.0040127087999373,Nippon India Large Cap Fund - Regular - Growth,2.6191741234015087
118632,2025-10-07,97.5068,0.0085821771650163,Nippon India Large Cap Fund - Regular - Growth,2.8644240056688854
118632,2025-10-08,96.5631,-0.0096782993596343,Nippon India Large Cap Fund - Regular - Growth,2.3734926377308376
118632,2025-10-09,97.5353,0.0100680280562657,Nippon India Large Cap Fund - Regular - Growth,2.548127322424744
118632,2025-10-10,97.3613,-0.0017839694961722,Nippon India Large Cap Fund - Regular - Growth,2.125598847183496
118632,2025-10-13,98.8692,0.0154876732336155,Nippon India Large Cap Fund - Regular - Growth,2.3667509538487272
118632,2025-10-14,97.6018,-0.0128189567630769,Nippon India Large Cap Fund - Regular - Growth,1.975691594050831
118632,2025-10-15,99.1827,0.0161974471782282,Nippon India Large Cap Fund - Regular - Growth,2.027226696237078
118632,2025-10-16,98.9181,-0.0026678039617796,Nippon India Large Cap Fund - Regular - Growth,1.7564177033386288
118632,2025-10-17,98.6384,-0.0028275917147618,Nippon India Large Cap Fund - Regular - Growth,1.6023336740098921
118632,2025-10-20,98.8591,0.0022374653279046,Nippon India Large Cap Fund - Regular - Growth,1.660693323025651
118632,2025-10-21,98.3039,-0.0056160737858224,Nippon India Large Cap Fund - Regular - Growth,1.4484271282512144
118632,2025-10-22,98.2919,-0.0001220704366764,Nippon India Large Cap Fund - Regular - Growth,1.582753832106241
118632,2025-10-23,97.7049,-0.0059720078663654,Nippon India Large Cap Fund - Regular - Growth,1.4240645945826875
118632,2025-10-24,97.1528,-0.0056506889623754,Nippon India Large Cap Fund - Regular - Growth,1.5003629536004677
118632,2025-10-27,97.6212,0.0048212712345914,Nippon India Large Cap Fund - Regular - Growth,1.9253818571672145
118632,2025-10-28,96.8981,-0.0074072025338758,Nippon India Large Cap Fund - Regular - Growth,1.7486278928208068
118632,2025-10-29,96.2935,-0.0062395444286317,Nippon India Large Cap Fund - Regular - Growth,1.3972150148178784
118632,2025-10-30,95.1838,-0.0115241423356715,Nippon India Large Cap Fund - Regular - Growth,0.9855527330804833
118632,2025-10-31,94.8106,-0.0039208352681865,Nippon India Large Cap Fund - Regular - Growth,0.910306541702464
118632,2025-11-03,95.9632,0.0121568685357966,Nippon India Large Cap Fund - Regular - Growth,0.8392321761744217
118632,2025-11-04,95.2991,-0.0069203611384364,Nippon India Large Cap Fund - Regular - Growth,0.7888571346420924
118632,2025-11-05,94.735,-0.0059192584190196,Nippon India Large Cap Fund - Regular - Growth,1.0135011051117335
118632,2025-11-06,94.9461,0.0022283211062437,Nippon India Large Cap Fund - Regular - Growth,1.477798581372808
118632,2025-11-07,94.685,-0.0027499813051826,Nippon India Large Cap Fund - Regular - Growth,1.639741975645836
118632,2025-11-10,96.6138,0.0203707028568409,Nippon India Large Cap Fund - Regular - Growth,1.857352197082342
118632,2025-11-11,96.5252,-0.0009170532574021,Nippon India Large Cap Fund - Regular - Growth,1.9477518229337027
118632,2025-11-12,96.8609,0.0034778482717465,Nippon India Large Cap Fund - Regular - Growth,1.9257674375054121
118632,2025-11-13,97.7209,0.008878711636997,Nippon India Large Cap Fund - Regular - Growth,1.8157684507196354
118632,2025-11-14,98.5718,0.0087074515277694,Nippon India Large Cap Fund - Regular - Growth,2.196024818703683
118632,2025-11-17,98.8258,0.0025768018845147,Nippon India Large Cap Fund - Regular - Growth,2.1524467407033208
118632,2025-11-18,98.7364,-0.0009046220723737,Nippon India Large Cap Fund - Regular - Growth,2.0249696734810128
118632,2025-11-19,100.5665,0.0185352109252514,Nippon India Large Cap Fund - Regular - Growth,2.5157050366637512
118632,2025-11-20,100.5299,-0.0003639382895895,Nippon India Large Cap Fund - Regular - Growth,2.2716375399215263
118632,2025-11-21,100.1908,-0.0033731258063521,Nippon India Large Cap Fund - Regular - Growth,2.241637503807092
118632,2025-11-24,99.6731,-0.0051671410947909,Nippon India Large Cap Fund - Regular - Growth,2.189708406981222
118632,2025-11-25,98.2174,-0.014604742904555,Nippon India Large Cap Fund - Regular - Growth,1.496933876651235
118632,2025-11-26,98.9827,0.0077918983805314,Nippon India Large Cap Fund - Regular - Growth,1.5486882530339061
118632,2025-11-27,97.0041,-0.0199893516745855,Nippon India Large Cap Fund - Regular - Growth,0.9245627147188339
118632,2025-11-28,97.0492,0.0004649288019784,Nippon India Large Cap Fund - Regular - Growth,0.6871785930233077
118632,2025-12-01,96.924,-0.0012900673060673,Nippon India Large Cap Fund - Regular - Growth,0.7691634270022681
118632,2025-12-02,98.9088,0.020477900210474,Nippon India Large Cap Fund - Regular - Growth,0.9320030435472996
118632,2025-12-03,97.3741,-0.0155163140185706,Nippon India Large Cap Fund - Regular - Growth,0.68653967492257
118632,2025-12-04,96.6532,-0.0074034060391828,Nippon India Large Cap Fund - Regular - Growth,0.6229969718595074
118632,2025-12-05,96.587,-0.0006849230030665,Nippon India Large Cap Fund - Regular - Growth,0.6467794046181147
118632,2025-12-08,96.4687,-0.0012248025096545,Nippon India Large Cap Fund - Regular - Growth,0.7217816430930465
118632,2025-12-09,96.0518,-0.0043216089778342,Nippon India Large Cap Fund - Regular - Growth,0.4833148503354473
118632,2025-12-10,96.0328,-0.0001978099317243,Nippon India Large Cap Fund - Regular - Growth,0.4225783443939271
118632,2025-12-11,95.0209,-0.0105370248498429,Nippon India Large Cap Fund - Regular - Growth,0.28715795322847265
118632,2025-12-12,95.3699,0.0036728761777673,Nippon India Large Cap Fund - Regular - Growth,0.23222653555255063
118632,2025-12-15,93.4854,-0.019759903281853,Nippon India Large Cap Fund - Regular - Growth,-0.11682580469453735
118632,2025-12-16,93.5124,0.0002888151518847,Nippon India Large Cap Fund - Regular - Growth,-0.06567320215693172
118632,2025-12-17,93.0666,-0.0047672822000077,Nippon India Large Cap Fund - Regular - Growth,-0.1752365831024094
118632,2025-12-18,93.9529,0.0095232876241315,Nippon India Large Cap Fund - Regular - Growth,-0.08064058358511925
118632,2025-12-19,95.4679,0.0161251009814491,Nippon India Large Cap Fund - Regular - Growth,0.149351760939915
118632,2025-12-22,95.2387,-0.0024008069728149,Nippon India Large Cap Fund - Regular - Growth,0.15469023806362964
118632,2025-12-23,96.4637,0.0128624183236436,Nippon India Large Cap Fund - Regular - Growth,0.24422906200058628
118632,2025-12-24,96.2448,-0.0022692473956524,Nippon India Large Cap Fund - Regular - Growth,0.22877330844020707
118632,2025-12-25,95.4775,-0.0079723787674761,Nippon India Large Cap Fund - Regular - Growth,0.1774373094669202
118632,2025-12-26,97.009,0.0160404283731767,Nippon India Large Cap Fund - Regular - Growth,0.702765937172281
118632,2025-12-29,97.5059,0.0051222051562225,Nippon India Large Cap Fund - Regular - Growth,0.6288129925404452
118632,2025-12-30,97.56,0.0005548382200462,Nippon India Large Cap Fund - Regular - Growth,0.6274997525182467
118632,2025-12-31,98.2037,0.0065979909799096,Nippon India Large Cap Fund - Regular - Growth,0.704477042853067
118632,2026-01-01,98.4923,0.0029387894753456,Nippon India Large Cap Fund - Regular - Growth,0.5803457293606264
118632,2026-01-02,98.483,-9.442362499401112e-05,Nippon India Large Cap Fund - Regular - Growth,0.6480438503880791
118632,2026-01-05,97.3878,-0.0111207010346964,Nippon India Large Cap Fund - Regular - Growth,0.656237153464983
118632,2026-01-06,97.2059,-0.0018677904213875,Nippon India Large Cap Fund - Regular - Growth,0.6000061995493331
118632,2026-01-07,97.7921,0.0060304981487748,Nippon India Large Cap Fund - Regular - Growth,0.6512203577380892
118632,2026-01-08,97.7367,-0.0005665079285546,Nippon India Large Cap Fund - Regular - Growth,0.6744006821361017
118632,2026-01-09,98.5684,0.0085095977253171,Nippon India Large Cap Fund - Regular - Growth,0.583343295381697
118632,2026-01-12,98.9535,0.0039069316332618,Nippon India Large Cap Fund - Regular - Growth,1.08688585566249
118632,2026-01-13,98.2408,-0.0072023728316836,Nippon India Large Cap Fund - Regular - Growth,0.7471259048223009
118632,2026-01-14,97.1546,-0.0110565060545109,Nippon India Large Cap Fund - Regular - Growth,0.3844876396446924
118632,2026-01-15,97.0701,-0.0008697478040154,Nippon India Large Cap Fund - Regular - Growth,0.28008427835510513
118632,2026-01-16,96.6722,-0.0040990995167409,Nippon India Large Cap Fund - Regular - Growth,0.796386461760873
118632,2026-01-19,97.0094,0.0034880761997762,Nippon India Large Cap Fund - Regular - Growth,0.6298058211851453
118632,2026-01-20,96.4466,-0.0058014996484876,Nippon India Large Cap Fund - Regular - Growth,0.68774982292425
118632,2026-01-21,95.9741,-0.0048990840527296,Nippon India Large Cap Fund - Regular - Growth,0.6676763282071593
118632,2026-01-22,96.9196,0.0098516162172919,Nippon India Large Cap Fund - Regular - Growth,0.8863932148157598
118632,2026-01-23,97.0964,0.0018241924234108,Nippon India Large Cap Fund - Regular - Growth,0.839914998848994
118632,2026-01-26,96.5463,-0.005665503561409,Nippon India Large Cap Fund - Regular - Growth,0.5957900467705969
118632,2026-01-27,96.6112,0.0006722163355818,Nippon India Large Cap Fund - Regular - Growth,0.43829195982740077
118632,2026-01-28,97.8437,0.0127573200622701,Nippon India Large Cap Fund - Regular - Growth,0.5380059601838049
118632,2026-01-29,98.1481,0.003111084310998,Nippon India Large Cap Fund - Regular - Growth,0.5453419217604794
118632,2026-01-30,98.7136,0.0057617009397024,Nippon India Large Cap Fund - Regular - Growth,0.5769433171377363
118632,2026-02-02,98.1115,-0.0060994634984439,Nippon India Large Cap Fund - Regular - Growth,0.6400280273963628
118632,2026-02-03,99.0548,0.0096145711766713,Nippon India Large Cap Fund - Regular - Growth,0.9603995836952643
118632,2026-02-04,101.1528,0.0211801952050783,Nippon India Large Cap Fund - Regular - Growth,1.1894547507108122
118632,2026-02-05,100.5011,-0.0064427282289764,Nippon India Large Cap Fund - Regular - Growth,0.9024688216358056
118632,2026-02-06,99.5103,-0.0098585985626027,Nippon India Large Cap Fund - Regular - Growth,0.5643669795778009
118632,2026-02-09,99.7159,0.0020661177787626,Nippon India Large Cap Fund - Regular - Growth,0.6861496982992662
118632,2026-02-10,100.5406,0.0082704964805009,Nippon India Large Cap Fund - Regular - Growth,0.6801834940539959
118632,2026-02-11,100.5115,-0.0002894353126995,Nippon India Large Cap Fund - Regular - Growth,0.873741134365101
118632,2026-02-12,99.6336,-0.0087343239330822,Nippon India Large Cap Fund - Regular - Growth,0.49655881873511026
118632,2026-02-13,99.5896,-0.0004416180886769,Nippon India Large Cap Fund - Regular - Growth,0.5236791661030774
118632,2026-02-16,100.1679,0.00580683123539,Nippon India Large Cap Fund - Regular - Growth,0.3340198861767914
118632,2026-02-17,99.8605,-0.0030688474052066,Nippon India Large Cap Fund - Regular - Growth,0.5394796113734717
118632,2026-02-18,100.4486,0.0058892154555605,Nippon India Large Cap Fund - Regular - Growth,0.3323271831437883
118632,2026-02-19,101.538,0.0108453477699042,Nippon India Large Cap Fund - Regular - Growth,0.6113112064365983
118632,2026-02-20,101.8059,0.0026384210837322,Nippon India Large Cap Fund - Regular - Growth,0.7255383921956844
118632,2026-02-23,101.8333,0.0002691396078222,Nippon India Large Cap Fund - Regular - Growth,0.6846758671822909
118632,2026-02-24,102.6338,0.0078608863701754,Nippon India Large Cap Fund - Regular - Growth,0.9644128769192764
118632,2026-02-25,101.9144,-0.0070093867712195,Nippon India Large Cap Fund - Regular - Growth,0.817392171380394
118632,2026-02-26,101.112,-0.0078732740417448,Nippon India Large Cap Fund - Regular - Growth,0.7762770783643219
118632,2026-02-27,100.9267,-0.0018326212516812,Nippon India Large Cap Fund - Regular - Growth,0.8574103949362698
118632,2026-03-02,100.5417,-0.0038146496417695,Nippon India Large Cap Fund - Regular - Growth,0.6783324036851243
118632,2026-03-03,99.8834,-0.0065475320190528,Nippon India Large Cap Fund - Regular - Growth,0.6968539426153231
118632,2026-03-04,101.5613,0.0167985871526199,Nippon India Large Cap Fund - Regular - Growth,1.1556809308005
118632,2026-03-05,103.5789,0.019865834722478,Nippon India Large Cap Fund - Regular - Growth,1.7687781734410417
118632,2026-03-06,103.3095,-0.0026009158235895,Nippon India Large Cap Fund - Regular - Growth,1.796784518917535
118632,2026-03-09,103.4465,0.0013261123130012,Nippon India Large Cap Fund - Regular - Growth,1.5935911356266281
118632,2026-03-10,103.3286,-0.0011397195651858,Nippon India Large Cap Fund - Regular - Growth,1.7183020126403115
118632,2026-03-11,104.3966,0.0103359573244969,Nippon India Large Cap Fund - Regular - Growth,2.0439393251515847
118632,2026-03-12,105.6601,0.0121028845767006,Nippon India Large Cap Fund - Regular - Growth,2.2251682994907687
118632,2026-03-13,104.0706,-0.0150435216321014,Nippon India Large Cap Fund - Regular - Growth,1.9424152443768905
118632,2026-03-16,104.5623,0.0047246772863804,Nippon India Large Cap Fund - Regular - Growth,1.676016188156461
118632,2026-03-17,103.4175,-0.0109484967335262,Nippon India Large Cap Fund - Regular - Growth,1.4573280730504257
118632,2026-03-18,105.0878,0.0161510382672178,Nippon India Large Cap Fund - Regular - Growth,1.6846983211699929
118632,2026-03-19,105.5511,0.0044086944440744,Nippon India Large Cap Fund - Regular - Growth,1.6020021788289647
118632,2026-03-20,104.8415,-0.0067228100891417,Nippon India Large Cap Fund - Regular - Growth,1.2958779984180715
118632,2026-03-23,104.6726,-0.0016110032763743,Nippon India Large Cap Fund - Regular - Growth,1.2124626044124993
118632,2026-03-24,104.46,-0.0020310950525734,Nippon India Large Cap Fund - Regular - Growth,1.1896611562428647
118632,2026-03-25,104.9991,0.0051608271108558,Nippon India Large Cap Fund - Regular - Growth,0.9443921090298834
118632,2026-03-26,106.023,0.0097515121558184,Nippon India Large Cap Fund - Regular - Growth,1.1427844940202383
118632,2026-03-27,105.009,-0.0095639625364307,Nippon India Large Cap Fund - Regular - Growth,1.0113198681682591
118632,2026-03-30,106.7808,0.0168728394709025,Nippon India Large Cap Fund - Regular - Growth,1.4299287726961654
118632,2026-03-31,108.3595,0.014784493092391,Nippon India Large Cap Fund - Regular - Growth,2.0172521274747868
118632,2026-04-01,107.5817,-0.0071779585546259,Nippon India Large Cap Fund - Regular - Growth,1.7180495905017266
118632,2026-04-02,107.7064,0.0011591190695072,Nippon India Large Cap Fund - Regular - Growth,2.2065847875409053
118632,2026-04-03,109.4002,0.0157260849865932,Nippon India Large Cap Fund - Regular - Growth,2.4797776731500263
118632,2026-04-06,110.6533,0.0114542752207034,Nippon India Large Cap Fund - Regular - Growth,2.7177493463794757
118632,2026-04-07,110.3821,-0.0024508984368293,Nippon India Large Cap Fund - Regular - Growth,2.3188924407413256
118632,2026-04-08,111.235,0.0077267962830931,Nippon India Large Cap Fund - Regular - Growth,2.8490263246565353
118632,2026-04-09,114.2734,0.0273151436148693,Nippon India Large Cap Fund - Regular - Growth,3.4232518189069747
118632,2026-04-10,114.4385,0.0014447806751178,Nippon India Large Cap Fund - Regular - Growth,3.467507684823819
118632,2026-04-13,113.8605,-0.0050507477815595,Nippon India Large Cap Fund - Regular - Growth,3.3814807502994473
118632,2026-04-14,114.0926,0.0020384593427922,Nippon India Large Cap Fund - Regular - Growth,3.518328731485243
118632,2026-04-15,114.4,0.0026943026979839,Nippon India Large Cap Fund - Regular - Growth,3.577312119365449
118632,2026-04-16,113.9307,-0.0041022727272728,Nippon India Large Cap Fund - Regular - Growth,3.7388784211390296
118632,2026-04-17,114.4343,0.0044202308947456,Nippon India Large Cap Fund - Regular - Growth,3.753156830464748
118632,2026-04-20,113.2338,-0.010490735732206,Nippon India Large Cap Fund - Regular - Growth,4.036601286859465
118632,2026-04-21,112.6292,-0.0053393951276032,Nippon India Large Cap Fund - Regular - Growth,3.9043281771853673
118632,2026-04-22,113.4434,0.0072290311926215,Nippon India Large Cap Fund - Regular - Growth,4.158771662218301
118632,2026-04-23,111.7588,-0.0148496959717356,Nippon India Large Cap Fund - Regular - Growth,3.5919209512679195
118632,2026-04-24,112.7107,0.0085174500799938,Nippon India Large Cap Fund - Regular - Growth,3.4787275857749367
118632,2026-04-27,110.7855,-0.0170808982643174,Nippon India Large Cap Fund - Regular - Growth,3.0984683904610866
118632,2026-04-28,109.1631,-0.0146445157534154,Nippon India Large Cap Fund - Regular - Growth,2.5232437342726097
118632,2026-04-29,108.7398,-0.0038776839426509,Nippon India Large Cap Fund - Regular - Growth,2.48881175205581
118632,2026-04-30,109.0715,0.0030504010491099,Nippon India Large Cap Fund - Regular - Growth,2.723840188384751
118632,2026-05-01,110.4108,0.0122791013234437,Nippon India Large Cap Fund - Regular - Growth,2.6671662185399234
118632,2026-05-04,110.5239,0.0010243563129694,Nippon India Large Cap Fund - Regular - Growth,2.587439423364698
118632,2026-05-05,110.3407,-0.0016575600390503,Nippon India Large Cap Fund - Regular - Growth,2.541390707498927
118632,2026-05-06,110.9634,0.0056434298495477,Nippon India Large Cap Fund - Regular - Growth,2.52388571869262
118632,2026-05-07,110.1712,-0.00713929097342,Nippon India Large Cap Fund - Regular - Growth,2.309827995137531
118632,2026-05-08,110.3637,0.0017472805960176,Nippon India Large Cap Fund - Regular - Growth,2.3469250282731013
118632,2026-05-11,109.2587,-0.0100123500752511,Nippon India Large Cap Fund - Regular - Growth,2.3735897345053143
118632,2026-05-12,109.3948,0.0012456673930771,Nippon India Large Cap Fund - Regular - Growth,2.4377455788039337
118632,2026-05-13,109.326,-0.0006289147198953,Nippon India Large Cap Fund - Regular - Growth,2.307383909980928
118632,2026-05-14,108.6093,-0.0065556226332252,Nippon India Large Cap Fund - Regular - Growth,2.1781052751739467
118632,2026-05-15,108.8236,0.001973127531436,Nippon India Large Cap Fund - Regular - Growth,2.0553803684714476
118632,2026-05-18,109.0321,0.0019159447031709,Nippon India Large Cap Fund - Regular - Growth,2.0164819606774924
118632,2026-05-19,110.2251,0.0109417318386053,Nippon India Large Cap Fund - Regular - Growth,2.3765546250748453
118632,2026-05-20,108.7314,-0.0135513598989703,Nippon India Large Cap Fund - Regular - Growth,2.3151994799750217
118632,2026-05-21,108.7145,-0.000155428882549,Nippon India Large Cap Fund - Regular - Growth,2.3298734663798943
118632,2026-05-22,108.0438,-0.0061693702312018,Nippon India Large Cap Fund - Regular - Growth,2.284231461554653
118632,2026-05-25,108.9319,0.0082198145566889,Nippon India Large Cap Fund - Regular - Growth,2.371114923046224
118632,2026-05-26,109.7152,0.0071907310897909,Nippon India Large Cap Fund - Regular - Growth,2.632350308776752
118632,2026-05-27,110.2646,0.0050075103540805,Nippon India Large Cap Fund - Regular - Growth,2.835086313109553
118632,2026-05-28,109.6388,-0.0056754388987942,Nippon India Large Cap Fund - Regular - Growth,2.529270779043786
118632,2026-05-29,110.5554,0.0083601790606975,Nippon India Large Cap Fund - Regular - Growth,2.650523579194245
